surface_id,name,category,subcategory,family_group,grouping_reason,grouping_reviewed,grouping_scope,manufacturing_relationships,review_note
0,Nyatoh,Wood,,specimen_0,No explicit shared name or declared uncertainty block found in complete metadata; singleton does not establish manufacturing independence,True,metadata_names_only,unknown,
1,Castor aralia,Wood,,specimen_1,No explicit shared name or declared uncertainty block found in complete metadata; singleton does not establish manufacturing independence,True,metadata_names_only,unknown,
2,Elm,Wood,,specimen_2,No explicit shared name or declared uncertainty block found in complete metadata; singleton does not establish manufacturing independence,True,metadata_names_only,unknown,
3,Red oak,Wood,,oak_names,"Oak, red oak and white oak: conservative name-related block; species/lot independence unverified",True,metadata_names_only,unknown,
4,Oak,Wood,,oak_names,"Oak, red oak and white oak: conservative name-related block; species/lot independence unverified",True,metadata_names_only,unknown,
5,Ash,Wood,,ash_names,"Ash, duplicated white ash and laminated ash: conservative name-related block",True,metadata_names_only,unknown,
6,Black cherry,Wood,,cherry_names,"Three cherry names: conservative block, not a taxonomic or manufacturing assertion",True,metadata_names_only,unknown,
7,Hard maple,Wood,,specimen_7,No explicit shared name or declared uncertainty block found in complete metadata; singleton does not establish manufacturing independence,True,metadata_names_only,unknown,
8,White ash,Wood,,ash_names,"Ash, duplicated white ash and laminated ash: conservative name-related block",True,metadata_names_only,unknown,
9,Birch,Wood,,specimen_9,No explicit shared name or declared uncertainty block found in complete metadata; singleton does not establish manufacturing independence,True,metadata_names_only,unknown,
10,Poplar,Wood,,specimen_10,No explicit shared name or declared uncertainty block found in complete metadata; singleton does not establish manufacturing independence,True,metadata_names_only,unknown,
11,Basswood,Wood,,specimen_11,No explicit shared name or declared uncertainty block found in complete metadata; singleton does not establish manufacturing independence,True,metadata_names_only,unknown,
12,Beech,Wood,,specimen_12,No explicit shared name or declared uncertainty block found in complete metadata; singleton does not establish manufacturing independence,True,metadata_names_only,unknown,
13,White ash,Wood,,ash_names,"Ash, duplicated white ash and laminated ash: conservative name-related block",True,metadata_names_only,unknown,
14,Zelkova,Wood,,specimen_14,No explicit shared name or declared uncertainty block found in complete metadata; singleton does not establish manufacturing independence,True,metadata_names_only,unknown,
15,Wild cherry tree,Wood,,cherry_names,"Three cherry names: conservative block, not a taxonomic or manufacturing assertion",True,metadata_names_only,unknown,
16,Silver cherry,Wood,,cherry_names,"Three cherry names: conservative block, not a taxonomic or manufacturing assertion",True,metadata_names_only,unknown,
17,"Japanese cypress, Hinoki",Wood,,hinoki_names,Hinoki and laminated Hinoki,True,metadata_names_only,unknown,
18,Chestnut,Wood,,specimen_18,No explicit shared name or declared uncertainty block found in complete metadata; singleton does not establish manufacturing independence,True,metadata_names_only,unknown,
19,Cedar,Wood,,cedar_names,Cedar and laminated cedar,True,metadata_names_only,unknown,
20,Zebra,Wood,,specimen_20,No explicit shared name or declared uncertainty block found in complete metadata; singleton does not establish manufacturing independence,True,metadata_names_only,unknown,
21,Wenge,Wood,,specimen_21,No explicit shared name or declared uncertainty block found in complete metadata; singleton does not establish manufacturing independence,True,metadata_names_only,unknown,
22,Eucalyptus,Wood,,specimen_22,No explicit shared name or declared uncertainty block found in complete metadata; singleton does not establish manufacturing independence,True,metadata_names_only,unknown,
23,Teak,Wood,,specimen_23,No explicit shared name or declared uncertainty block found in complete metadata; singleton does not establish manufacturing independence,True,metadata_names_only,unknown,
24,Mahogany,Wood,,specimen_24,No explicit shared name or declared uncertainty block found in complete metadata; singleton does not establish manufacturing independence,True,metadata_names_only,unknown,
25,Sapele,Wood,,specimen_25,No explicit shared name or declared uncertainty block found in complete metadata; singleton does not establish manufacturing independence,True,metadata_names_only,unknown,
26,Western hemlock,Wood,,specimen_26,No explicit shared name or declared uncertainty block found in complete metadata; singleton does not establish manufacturing independence,True,metadata_names_only,unknown,
27,Douglas fir,Wood,,specimen_27,No explicit shared name or declared uncertainty block found in complete metadata; singleton does not establish manufacturing independence,True,metadata_names_only,unknown,
28,Radiata pine,Wood,,pine_names,Two explicit pine names; ambiguous North pipe is not silently renamed,True,metadata_names_only,unknown,
29,Walnut,Wood,,specimen_29,No explicit shared name or declared uncertainty block found in complete metadata; singleton does not establish manufacturing independence,True,metadata_names_only,unknown,
30,Acacia,Wood,,specimen_30,No explicit shared name or declared uncertainty block found in complete metadata; singleton does not establish manufacturing independence,True,metadata_names_only,unknown,
31,North pipe,Wood,,specimen_31,No explicit shared name or declared uncertainty block found in complete metadata; singleton does not establish manufacturing independence,True,metadata_names_only,unknown,Source label North pipe is ambiguous; preserve verbatim rather than infer pine
32,Gumwood,Wood,,specimen_32,No explicit shared name or declared uncertainty block found in complete metadata; singleton does not establish manufacturing independence,True,metadata_names_only,unknown,
33,White oak,Wood,,oak_names,"Oak, red oak and white oak: conservative name-related block; species/lot independence unverified",True,metadata_names_only,unknown,
34,Ash (laminated timber),Wood,,ash_names,"Ash, duplicated white ash and laminated ash: conservative name-related block",True,metadata_names_only,unknown,
35,Merkusii pine,Wood,,pine_names,Two explicit pine names; ambiguous North pipe is not silently renamed,True,metadata_names_only,unknown,
36,"Japanese cypress, Hinoki (laminated timber)",Wood,,hinoki_names,Hinoki and laminated Hinoki,True,metadata_names_only,unknown,
37,Cedar (laminated timber),Wood,,cedar_names,Cedar and laminated cedar,True,metadata_names_only,unknown,
38,Granite,Stones,Ignetious,specimen_38,No explicit shared name or declared uncertainty block found in complete metadata; singleton does not establish manufacturing independence,True,metadata_names_only,unknown,
39,Basalt,Stones,Ignetious,specimen_39,No explicit shared name or declared uncertainty block found in complete metadata; singleton does not establish manufacturing independence,True,metadata_names_only,unknown,
40,Oya stone,Stones,Ignetious,specimen_40,No explicit shared name or declared uncertainty block found in complete metadata; singleton does not establish manufacturing independence,True,metadata_names_only,unknown,
41,Plutonic rock,Stones,Ignetious,specimen_41,No explicit shared name or declared uncertainty block found in complete metadata; singleton does not establish manufacturing independence,True,metadata_names_only,unknown,
42,Towada stone,Stones,Ignetious,specimen_42,No explicit shared name or declared uncertainty block found in complete metadata; singleton does not establish manufacturing independence,True,metadata_names_only,unknown,
43,Andesite,Stones,Ignetious,specimen_43,No explicit shared name or declared uncertainty block found in complete metadata; singleton does not establish manufacturing independence,True,metadata_names_only,unknown,
44,Limestone,Stones,Sediments,specimen_44,No explicit shared name or declared uncertainty block found in complete metadata; singleton does not establish manufacturing independence,True,metadata_names_only,unknown,
45,Travertine,Stones,Sediments,specimen_45,No explicit shared name or declared uncertainty block found in complete metadata; singleton does not establish manufacturing independence,True,metadata_names_only,unknown,
46,Natural slate,Stones,Metamorphs,specimen_46,No explicit shared name or declared uncertainty block found in complete metadata; singleton does not establish manufacturing independence,True,metadata_names_only,unknown,
47,Marble,Stones,Metamorphs,specimen_47,No explicit shared name or declared uncertainty block found in complete metadata; singleton does not establish manufacturing independence,True,metadata_names_only,unknown,
48,Concrete,Stones,Cement,specimen_48,No explicit shared name or declared uncertainty block found in complete metadata; singleton does not establish manufacturing independence,True,metadata_names_only,unknown,
49,Polyethylene (high density),Polymers,Thermoplasts,polyethylene,High- and low-density polyethylene; extends the pilot's declared grouping,True,metadata_names_only,unknown,
50,Polyethylene (low density),Polymers,Thermoplasts,polyethylene,High- and low-density polyethylene; extends the pilot's declared grouping,True,metadata_names_only,unknown,
51,Polypropylene,Polymers,Thermoplasts,specimen_51,No explicit shared name or declared uncertainty block found in complete metadata; singleton does not establish manufacturing independence,True,metadata_names_only,unknown,
52,Styrofoam,Polymers,Thermoplasts,specimen_52,No explicit shared name or declared uncertainty block found in complete metadata; singleton does not establish manufacturing independence,True,metadata_names_only,unknown,
53,ABS(Acrylonitrile Butadiene Styrene),Polymers,Thermoplasts,specimen_53,No explicit shared name or declared uncertainty block found in complete metadata; singleton does not establish manufacturing independence,True,metadata_names_only,unknown,
54,Vinyl chloride,Polymers,Thermoplasts,specimen_54,No explicit shared name or declared uncertainty block found in complete metadata; singleton does not establish manufacturing independence,True,metadata_names_only,unknown,
55,Polymethyl methacrylate,Polymers,Thermoplasts,specimen_55,No explicit shared name or declared uncertainty block found in complete metadata; singleton does not establish manufacturing independence,True,metadata_names_only,unknown,
56,Polytetrafluoroethylene,Polymers,Thermoplasts,specimen_56,No explicit shared name or declared uncertainty block found in complete metadata; singleton does not establish manufacturing independence,True,metadata_names_only,unknown,
57,Polyethylene terephthalate,Polymers,Thermoplasts,specimen_57,No explicit shared name or declared uncertainty block found in complete metadata; singleton does not establish manufacturing independence,True,metadata_names_only,unknown,
58,Ppolylactic acid,Polymers,Thermoplasts,specimen_58,No explicit shared name or declared uncertainty block found in complete metadata; singleton does not establish manufacturing independence,True,metadata_names_only,unknown,Source spelling Ppolylactic acid preserved; chemical identity not independently verified
59,Paper phenol,Polymers,Thermoplasts,phenol_names,Paper phenol and linen phenol: conservative shared-name block; matrix/filler details unknown,True,metadata_names_only,unknown,
60,Linen phenol,Polymers,Thermoplasts,phenol_names,Paper phenol and linen phenol: conservative shared-name block; matrix/filler details unknown,True,metadata_names_only,unknown,
61,Melamine sponge,Polymers,Thermoplasts,specimen_61,No explicit shared name or declared uncertainty block found in complete metadata; singleton does not establish manufacturing independence,True,metadata_names_only,unknown,
62,Polyurethane sponge,Polymers,Elastomers,specimen_62,No explicit shared name or declared uncertainty block found in complete metadata; singleton does not establish manufacturing independence,True,metadata_names_only,unknown,
63,Silicon,Polymers,Elastomers,specimen_63,No explicit shared name or declared uncertainty block found in complete metadata; singleton does not establish manufacturing independence,True,metadata_names_only,unknown,Source label Silicon is ambiguous in an elastomer subcategory; do not silently infer silicone
64,Carbon fiber,Polymers,Carbon Fibers,specimen_64,No explicit shared name or declared uncertainty block found in complete metadata; singleton does not establish manufacturing independence,True,metadata_names_only,unknown,
65,Stainless steel,Metals,Ferrous,steel_names,Stainless steel and steel: conservative named-variant block; alloy/lot details unknown,True,metadata_names_only,unknown,
66,Steel,Metals,Ferrous,steel_names,Stainless steel and steel: conservative named-variant block; alloy/lot details unknown,True,metadata_names_only,unknown,
67,Cast iron,Metals,Ferrous,specimen_67,No explicit shared name or declared uncertainty block found in complete metadata; singleton does not establish manufacturing independence,True,metadata_names_only,unknown,
68,Aluminum,Metals,Non-Ferrous,specimen_68,No explicit shared name or declared uncertainty block found in complete metadata; singleton does not establish manufacturing independence,True,metadata_names_only,unknown,
69,Lead,Metals,Non-Ferrous,specimen_69,No explicit shared name or declared uncertainty block found in complete metadata; singleton does not establish manufacturing independence,True,metadata_names_only,unknown,
70,Copper,Metals,Non-Ferrous,specimen_70,No explicit shared name or declared uncertainty block found in complete metadata; singleton does not establish manufacturing independence,True,metadata_names_only,unknown,
71,Brass,Metals,Alloys,specimen_71,No explicit shared name or declared uncertainty block found in complete metadata; singleton does not establish manufacturing independence,True,metadata_names_only,unknown,
72,Bronze,Metals,Alloys,specimen_72,No explicit shared name or declared uncertainty block found in complete metadata; singleton does not establish manufacturing independence,True,metadata_names_only,unknown,
73,Titanium,Metals,Alloys,specimen_73,No explicit shared name or declared uncertainty block found in complete metadata; singleton does not establish manufacturing independence,True,metadata_names_only,unknown,
74,Float glass,Glass,Crafted Glasses,glass_finishes,"Float, duplicated frosted and haze glass; extends the pilot's declared grouping",True,metadata_names_only,unknown,
75,Frosted glass,Glass,Crafted Glasses,glass_finishes,"Float, duplicated frosted and haze glass; extends the pilot's declared grouping",True,metadata_names_only,unknown,
76,Frosted glass,Glass,Crafted Glasses,glass_finishes,"Float, duplicated frosted and haze glass; extends the pilot's declared grouping",True,metadata_names_only,unknown,
77,Glass (haze),Glass,Crafted Glasses,glass_finishes,"Float, duplicated frosted and haze glass; extends the pilot's declared grouping",True,metadata_names_only,unknown,
78,Obsidian,Glass,Natural Glasses,specimen_78,No explicit shared name or declared uncertainty block found in complete metadata; singleton does not establish manufacturing independence,True,metadata_names_only,unknown,Obsidian is the sole fresh eligible Glass specimen after the exposed manufactured-glass block is excluded
79,Linoleum,Composites,Organic - Polymers,specimen_79,No explicit shared name or declared uncertainty block found in complete metadata; singleton does not establish manufacturing independence,True,metadata_names_only,unknown,
80,Tar paper,Composites,Polymer - Stone,specimen_80,No explicit shared name or declared uncertainty block found in complete metadata; singleton does not establish manufacturing independence,True,metadata_names_only,unknown,
81,Sandpaper,Composites,Wood - Stone,specimen_81,No explicit shared name or declared uncertainty block found in complete metadata; singleton does not establish manufacturing independence,True,metadata_names_only,unknown,
82,Alumina,Ceramics,,specimen_82,No explicit shared name or declared uncertainty block found in complete metadata; singleton does not establish manufacturing independence,True,metadata_names_only,unknown,
83,Porcelain,Ceramics,Stoneware,porcelain_names,Porcelain and earth style porcelain: conservative shared-name block,True,metadata_names_only,unknown,
84,Terracotta,Ceramics,Earthenware,specimen_84,No explicit shared name or declared uncertainty block found in complete metadata; singleton does not establish manufacturing independence,True,metadata_names_only,unknown,
85,Brick,Ceramics,,specimen_85,No explicit shared name or declared uncertainty block found in complete metadata; singleton does not establish manufacturing independence,True,metadata_names_only,unknown,
86,Earth style porcelain,Ceramics,Stoneware,porcelain_names,Porcelain and earth style porcelain: conservative shared-name block,True,metadata_names_only,unknown,
87,Jute,Biodegradable,Natural Fibers,specimen_87,No explicit shared name or declared uncertainty block found in complete metadata; singleton does not establish manufacturing independence,True,metadata_names_only,unknown,
88,Cotton,Biodegradable,Natural Fibers,cotton_linen_textiles,"Duplicate cotton, cotton constructions, linen and cotton-linen mixture; connected textile-name block across metadata categories",True,metadata_names_only,unknown,
89,Wool felt,Biodegradable,Fur,wool_textiles,Wool felt and wool: shared fiber name across metadata categories,True,metadata_names_only,unknown,
90,Sheep fur,Biodegradable,Fur,specimen_90,No explicit shared name or declared uncertainty block found in complete metadata; singleton does not establish manufacturing independence,True,metadata_names_only,unknown,
91,Rabbit fur,Biodegradable,Fur,specimen_91,No explicit shared name or declared uncertainty block found in complete metadata; singleton does not establish manufacturing independence,True,metadata_names_only,unknown,
92,Cow fur,Biodegradable,Fur,cow_names,"Cow fur, cow skin and cow leather: conservative source-name block, not verified same animal/lot",True,metadata_names_only,unknown,
93,Goat skin,Biodegradable,Animal Skin,specimen_93,No explicit shared name or declared uncertainty block found in complete metadata; singleton does not establish manufacturing independence,True,metadata_names_only,unknown,
94,Horse skin,Biodegradable,Animal Skin,specimen_94,No explicit shared name or declared uncertainty block found in complete metadata; singleton does not establish manufacturing independence,True,metadata_names_only,unknown,
95,Crocodile skin,Biodegradable,Animal Skin,specimen_95,No explicit shared name or declared uncertainty block found in complete metadata; singleton does not establish manufacturing independence,True,metadata_names_only,unknown,
96,Cow skin,Biodegradable,Animal Skin,cow_names,"Cow fur, cow skin and cow leather: conservative source-name block, not verified same animal/lot",True,metadata_names_only,unknown,
97,Cow leather,Biodegradable,Animal Skin,cow_names,"Cow fur, cow skin and cow leather: conservative source-name block, not verified same animal/lot",True,metadata_names_only,unknown,
98,Snake skin,Biodegradable,Animal Skin,specimen_98,No explicit shared name or declared uncertainty block found in complete metadata; singleton does not establish manufacturing independence,True,metadata_names_only,unknown,
99,Ray skin,Biodegradable,Animal Skin,specimen_99,No explicit shared name or declared uncertainty block found in complete metadata; singleton does not establish manufacturing independence,True,metadata_names_only,unknown,
100,Lizard skin,Biodegradable,Animal Skin,specimen_100,No explicit shared name or declared uncertainty block found in complete metadata; singleton does not establish manufacturing independence,True,metadata_names_only,unknown,
101,Seal skin,Biodegradable,Animal Skin,specimen_101,No explicit shared name or declared uncertainty block found in complete metadata; singleton does not establish manufacturing independence,True,metadata_names_only,unknown,
102,Velvet,Cloths,,unknown_fiber_cloth,Construction-only cloth names have unspecified fibers/suppliers; conservative uncertainty block with exposed velvet/corduroy,True,metadata_names_only,unknown,
103,Corduroy,Cloths,,unknown_fiber_cloth,Construction-only cloth names have unspecified fibers/suppliers; conservative uncertainty block with exposed velvet/corduroy,True,metadata_names_only,unknown,
104,Cotton,Cloths,,cotton_linen_textiles,"Duplicate cotton, cotton constructions, linen and cotton-linen mixture; connected textile-name block across metadata categories",True,metadata_names_only,unknown,
105,Cotton broadcloth,Cloths,,cotton_linen_textiles,"Duplicate cotton, cotton constructions, linen and cotton-linen mixture; connected textile-name block across metadata categories",True,metadata_names_only,unknown,
106,Cotton gauze,Cloths,,cotton_linen_textiles,"Duplicate cotton, cotton constructions, linen and cotton-linen mixture; connected textile-name block across metadata categories",True,metadata_names_only,unknown,
107,Chiffon,Cloths,,unknown_fiber_cloth,Construction-only cloth names have unspecified fibers/suppliers; conservative uncertainty block with exposed velvet/corduroy,True,metadata_names_only,unknown,
108,Lace,Cloths,,unknown_fiber_cloth,Construction-only cloth names have unspecified fibers/suppliers; conservative uncertainty block with exposed velvet/corduroy,True,metadata_names_only,unknown,
109,Georgette,Cloths,,unknown_fiber_cloth,Construction-only cloth names have unspecified fibers/suppliers; conservative uncertainty block with exposed velvet/corduroy,True,metadata_names_only,unknown,
110,Organdy,Cloths,,unknown_fiber_cloth,Construction-only cloth names have unspecified fibers/suppliers; conservative uncertainty block with exposed velvet/corduroy,True,metadata_names_only,unknown,
111,Mesh,Cloths,,unknown_fiber_cloth,Construction-only cloth names have unspecified fibers/suppliers; conservative uncertainty block with exposed velvet/corduroy,True,metadata_names_only,unknown,
112,Wool,Cloths,,wool_textiles,Wool felt and wool: shared fiber name across metadata categories,True,metadata_names_only,unknown,
113,Nylon,Cloths,,specimen_113,No explicit shared name or declared uncertainty block found in complete metadata; singleton does not establish manufacturing independence,True,metadata_names_only,unknown,
114,Polyester,Cloths,,specimen_114,No explicit shared name or declared uncertainty block found in complete metadata; singleton does not establish manufacturing independence,True,metadata_names_only,unknown,
115,Silk,Cloths,,specimen_115,No explicit shared name or declared uncertainty block found in complete metadata; singleton does not establish manufacturing independence,True,metadata_names_only,unknown,
116,Linen,Cloths,,cotton_linen_textiles,"Duplicate cotton, cotton constructions, linen and cotton-linen mixture; connected textile-name block across metadata categories",True,metadata_names_only,unknown,
117,Cotton linen,Cloths,,cotton_linen_textiles,"Duplicate cotton, cotton constructions, linen and cotton-linen mixture; connected textile-name block across metadata categories",True,metadata_names_only,unknown,
