speed_mm_s,direction_deg,nominal_force_N,support_condition,familiar_query,known_speed_query,omitted_candidate,omitted_transfer,matched_familiar_fit_query,matched_comparison_query,lower_endpoint_mm_s,upper_endpoint_mm_s,omitted_exclusion_reason,blocked_endpoints_mm_s
20,0,0.5,True,False,False,False,False,False,False,0,0,,
20,0,1.0,False,True,True,False,False,True,False,0,0,,
20,45,0.5,False,True,True,False,False,True,False,0,0,,
20,45,1.0,False,True,True,False,False,True,False,0,0,,
20,90,0.5,False,True,True,False,False,True,False,0,0,,
20,90,1.0,False,True,True,False,False,True,False,0,0,,
20,135,0.5,False,True,True,False,False,True,False,0,0,,
20,135,1.0,False,True,True,False,False,True,False,0,0,,
20,180,0.5,False,True,True,False,False,True,False,0,0,,
20,180,1.0,False,True,True,False,False,True,False,0,0,,
20,225,0.5,False,True,True,False,False,True,False,0,0,,
20,225,1.0,False,True,True,False,False,True,False,0,0,,
20,270,0.5,False,True,True,False,False,True,False,0,0,,
20,270,1.0,False,True,True,False,False,True,False,0,0,,
20,315,0.5,False,True,True,False,False,True,False,0,0,,
20,315,1.0,False,True,True,False,False,True,False,0,0,,
30,0,0.5,False,True,False,True,False,False,False,20,40,endpoint is an excluded support condition,20|40
30,0,1.0,False,True,False,True,False,False,False,20,40,endpoint is an excluded support condition,40
30,45,0.5,False,True,False,True,True,True,True,20,40,,
30,45,1.0,False,True,False,True,True,True,True,20,40,,
30,90,0.5,False,True,False,True,False,False,False,20,40,endpoint is an excluded support condition,40
30,90,1.0,False,True,False,True,True,True,True,20,40,,
30,135,0.5,False,True,False,True,True,True,True,20,40,,
30,135,1.0,False,True,False,True,True,True,True,20,40,,
30,180,0.5,False,True,False,True,True,True,True,20,40,,
30,180,1.0,False,True,False,True,True,True,True,20,40,,
30,225,0.5,False,True,False,True,True,True,True,20,40,,
30,225,1.0,False,True,False,True,True,True,True,20,40,,
30,270,0.5,False,True,False,True,True,True,True,20,40,,
30,270,1.0,False,True,False,True,True,True,True,20,40,,
30,315,0.5,False,True,False,True,True,True,True,20,40,,
30,315,1.0,False,True,False,True,True,True,True,20,40,,
40,0,0.5,True,False,False,False,False,False,False,0,0,,
40,0,1.0,True,False,False,False,False,False,False,0,0,,
40,45,0.5,False,True,True,False,False,True,False,0,0,,
40,45,1.0,False,True,True,False,False,True,False,0,0,,
40,90,0.5,True,False,False,False,False,False,False,0,0,,
40,90,1.0,False,True,True,False,False,True,False,0,0,,
40,135,0.5,False,True,True,False,False,True,False,0,0,,
40,135,1.0,False,True,True,False,False,True,False,0,0,,
40,180,0.5,False,True,True,False,False,True,False,0,0,,
40,180,1.0,False,True,True,False,False,True,False,0,0,,
40,225,0.5,False,True,True,False,False,True,False,0,0,,
40,225,1.0,False,True,True,False,False,True,False,0,0,,
40,270,0.5,False,True,True,False,False,True,False,0,0,,
40,270,1.0,False,True,True,False,False,True,False,0,0,,
40,315,0.5,False,True,True,False,False,True,False,0,0,,
40,315,1.0,False,True,True,False,False,True,False,0,0,,
50,0,0.5,False,True,False,True,False,False,False,40,60,endpoint is an excluded support condition,40
50,0,1.0,False,True,False,True,False,False,False,40,60,endpoint is an excluded support condition,40
50,45,0.5,False,True,False,True,True,True,True,40,60,,
50,45,1.0,False,True,False,True,True,True,True,40,60,,
50,90,0.5,False,True,False,True,False,False,False,40,60,endpoint is an excluded support condition,40
50,90,1.0,False,True,False,True,True,True,True,40,60,,
50,135,0.5,False,True,False,True,True,True,True,40,60,,
50,135,1.0,False,True,False,True,True,True,True,40,60,,
50,180,0.5,False,True,False,True,True,True,True,40,60,,
50,180,1.0,False,True,False,True,True,True,True,40,60,,
50,225,0.5,False,True,False,True,True,True,True,40,60,,
50,225,1.0,False,True,False,True,True,True,True,40,60,,
50,270,0.5,False,True,False,True,True,True,True,40,60,,
50,270,1.0,False,True,False,True,True,True,True,40,60,,
50,315,0.5,False,True,False,True,True,True,True,40,60,,
50,315,1.0,False,True,False,True,True,True,True,40,60,,
60,0,0.5,False,True,True,False,False,True,False,0,0,,
60,0,1.0,False,True,True,False,False,True,False,0,0,,
60,45,0.5,False,True,True,False,False,True,False,0,0,,
60,45,1.0,False,True,True,False,False,True,False,0,0,,
60,90,0.5,False,True,True,False,False,True,False,0,0,,
60,90,1.0,False,True,True,False,False,True,False,0,0,,
60,135,0.5,False,True,True,False,False,True,False,0,0,,
60,135,1.0,False,True,True,False,False,True,False,0,0,,
60,180,0.5,False,True,True,False,False,True,False,0,0,,
60,180,1.0,False,True,True,False,False,True,False,0,0,,
60,225,0.5,False,True,True,False,False,True,False,0,0,,
60,225,1.0,False,True,True,False,False,True,False,0,0,,
60,270,0.5,False,True,True,False,False,True,False,0,0,,
60,270,1.0,False,True,True,False,False,True,False,0,0,,
60,315,0.5,False,True,True,False,False,True,False,0,0,,
60,315,1.0,False,True,True,False,False,True,False,0,0,,
