model,protocol,duration_s,log_power_mae,modeled_band_total_rms_error,surfaces
conditions_only,direction,0.25,0.3225057499661472,0.3123353141163484,2
conditions_only,direction,0.5,0.3225057499661472,0.3123353141163484,2
conditions_only,direction,1.0,0.3225057499661472,0.3123353141163484,2
conditions_only,load,0.25,0.3225057499661472,0.3123353141163484,2
conditions_only,load,0.5,0.3225057499661472,0.3123353141163484,2
conditions_only,load,1.0,0.3225057499661472,0.3123353141163484,2
conditions_only,repeat,0.25,0.3225057499661472,0.3123353141163484,2
conditions_only,repeat,0.5,0.3225057499661472,0.3123353141163484,2
conditions_only,repeat,1.0,0.3225057499661472,0.3123353141163484,2
conditions_only,single,0.25,0.3225057499661472,0.3123353141163484,2
conditions_only,single,0.5,0.3225057499661472,0.3123353141163484,2
conditions_only,single,1.0,0.3225057499661472,0.3123353141163484,2
conditions_only,speed,0.25,0.3225057499661472,0.3123353141163484,2
conditions_only,speed,0.5,0.3225057499661472,0.3123353141163484,2
conditions_only,speed,1.0,0.3225057499661472,0.3123353141163484,2
copy,direction,0.25,0.5218409718373416,0.7246495134806273,2
copy,direction,0.5,0.5108964537419143,0.6891520885728777,2
copy,direction,1.0,0.5045314817863488,0.6689784083525194,2
copy,load,0.25,0.46066927198525387,0.5784552480036517,2
copy,load,0.5,0.4422978760505952,0.6065910576286895,2
copy,load,1.0,0.43520674394533443,0.6270390865715425,2
copy,repeat,0.25,0.4592813102083936,0.5798479282074582,2
copy,repeat,0.5,0.4481220605413486,0.6067870278846288,2
copy,repeat,1.0,0.4404137342316212,0.628133522266785,2
copy,single,0.25,0.4860965111586343,0.5851855180221825,2
copy,single,0.5,0.4606558006254449,0.621623409058136,2
copy,single,1.0,0.4497234695536079,0.6410328386944539,2
copy,speed,0.25,0.458834438793013,0.6318620420266658,2
copy,speed,0.5,0.4526814524356576,0.6583391360902684,2
copy,speed,1.0,0.4576467582970725,0.687222616994191,2
encoder,direction,0.25,0.24765831232070923,0.25991293310410263,2
encoder,direction,0.5,0.2371982702364524,0.26633796325010367,2
encoder,direction,1.0,0.2360739472011725,0.26163869101304493,2
encoder,load,0.25,0.23930223720769087,0.2630149035475084,2
encoder,load,0.5,0.24280543377002078,0.26472933062204385,2
encoder,load,1.0,0.25632533617317677,0.2659726244990053,2
encoder,repeat,0.25,0.251970782255133,0.2358670206392342,2
encoder,repeat,0.5,0.25206403744717437,0.2738726378066392,2
encoder,repeat,1.0,0.24607385322451591,0.26260507159712637,2
encoder,single,0.25,0.24446582297484082,0.25447732918121585,2
encoder,single,0.5,0.25125244321922463,0.2733213514705044,2
encoder,single,1.0,0.2617737663288911,0.25642312037133214,2
encoder,speed,0.25,0.2562134501834711,0.3112752873925214,2
encoder,speed,0.5,0.2697823140770197,0.3085710682082217,2
encoder,speed,1.0,0.26281441499789554,0.3001416130537369,2
encoder_wrong_support,direction,0.25,0.4473849628120661,0.2917772589745462,2
encoder_wrong_support,direction,0.5,0.49961975341041887,0.3129501221144295,2
encoder_wrong_support,direction,1.0,0.5027719264229138,0.31062237570860474,2
encoder_wrong_support,load,0.25,0.5436171007653077,0.32613164705810477,2
encoder_wrong_support,load,0.5,0.558780478934447,0.34848605234719043,2
encoder_wrong_support,load,1.0,0.5900709889829159,0.3758460578333371,2
encoder_wrong_support,repeat,0.25,0.5094931622346242,0.30587158875293013,2
encoder_wrong_support,repeat,0.5,0.5993402314682801,0.36914060107064933,2
encoder_wrong_support,repeat,1.0,0.5653984472155571,0.3502979983615585,2
encoder_wrong_support,single,0.25,0.5157169451316198,0.3037483088411994,2
encoder_wrong_support,single,0.5,0.5935929976403713,0.356451748413163,2
encoder_wrong_support,single,1.0,0.596612940231959,0.36730342397814786,2
encoder_wrong_support,speed,0.25,0.5748360268771648,0.3819757684570857,2
encoder_wrong_support,speed,0.5,0.6449775261183579,0.4288164869314407,2
encoder_wrong_support,speed,1.0,0.6276355472703774,0.41945182636492306,2
fixed_features,direction,0.25,0.20310353129207598,0.209547301319836,2
fixed_features,direction,0.5,0.20412292801815557,0.20684959788444843,2
fixed_features,direction,1.0,0.20422610499935295,0.20292385141949013,2
fixed_features,load,0.25,0.20352051222840917,0.2146840960095964,2
fixed_features,load,0.5,0.1984549463345902,0.21973877928030075,2
fixed_features,load,1.0,0.19858532469678192,0.22004835910482018,2
fixed_features,repeat,0.25,0.20022257448046776,0.21732561080561963,2
fixed_features,repeat,0.5,0.1984900215353083,0.21883800644531615,2
fixed_features,repeat,1.0,0.19753321558639297,0.21409192304484126,2
fixed_features,single,0.25,0.21008403701709805,0.21012836779215213,2
fixed_features,single,0.5,0.20160563357256547,0.21369893927808498,2
fixed_features,single,1.0,0.19903403856843715,0.21231560832279867,2
fixed_features,speed,0.25,0.20524051412374597,0.2258450641553607,2
fixed_features,speed,0.5,0.20230144343208628,0.22289593133731522,2
fixed_features,speed,1.0,0.2003835025572136,0.22191039699653917,2
retrieval,direction,0.25,0.17264785375033764,0.12022631239719117,2
retrieval,direction,0.5,0.17264785375033764,0.12022631239719117,2
retrieval,direction,1.0,0.17264785375033764,0.12022631239719117,2
retrieval,load,0.25,0.17264785375033764,0.12022631239719117,2
retrieval,load,0.5,0.17264785375033764,0.12022631239719117,2
retrieval,load,1.0,0.17264785375033764,0.12022631239719117,2
retrieval,repeat,0.25,0.17264785375033764,0.12022631239719117,2
retrieval,repeat,0.5,0.17264785375033764,0.12022631239719117,2
retrieval,repeat,1.0,0.17264785375033764,0.12022631239719117,2
retrieval,single,0.25,0.17264785375033764,0.12022631239719117,2
retrieval,single,0.5,0.17264785375033764,0.12022631239719117,2
retrieval,single,1.0,0.17264785375033764,0.12022631239719117,2
retrieval,speed,0.25,0.17264785375033764,0.12022631239719117,2
retrieval,speed,0.5,0.17264785375033764,0.12022631239719117,2
retrieval,speed,1.0,0.17264785375033764,0.12022631239719117,2
speed_rescaling,direction,0.25,0.44902166038118596,0.34484562305453936,2
speed_rescaling,direction,0.5,0.4279900273620915,0.34214878374359975,2
speed_rescaling,direction,1.0,0.40982349755209657,0.33976208077749664,2
speed_rescaling,load,0.25,0.5004692105902365,0.5384217056815027,2
speed_rescaling,load,0.5,0.4785026576507496,0.5823690089168708,2
speed_rescaling,load,1.0,0.4620416296514934,0.6061537585373877,2
speed_rescaling,repeat,0.25,0.5004692105902365,0.5384217056815027,2
speed_rescaling,repeat,0.5,0.4785026576507496,0.5823690089168708,2
speed_rescaling,repeat,1.0,0.4620416296514934,0.6061537585373877,2
speed_rescaling,single,0.25,0.5004692105902365,0.5384217056815027,2
speed_rescaling,single,0.5,0.4785026576507496,0.5823690089168708,2
speed_rescaling,single,1.0,0.4620416296514934,0.6061537585373877,2
speed_rescaling,speed,0.25,0.5004692105902365,0.5384217056815027,2
speed_rescaling,speed,0.5,0.4785026576507496,0.5823690089168708,2
speed_rescaling,speed,1.0,0.4620416296514934,0.6061537585373877,2
