model,protocol,duration_s,log_power_mae,modeled_band_total_rms_error,surfaces,query_windows,subset
conditions_only,direction,0.25,0.33457088854130757,0.3452366500082522,2,6,same_direction
conditions_only,direction,0.5,0.33457088854130757,0.3452366500082522,2,6,same_direction
conditions_only,direction,1.0,0.33457088854130757,0.3452366500082522,2,6,same_direction
conditions_only,load,0.25,0.37574358667651775,0.27680561111578295,2,4,same_direction
conditions_only,load,0.5,0.37574358667651775,0.27680561111578295,2,4,same_direction
conditions_only,load,1.0,0.37574358667651775,0.27680561111578295,2,4,same_direction
conditions_only,repeat,0.25,0.37574358667651775,0.27680561111578295,2,4,same_direction
conditions_only,repeat,0.5,0.37574358667651775,0.27680561111578295,2,4,same_direction
conditions_only,repeat,1.0,0.37574358667651775,0.27680561111578295,2,4,same_direction
conditions_only,single,0.25,0.37574358667651775,0.27680561111578295,2,4,same_direction
conditions_only,single,0.5,0.37574358667651775,0.27680561111578295,2,4,same_direction
conditions_only,single,1.0,0.37574358667651775,0.27680561111578295,2,4,same_direction
conditions_only,speed,0.25,0.37574358667651775,0.27680561111578295,2,4,same_direction
conditions_only,speed,0.5,0.37574358667651775,0.27680561111578295,2,4,same_direction
conditions_only,speed,1.0,0.37574358667651775,0.27680561111578295,2,4,same_direction
copy,direction,0.25,0.5781049000538724,0.770764499027887,2,6,same_direction
copy,direction,0.5,0.5673848013962152,0.7470995490893872,2,6,same_direction
copy,direction,1.0,0.5615537807995142,0.7336504289424818,2,6,same_direction
copy,load,0.25,0.26865233971694374,0.23184679626132398,2,4,same_direction
copy,load,0.5,0.2389999963059523,0.23184679626132398,2,4,same_direction
copy,load,1.0,0.22699996903337674,0.23184679626132398,2,4,same_direction
copy,repeat,0.25,0.25237246725684964,0.23184679626132398,2,4,same_direction
copy,repeat,0.5,0.22434787323579441,0.23184679626132398,2,4,same_direction
copy,repeat,1.0,0.21514450434565216,0.23184679626132398,2,4,same_direction
copy,single,0.25,0.2789470383303988,0.23184679626132398,2,4,same_direction
copy,single,0.5,0.23631194199360905,0.23184679626132398,2,4,same_direction
copy,single,1.0,0.22549806689152377,0.23184679626132398,2,4,same_direction
copy,speed,0.25,0.24540777032691574,0.23184679626132398,2,4,same_direction
copy,speed,0.5,0.22968535708635765,0.23184679626132398,2,4,same_direction
copy,speed,1.0,0.23503080287399414,0.2576301839857811,2,4,same_direction
encoder,direction,0.25,0.2512391366892391,0.24992346836919305,2,6,same_direction
encoder,direction,0.5,0.24179350667529637,0.2622064801642137,2,6,same_direction
encoder,direction,1.0,0.24201331039269763,0.2618246448625125,2,6,same_direction
encoder,load,0.25,0.241122813274463,0.2547898987280197,2,4,same_direction
encoder,load,0.5,0.24482249716917673,0.24021199521535982,2,4,same_direction
encoder,load,1.0,0.2555275348325571,0.22300621047456312,2,4,same_direction
encoder,repeat,0.25,0.26428287724653876,0.2425229435272882,2,4,same_direction
encoder,repeat,0.5,0.2462200957039992,0.23392561234949044,2,4,same_direction
encoder,repeat,1.0,0.24787596737345058,0.2368664116643071,2,4,same_direction
encoder,single,0.25,0.2505415789783001,0.26722445341525003,2,4,same_direction
encoder,single,0.5,0.24452817564209303,0.24353636642699888,2,4,same_direction
encoder,single,1.0,0.26124498868982,0.2203015437012884,2,4,same_direction
encoder,speed,0.25,0.2517584462960561,0.2634217743520755,2,4,same_direction
encoder,speed,0.5,0.2567136287689209,0.22725316449571942,2,4,same_direction
encoder,speed,1.0,0.25460552300016087,0.22615057304477232,2,4,same_direction
encoder_wrong_support,direction,0.25,0.4463132561908828,0.29240923619645115,2,6,same_direction
encoder_wrong_support,direction,0.5,0.4986239837275611,0.3243560253166482,2,6,same_direction
encoder_wrong_support,direction,1.0,0.5027294158935547,0.32562698683313984,2,6,same_direction
encoder_wrong_support,load,0.25,0.6324405074119568,0.3426096620748459,2,4,same_direction
encoder_wrong_support,load,0.5,0.6484382028381029,0.33932219853234263,2,4,same_direction
encoder_wrong_support,load,1.0,0.6809892108043034,0.33817646350076463,2,4,same_direction
encoder_wrong_support,repeat,0.25,0.5939933359622955,0.32406007081323174,2,4,same_direction
encoder_wrong_support,repeat,0.5,0.692229116956393,0.3466181982427134,2,4,same_direction
encoder_wrong_support,repeat,1.0,0.6550660009185473,0.33826387736324737,2,4,same_direction
encoder_wrong_support,single,0.25,0.60094004124403,0.3400372482645,2,4,same_direction
encoder_wrong_support,single,0.5,0.6861901978651683,0.349373353938421,2,4,same_direction
encoder_wrong_support,single,1.0,0.6883316909273465,0.3367581280941168,2,4,same_direction
encoder_wrong_support,speed,0.25,0.6633886570731798,0.3555121973165903,2,4,same_direction
encoder_wrong_support,speed,0.5,0.7387644201517105,0.354111585704411,2,4,same_direction
encoder_wrong_support,speed,1.0,0.7196835925181706,0.3485106950620259,2,4,same_direction
fixed_features,direction,0.25,0.21784744907392467,0.23775844173566524,2,6,same_direction
fixed_features,direction,0.5,0.2210305289616949,0.2306829963497286,2,6,same_direction
fixed_features,direction,1.0,0.22102067054323382,0.222033815912167,2,6,same_direction
fixed_features,load,0.25,0.19062803632015074,0.16037351969750696,2,4,same_direction
fixed_features,load,0.5,0.19499416723838653,0.17336866161905615,2,4,same_direction
fixed_features,load,1.0,0.20048908728378617,0.1794978092577421,2,4,same_direction
fixed_features,repeat,0.25,0.18214248111890405,0.15912500609446634,2,4,same_direction
fixed_features,repeat,0.5,0.18600099965526884,0.16534014627361074,2,4,same_direction
fixed_features,repeat,1.0,0.19237055496026456,0.17096183638744508,2,4,same_direction
fixed_features,single,0.25,0.1938995159856889,0.15262114992304737,2,4,same_direction
fixed_features,single,0.5,0.19392750546543908,0.16231624877846795,2,4,same_direction
fixed_features,single,1.0,0.19665413391428688,0.1720566908253832,2,4,same_direction
fixed_features,speed,0.25,0.20078475117434955,0.1813718633473581,2,4,same_direction
fixed_features,speed,0.5,0.19788367732977558,0.1746997031725718,2,4,same_direction
fixed_features,speed,1.0,0.20006322666678517,0.17836199692543123,2,4,same_direction
retrieval,direction,0.25,0.17609129246530275,0.12248427354480296,2,6,same_direction
retrieval,direction,0.5,0.17609129246530275,0.12248427354480296,2,6,same_direction
retrieval,direction,1.0,0.17609129246530275,0.12248427354480296,2,6,same_direction
retrieval,load,0.25,0.1758187069645953,0.12151914196228597,2,4,same_direction
retrieval,load,0.5,0.1758187069645953,0.12151914196228597,2,4,same_direction
retrieval,load,1.0,0.1758187069645953,0.12151914196228597,2,4,same_direction
retrieval,repeat,0.25,0.1758187069645953,0.12151914196228597,2,4,same_direction
retrieval,repeat,0.5,0.1758187069645953,0.12151914196228597,2,4,same_direction
retrieval,repeat,1.0,0.1758187069645953,0.12151914196228597,2,4,same_direction
retrieval,single,0.25,0.1758187069645953,0.12151914196228597,2,4,same_direction
retrieval,single,0.5,0.1758187069645953,0.12151914196228597,2,4,same_direction
retrieval,single,1.0,0.1758187069645953,0.12151914196228597,2,4,same_direction
retrieval,speed,0.25,0.1758187069645953,0.12151914196228597,2,4,same_direction
retrieval,speed,0.5,0.1758187069645953,0.12151914196228597,2,4,same_direction
retrieval,speed,1.0,0.1758187069645953,0.12151914196228597,2,4,same_direction
speed_rescaling,direction,0.25,0.42482624167500466,0.33671056504413943,2,6,same_direction
speed_rescaling,direction,0.5,0.4047251490563606,0.3054094362970198,2,6,same_direction
speed_rescaling,direction,1.0,0.38676486084599426,0.2874693163542905,2,6,same_direction
speed_rescaling,load,0.25,0.29595600915526077,0.2225759030831967,2,4,same_direction
speed_rescaling,load,0.5,0.27269968344547635,0.22555870094580804,2,4,same_direction
speed_rescaling,load,1.0,0.2562613159927167,0.22769993135590114,2,4,same_direction
speed_rescaling,repeat,0.25,0.29595600915526077,0.2225759030831967,2,4,same_direction
speed_rescaling,repeat,0.5,0.27269968344547635,0.22555870094580804,2,4,same_direction
speed_rescaling,repeat,1.0,0.2562613159927167,0.22769993135590114,2,4,same_direction
speed_rescaling,single,0.25,0.29595600915526077,0.2225759030831967,2,4,same_direction
speed_rescaling,single,0.5,0.27269968344547635,0.22555870094580804,2,4,same_direction
speed_rescaling,single,1.0,0.2562613159927167,0.22769993135590114,2,4,same_direction
speed_rescaling,speed,0.25,0.29595600915526077,0.2225759030831967,2,4,same_direction
speed_rescaling,speed,0.5,0.27269968344547635,0.22555870094580804,2,4,same_direction
speed_rescaling,speed,1.0,0.2562613159927167,0.22769993135590114,2,4,same_direction
conditions_only,direction,0.25,0.2692679132557768,0.34786501711691376,2,4,unobserved_load
conditions_only,direction,0.5,0.2692679132557768,0.34786501711691376,2,4,unobserved_load
conditions_only,direction,1.0,0.2692679132557768,0.34786501711691376,2,4,unobserved_load
conditions_only,repeat,0.25,0.2692679132557768,0.34786501711691376,2,4,unobserved_load
conditions_only,repeat,0.5,0.2692679132557768,0.34786501711691376,2,4,unobserved_load
conditions_only,repeat,1.0,0.2692679132557768,0.34786501711691376,2,4,unobserved_load
conditions_only,single,0.25,0.2692679132557768,0.34786501711691376,2,4,unobserved_load
conditions_only,single,0.5,0.2692679132557768,0.34786501711691376,2,4,unobserved_load
conditions_only,single,1.0,0.2692679132557768,0.34786501711691376,2,4,unobserved_load
conditions_only,speed,0.25,0.2692679132557768,0.34786501711691376,2,4,unobserved_load
conditions_only,speed,0.5,0.2692679132557768,0.34786501711691376,2,4,unobserved_load
conditions_only,speed,1.0,0.2692679132557768,0.34786501711691376,2,4,unobserved_load
copy,direction,0.25,0.4107967024994287,0.49031602963887155,2,4,unobserved_load
copy,direction,0.5,0.4015442488808686,0.49031602963887155,2,4,unobserved_load
copy,direction,1.0,0.4032762894601561,0.49031602963887155,2,4,unobserved_load
copy,repeat,0.25,0.6661901531599375,0.9278490601535925,2,4,unobserved_load
copy,repeat,0.5,0.6718962478469028,0.9817272595079336,2,4,unobserved_load
copy,repeat,1.0,0.6656829641175902,1.024420248272246,2,4,unobserved_load
copy,single,0.25,0.6932459839868697,0.9385242397830411,2,4,unobserved_load
copy,single,0.5,0.6849996592572809,1.011400021854948,2,4,unobserved_load
copy,single,1.0,0.6739488722156921,1.0502188811275839,2,4,unobserved_load
copy,speed,0.25,0.6722611072591103,1.0318772877920077,2,4,unobserved_load
copy,speed,0.5,0.6756775477849575,1.0848314759192128,2,4,unobserved_load
copy,speed,1.0,0.6802627137201509,1.116815050002601,2,4,unobserved_load
encoder,direction,0.25,0.22428522010644275,0.2330855379857655,2,4,unobserved_load
encoder,direction,0.5,0.22251297160983086,0.25930173151046576,2,4,unobserved_load
encoder,direction,1.0,0.22092028831442195,0.2557812121969356,2,4,unobserved_load
encoder,repeat,0.25,0.2396586872637272,0.2292110977511802,2,4,unobserved_load
encoder,repeat,0.5,0.2579079791903496,0.31381966326378796,2,4,unobserved_load
encoder,repeat,1.0,0.24427173907558122,0.28834373152994563,2,4,unobserved_load
encoder,single,0.25,0.23839006697138151,0.24173020494718161,2,4,unobserved_load
encoder,single,0.5,0.2579767107963562,0.30310633651401,2,4,unobserved_load
encoder,single,1.0,0.26230254396796227,0.2925446970413759,2,4,unobserved_load
encoder,speed,0.25,0.260668454070886,0.3591288004329674,2,4,unobserved_load
encoder,speed,0.5,0.2828509993851185,0.389888971920724,2,4,unobserved_load
encoder,speed,1.0,0.27102330699563026,0.3741326530627014,2,4,unobserved_load
encoder_wrong_support,direction,0.25,0.37141443168123567,0.25062958250454975,2,4,unobserved_load
encoder_wrong_support,direction,0.5,0.4179404402772586,0.2856177982886422,2,4,unobserved_load
encoder_wrong_support,direction,1.0,0.4208558152119319,0.28436113541029046,2,4,unobserved_load
encoder_wrong_support,repeat,0.25,0.42499298850695294,0.28768310669262853,2,4,unobserved_load
encoder_wrong_support,repeat,0.5,0.5064513459801674,0.39166300389858516,2,4,unobserved_load
encoder_wrong_support,repeat,1.0,0.47573089351256687,0.36233211935986964,2,4,unobserved_load
encoder_wrong_support,single,0.25,0.43049384901920956,0.26745936941789894,2,4,unobserved_load
encoder_wrong_support,single,0.5,0.5009957974155743,0.36353014288790503,2,4,unobserved_load
encoder_wrong_support,single,1.0,0.5048941895365715,0.397848719862179,2,4,unobserved_load
encoder_wrong_support,speed,0.25,0.48628339668114984,0.40843933959758094,2,4,unobserved_load
encoder_wrong_support,speed,0.5,0.5511906320850054,0.5035213881584705,2,4,unobserved_load
encoder_wrong_support,speed,1.0,0.5355875020225843,0.49039295766782026,2,4,unobserved_load
fixed_features,direction,0.25,0.21049415969725693,0.25847840811565925,2,4,unobserved_load
fixed_features,direction,0.5,0.20037251685127005,0.24932661917749427,2,4,unobserved_load
fixed_features,direction,1.0,0.1965796710845525,0.23522405829047316,2,4,unobserved_load
fixed_features,repeat,0.25,0.21830266784203142,0.2755262155167729,2,4,unobserved_load
fixed_features,repeat,0.5,0.21097904341534773,0.2723358666170216,2,4,unobserved_load
fixed_features,repeat,1.0,0.20269587621252141,0.2572220097022374,2,4,unobserved_load
fixed_features,single,0.25,0.22626855804850718,0.2676355856612569,2,4,unobserved_load
fixed_features,single,0.5,0.20928376167969187,0.265081629777702,2,4,unobserved_load
fixed_features,single,1.0,0.20141394322258746,0.2525745258202141,2,4,unobserved_load
fixed_features,speed,0.25,0.2096962770731424,0.2703182649633633,2,4,unobserved_load
fixed_features,speed,0.5,0.20671920953439696,0.27109215950205867,2,4,unobserved_load
fixed_features,speed,1.0,0.200703778447642,0.2654587970676471,2,4,unobserved_load
retrieval,direction,0.25,0.16947700053607995,0.11893348283209637,2,4,unobserved_load
retrieval,direction,0.5,0.16947700053607995,0.11893348283209637,2,4,unobserved_load
retrieval,direction,1.0,0.16947700053607995,0.11893348283209637,2,4,unobserved_load
retrieval,repeat,0.25,0.16947700053607995,0.11893348283209637,2,4,unobserved_load
retrieval,repeat,0.5,0.16947700053607995,0.11893348283209637,2,4,unobserved_load
retrieval,repeat,1.0,0.16947700053607995,0.11893348283209637,2,4,unobserved_load
retrieval,single,0.25,0.16947700053607995,0.11893348283209637,2,4,unobserved_load
retrieval,single,0.5,0.16947700053607995,0.11893348283209637,2,4,unobserved_load
retrieval,single,1.0,0.16947700053607995,0.11893348283209637,2,4,unobserved_load
retrieval,speed,0.25,0.16947700053607995,0.11893348283209637,2,4,unobserved_load
retrieval,speed,0.5,0.16947700053607995,0.11893348283209637,2,4,unobserved_load
retrieval,speed,1.0,0.16947700053607995,0.11893348283209637,2,4,unobserved_load
speed_rescaling,direction,0.25,0.6020873116071112,0.467115343025882,2,4,unobserved_load
speed_rescaling,direction,0.5,0.5832803712787067,0.45873886654139145,2,4,unobserved_load
speed_rescaling,direction,1.0,0.5633856791114764,0.4518242301990921,2,4,unobserved_load
speed_rescaling,repeat,0.25,0.7049824120252123,0.8542675082798088,2,4,unobserved_load
speed_rescaling,repeat,0.5,0.684305631856023,0.9391793168879337,2,4,unobserved_load
speed_rescaling,repeat,1.0,0.6678219433102701,0.9846075857188742,2,4,unobserved_load
speed_rescaling,single,0.25,0.7049824120252123,0.8542675082798088,2,4,unobserved_load
speed_rescaling,single,0.5,0.684305631856023,0.9391793168879337,2,4,unobserved_load
speed_rescaling,single,1.0,0.6678219433102701,0.9846075857188742,2,4,unobserved_load
speed_rescaling,speed,0.25,0.7049824120252123,0.8542675082798088,2,4,unobserved_load
speed_rescaling,speed,0.5,0.684305631856023,0.9391793168879337,2,4,unobserved_load
speed_rescaling,speed,1.0,0.6678219433102701,0.9846075857188742,2,4,unobserved_load
conditions_only,load,0.25,0.2692679132557768,0.34786501711691376,2,4,load_observed_both
conditions_only,load,0.5,0.2692679132557768,0.34786501711691376,2,4,load_observed_both
conditions_only,load,1.0,0.2692679132557768,0.34786501711691376,2,4,load_observed_both
copy,load,0.25,0.6526862042535639,0.9250636997459794,2,4,load_observed_both
copy,load,0.5,0.6455957557952381,0.981335318996055,2,4,load_observed_both
copy,load,1.0,0.6434135188572923,1.022231376881761,2,4,load_observed_both
encoder,load,0.25,0.23748166114091873,0.2712399083669971,2,4,load_observed_both
encoder,load,0.5,0.24078837037086487,0.28924666602872784,2,4,load_observed_both
encoder,load,1.0,0.2571231375137965,0.30893903852344745,2,4,load_observed_both
encoder_wrong_support,load,0.25,0.45479369411865866,0.3096536320413637,2,4,load_observed_both
encoder_wrong_support,load,0.5,0.4691227550307909,0.3576499061620382,2,4,load_observed_both
encoder_wrong_support,load,1.0,0.49915276716152823,0.4135156521659096,2,4,load_observed_both
fixed_features,load,0.25,0.21641298813666765,0.26899467232168583,2,4,load_observed_both
fixed_features,load,0.5,0.2019157254307939,0.2661088969415454,2,4,load_observed_both
fixed_features,load,1.0,0.19668156210977766,0.2605989089518983,2,4,load_observed_both
retrieval,load,0.25,0.16947700053607995,0.11893348283209637,2,4,load_observed_both
retrieval,load,0.5,0.16947700053607995,0.11893348283209637,2,4,load_observed_both
retrieval,load,1.0,0.16947700053607995,0.11893348283209637,2,4,load_observed_both
speed_rescaling,load,0.25,0.7049824120252123,0.8542675082798088,2,4,load_observed_both
speed_rescaling,load,0.5,0.684305631856023,0.9391793168879337,2,4,load_observed_both
speed_rescaling,load,1.0,0.6678219433102701,0.9846075857188742,2,4,load_observed_both
conditions_only,direction,0.25,0.2863103342406662,0.21363130644063694,2,2,unobserved_direction
conditions_only,direction,0.5,0.2863103342406662,0.21363130644063694,2,2,unobserved_direction
conditions_only,direction,1.0,0.2863103342406662,0.21363130644063694,2,2,unobserved_direction
conditions_only,load,0.25,0.2692679132557768,0.34786501711691376,2,4,unobserved_direction
conditions_only,load,0.5,0.2692679132557768,0.34786501711691376,2,4,unobserved_direction
conditions_only,load,1.0,0.2692679132557768,0.34786501711691376,2,4,unobserved_direction
conditions_only,repeat,0.25,0.2692679132557768,0.34786501711691376,2,4,unobserved_direction
conditions_only,repeat,0.5,0.2692679132557768,0.34786501711691376,2,4,unobserved_direction
conditions_only,repeat,1.0,0.2692679132557768,0.34786501711691376,2,4,unobserved_direction
conditions_only,single,0.25,0.2692679132557768,0.34786501711691376,2,4,unobserved_direction
conditions_only,single,0.5,0.2692679132557768,0.34786501711691376,2,4,unobserved_direction
conditions_only,single,1.0,0.2692679132557768,0.34786501711691376,2,4,unobserved_direction
conditions_only,speed,0.25,0.2692679132557768,0.34786501711691376,2,4,unobserved_direction
conditions_only,speed,0.5,0.2692679132557768,0.34786501711691376,2,4,unobserved_direction
conditions_only,speed,1.0,0.2692679132557768,0.34786501711691376,2,4,unobserved_direction
copy,direction,0.25,0.3530491871877488,0.5863045568388481,2,2,unobserved_direction
copy,direction,0.5,0.3414314107790113,0.5153097070233488,2,2,unobserved_direction
copy,direction,1.0,0.3334645847468527,0.4749623465826324,2,2,unobserved_direction
copy,load,0.25,0.6526862042535639,0.9250636997459794,2,4,unobserved_direction
copy,load,0.5,0.6455957557952381,0.981335318996055,2,4,unobserved_direction
copy,load,1.0,0.6434135188572923,1.022231376881761,2,4,unobserved_direction
copy,repeat,0.25,0.6661901531599375,0.9278490601535925,2,4,unobserved_direction
copy,repeat,0.5,0.6718962478469028,0.9817272595079336,2,4,unobserved_direction
copy,repeat,1.0,0.6656829641175902,1.024420248272246,2,4,unobserved_direction
copy,single,0.25,0.6932459839868697,0.9385242397830411,2,4,unobserved_direction
copy,single,0.5,0.6849996592572809,1.011400021854948,2,4,unobserved_direction
copy,single,1.0,0.6739488722156921,1.0502188811275839,2,4,unobserved_direction
copy,speed,0.25,0.6722611072591103,1.0318772877920077,2,4,unobserved_direction
copy,speed,0.5,0.6756775477849575,1.0848314759192128,2,4,unobserved_direction
copy,speed,1.0,0.6802627137201509,1.116815050002601,2,4,unobserved_direction
encoder,direction,0.25,0.23691583921511966,0.2898813273088314,2,2,unobserved_direction
encoder,direction,0.5,0.22341256091992062,0.2787324125077734,2,2,unobserved_direction
encoder,direction,1.0,0.21825585762659708,0.2610808294646424,2,2,unobserved_direction
encoder,load,0.25,0.23748166114091873,0.2712399083669971,2,4,unobserved_direction
encoder,load,0.5,0.24078837037086487,0.28924666602872784,2,4,unobserved_direction
encoder,load,1.0,0.2571231375137965,0.30893903852344745,2,4,unobserved_direction
encoder,repeat,0.25,0.2396586872637272,0.2292110977511802,2,4,unobserved_direction
encoder,repeat,0.5,0.2579079791903496,0.31381966326378796,2,4,unobserved_direction
encoder,repeat,1.0,0.24427173907558122,0.28834373152994563,2,4,unobserved_direction
encoder,single,0.25,0.23839006697138151,0.24173020494718161,2,4,unobserved_direction
encoder,single,0.5,0.2579767107963562,0.30310633651401,2,4,unobserved_direction
encoder,single,1.0,0.26230254396796227,0.2925446970413759,2,4,unobserved_direction
encoder,speed,0.25,0.260668454070886,0.3591288004329674,2,4,unobserved_direction
encoder,speed,0.5,0.2828509993851185,0.389888971920724,2,4,unobserved_direction
encoder,speed,1.0,0.27102330699563026,0.3741326530627014,2,4,unobserved_direction
encoder_wrong_support,direction,0.25,0.4506000826756159,0.2898813273088314,2,2,unobserved_direction
encoder_wrong_support,direction,0.5,0.502607062458992,0.2787324125077735,2,2,unobserved_direction
encoder_wrong_support,direction,1.0,0.5028994580109915,0.26560854233499936,2,2,unobserved_direction
encoder_wrong_support,load,0.25,0.45479369411865866,0.3096536320413637,2,4,unobserved_direction
encoder_wrong_support,load,0.5,0.4691227550307909,0.3576499061620382,2,4,unobserved_direction
encoder_wrong_support,load,1.0,0.49915276716152823,0.4135156521659096,2,4,unobserved_direction
encoder_wrong_support,repeat,0.25,0.42499298850695294,0.28768310669262853,2,4,unobserved_direction
encoder_wrong_support,repeat,0.5,0.5064513459801674,0.39166300389858516,2,4,unobserved_direction
encoder_wrong_support,repeat,1.0,0.47573089351256687,0.36233211935986964,2,4,unobserved_direction
encoder_wrong_support,single,0.25,0.43049384901920956,0.26745936941789894,2,4,unobserved_direction
encoder_wrong_support,single,0.5,0.5009957974155743,0.36353014288790503,2,4,unobserved_direction
encoder_wrong_support,single,1.0,0.5048941895365715,0.397848719862179,2,4,unobserved_direction
encoder_wrong_support,speed,0.25,0.48628339668114984,0.40843933959758094,2,4,unobserved_direction
encoder_wrong_support,speed,0.5,0.5511906320850054,0.5035213881584705,2,4,unobserved_direction
encoder_wrong_support,speed,1.0,0.5355875020225843,0.49039295766782026,2,4,unobserved_direction
fixed_features,direction,0.25,0.15887177794652985,0.12491388007234838,2,2,unobserved_direction
fixed_features,direction,0.5,0.1534001251875377,0.13534940248860783,2,2,unobserved_direction
fixed_features,direction,1.0,0.1538424083677104,0.14559395794145946,2,2,unobserved_direction
fixed_features,load,0.25,0.21641298813666765,0.26899467232168583,2,4,unobserved_direction
fixed_features,load,0.5,0.2019157254307939,0.2661088969415454,2,4,unobserved_direction
fixed_features,load,1.0,0.19668156210977766,0.2605989089518983,2,4,unobserved_direction
fixed_features,repeat,0.25,0.21830266784203142,0.2755262155167729,2,4,unobserved_direction
fixed_features,repeat,0.5,0.21097904341534773,0.2723358666170216,2,4,unobserved_direction
fixed_features,repeat,1.0,0.20269587621252141,0.2572220097022374,2,4,unobserved_direction
fixed_features,single,0.25,0.22626855804850718,0.2676355856612569,2,4,unobserved_direction
fixed_features,single,0.5,0.20928376167969187,0.265081629777702,2,4,unobserved_direction
fixed_features,single,1.0,0.20141394322258746,0.2525745258202141,2,4,unobserved_direction
fixed_features,speed,0.25,0.2096962770731424,0.2703182649633633,2,4,unobserved_direction
fixed_features,speed,0.5,0.20671920953439696,0.27109215950205867,2,4,unobserved_direction
fixed_features,speed,1.0,0.200703778447642,0.2654587970676471,2,4,unobserved_direction
retrieval,direction,0.25,0.16231753760544226,0.11345242895435581,2,2,unobserved_direction
retrieval,direction,0.5,0.16231753760544226,0.11345242895435581,2,2,unobserved_direction
retrieval,direction,1.0,0.16231753760544226,0.11345242895435581,2,2,unobserved_direction
retrieval,load,0.25,0.16947700053607995,0.11893348283209637,2,4,unobserved_direction
retrieval,load,0.5,0.16947700053607995,0.11893348283209637,2,4,unobserved_direction
retrieval,load,1.0,0.16947700053607995,0.11893348283209637,2,4,unobserved_direction
retrieval,repeat,0.25,0.16947700053607995,0.11893348283209637,2,4,unobserved_direction
retrieval,repeat,0.5,0.16947700053607995,0.11893348283209637,2,4,unobserved_direction
retrieval,repeat,1.0,0.16947700053607995,0.11893348283209637,2,4,unobserved_direction
retrieval,single,0.25,0.16947700053607995,0.11893348283209637,2,4,unobserved_direction
retrieval,single,0.5,0.16947700053607995,0.11893348283209637,2,4,unobserved_direction
retrieval,single,1.0,0.16947700053607995,0.11893348283209637,2,4,unobserved_direction
retrieval,speed,0.25,0.16947700053607995,0.11893348283209637,2,4,unobserved_direction
retrieval,speed,0.5,0.16947700053607995,0.11893348283209637,2,4,unobserved_direction
retrieval,speed,1.0,0.16947700053607995,0.11893348283209637,2,4,unobserved_direction
speed_rescaling,direction,0.25,0.5216079164997298,0.369250797085739,2,2,unobserved_direction
speed_rescaling,direction,0.5,0.4977846622792843,0.45236682608333956,2,2,unobserved_direction
speed_rescaling,direction,1.0,0.4789994076704034,0.49664037404711486,2,2,unobserved_direction
speed_rescaling,load,0.25,0.7049824120252123,0.8542675082798088,2,4,unobserved_direction
speed_rescaling,load,0.5,0.684305631856023,0.9391793168879337,2,4,unobserved_direction
speed_rescaling,load,1.0,0.6678219433102701,0.9846075857188742,2,4,unobserved_direction
speed_rescaling,repeat,0.25,0.7049824120252123,0.8542675082798088,2,4,unobserved_direction
speed_rescaling,repeat,0.5,0.684305631856023,0.9391793168879337,2,4,unobserved_direction
speed_rescaling,repeat,1.0,0.6678219433102701,0.9846075857188742,2,4,unobserved_direction
speed_rescaling,single,0.25,0.7049824120252123,0.8542675082798088,2,4,unobserved_direction
speed_rescaling,single,0.5,0.684305631856023,0.9391793168879337,2,4,unobserved_direction
speed_rescaling,single,1.0,0.6678219433102701,0.9846075857188742,2,4,unobserved_direction
speed_rescaling,speed,0.25,0.7049824120252123,0.8542675082798088,2,4,unobserved_direction
speed_rescaling,speed,0.5,0.684305631856023,0.9391793168879337,2,4,unobserved_direction
speed_rescaling,speed,1.0,0.6678219433102701,0.9846075857188742,2,4,unobserved_direction
conditions_only,direction,0.25,0.2863103342406662,0.21363130644063694,2,2,matched_unobserved_direction
conditions_only,direction,0.5,0.2863103342406662,0.21363130644063694,2,2,matched_unobserved_direction
conditions_only,direction,1.0,0.2863103342406662,0.21363130644063694,2,2,matched_unobserved_direction
conditions_only,load,0.25,0.2863103342406662,0.21363130644063694,2,2,matched_unobserved_direction
conditions_only,load,0.5,0.2863103342406662,0.21363130644063694,2,2,matched_unobserved_direction
conditions_only,load,1.0,0.2863103342406662,0.21363130644063694,2,2,matched_unobserved_direction
conditions_only,repeat,0.25,0.2863103342406662,0.21363130644063694,2,2,matched_unobserved_direction
conditions_only,repeat,0.5,0.2863103342406662,0.21363130644063694,2,2,matched_unobserved_direction
conditions_only,repeat,1.0,0.2863103342406662,0.21363130644063694,2,2,matched_unobserved_direction
conditions_only,single,0.25,0.2863103342406662,0.21363130644063694,2,2,matched_unobserved_direction
conditions_only,single,0.5,0.2863103342406662,0.21363130644063694,2,2,matched_unobserved_direction
conditions_only,single,1.0,0.2863103342406662,0.21363130644063694,2,2,matched_unobserved_direction
conditions_only,speed,0.25,0.2863103342406662,0.21363130644063694,2,2,matched_unobserved_direction
conditions_only,speed,0.5,0.2863103342406662,0.21363130644063694,2,2,matched_unobserved_direction
conditions_only,speed,1.0,0.2863103342406662,0.21363130644063694,2,2,matched_unobserved_direction
copy,direction,0.25,0.3530491871877488,0.5863045568388481,2,2,matched_unobserved_direction
copy,direction,0.5,0.3414314107790113,0.5153097070233488,2,2,matched_unobserved_direction
copy,direction,1.0,0.3334645847468527,0.4749623465826324,2,2,matched_unobserved_direction
copy,load,0.25,0.4881392812072368,0.4347476701071078,2,2,matched_unobserved_direction
copy,load,0.5,0.47117134001470073,0.4910192893571835,2,2,matched_unobserved_direction
copy,load,1.0,0.46348944626511757,0.5319153472428895,2,2,matched_unobserved_direction
copy,repeat,0.25,0.4947292525488094,0.43753303051472103,2,2,matched_unobserved_direction
copy,repeat,0.5,0.49536323012308325,0.491411229869062,2,2,matched_unobserved_direction
copy,repeat,1.0,0.48622662745958567,0.5341042186333743,2,2,matched_unobserved_direction
copy,single,0.25,0.527459646937112,0.4482082101441696,2,2,matched_unobserved_direction
copy,single,0.5,0.5098549255299485,0.5210839922160764,2,2,matched_unobserved_direction
copy,single,1.0,0.49633011347774614,0.5599028514887125,2,2,matched_unobserved_direction
copy,speed,0.25,0.49466746566470526,0.5415612581531363,2,2,matched_unobserved_direction
copy,speed,0.5,0.4901990969160095,0.5945154462803413,2,2,matched_unobserved_direction
copy,speed,1.0,0.4940307589102626,0.6264990203637295,2,2,matched_unobserved_direction
encoder,direction,0.25,0.23691583921511966,0.2898813273088314,2,2,matched_unobserved_direction
encoder,direction,0.5,0.22341256091992062,0.2787324125077734,2,2,matched_unobserved_direction
encoder,direction,1.0,0.21825585762659708,0.2610808294646424,2,2,matched_unobserved_direction
encoder,load,0.25,0.23418421298265457,0.25104849237882765,2,2,matched_unobserved_direction
encoder,load,0.5,0.22929807007312775,0.21721276052674088,2,2,matched_unobserved_direction
encoder,load,1.0,0.23832229773203534,0.18047588535538844,2,2,matched_unobserved_direction
encoder,repeat,0.25,0.23017484694719315,0.19597460508225317,2,2,matched_unobserved_direction
encoder,repeat,0.5,0.24272770931323367,0.21994228734677435,2,2,matched_unobserved_direction
encoder,repeat,1.0,0.23023623724778491,0.20856732323049515,2,2,matched_unobserved_direction
encoder,single,0.25,0.2391984636584918,0.2680068337478596,2,2,matched_unobserved_direction
encoder,single,0.5,0.24601568530003232,0.24312198386136252,2,2,matched_unobserved_direction
encoder,single,1.0,0.24465373158454895,0.1767002936643774,2,2,matched_unobserved_direction
encoder,speed,0.25,0.25222699095805484,0.2741207990429307,2,2,matched_unobserved_direction
encoder,speed,0.5,0.2538449888428052,0.2040801256714073,2,2,matched_unobserved_direction
encoder,speed,1.0,0.24182239671548206,0.19229499472558073,2,2,matched_unobserved_direction
encoder_wrong_support,direction,0.25,0.4506000826756159,0.2898813273088314,2,2,matched_unobserved_direction
encoder_wrong_support,direction,0.5,0.502607062458992,0.2787324125077735,2,2,matched_unobserved_direction
encoder_wrong_support,direction,1.0,0.5028994580109915,0.26560854233499936,2,2,matched_unobserved_direction
encoder_wrong_support,load,0.25,0.550040250023206,0.2752438061712081,2,2,matched_unobserved_direction
encoder_wrong_support,load,0.5,0.5607724189758301,0.3013871072370087,2,2,matched_unobserved_direction
encoder_wrong_support,load,1.0,0.5896361271540324,0.33699697908395976,2,2,matched_unobserved_direction
encoder_wrong_support,repeat,0.25,0.5062634696563085,0.26028648940879695,2,2,matched_unobserved_direction
encoder_wrong_support,repeat,0.5,0.6037161548932394,0.32299683506001586,2,2,matched_unobserved_direction
encoder_wrong_support,repeat,1.0,0.5660357773303986,0.3039119653339903,2,2,matched_unobserved_direction
encoder_wrong_support,single,0.25,0.5273086428642273,0.27472125672970327,2,2,matched_unobserved_direction
encoder_wrong_support,single,0.5,0.6017577648162842,0.31133746305279975,2,2,matched_unobserved_direction
encoder_wrong_support,single,1.0,0.5969590942064922,0.3346762057496307,2,2,matched_unobserved_direction
encoder_wrong_support,speed,0.25,0.5819668024778366,0.3201097438158049,2,2,matched_unobserved_direction
encoder_wrong_support,speed,0.5,0.6475970546404521,0.3787128245905473,2,2,matched_unobserved_direction
encoder_wrong_support,speed,1.0,0.6278865536053976,0.37218347037946564,2,2,matched_unobserved_direction
fixed_features,direction,0.25,0.15887177794652985,0.12491388007234838,2,2,matched_unobserved_direction
fixed_features,direction,0.5,0.1534001251875377,0.13534940248860783,2,2,matched_unobserved_direction
fixed_features,direction,1.0,0.1538424083677104,0.14559395794145946,2,2,matched_unobserved_direction
fixed_features,load,0.25,0.16291627096398112,0.13299525324328515,2,2,matched_unobserved_direction
fixed_features,load,0.5,0.14822609718206975,0.16251716041052439,2,2,matched_unobserved_direction
fixed_features,load,1.0,0.1440298425359427,0.1657407438885649,2,2,matched_unobserved_direction
fixed_features,repeat,0.25,0.15948267769839763,0.1470905778911496,2,2,matched_unobserved_direction
fixed_features,repeat,0.5,0.15453547601283163,0.1624833599691876,2,2,matched_unobserved_direction
fixed_features,repeat,1.0,0.14986362876332338,0.17081066432928316,2,2,matched_unobserved_direction
fixed_features,single,0.25,0.17318270756568097,0.13286319958101367,2,2,matched_unobserved_direction
fixed_features,single,0.5,0.15652704268674317,0.15744513600711668,2,2,matched_unobserved_direction
fixed_features,single,1.0,0.15026775666883485,0.17167909217892907,2,2,matched_unobserved_direction
fixed_features,speed,0.25,0.1611137414561905,0.17878303413208047,2,2,matched_unobserved_direction
fixed_features,speed,0.5,0.15564558604066409,0.17584653538287026,2,2,matched_unobserved_direction
fixed_features,speed,1.0,0.1489013040415128,0.1755195340178431,2,2,matched_unobserved_direction
retrieval,direction,0.25,0.16231753760544226,0.11345242895435581,2,2,matched_unobserved_direction
retrieval,direction,0.5,0.16231753760544226,0.11345242895435581,2,2,matched_unobserved_direction
retrieval,direction,1.0,0.16231753760544226,0.11345242895435581,2,2,matched_unobserved_direction
retrieval,load,0.25,0.16231753760544226,0.11345242895435581,2,2,matched_unobserved_direction
retrieval,load,0.5,0.16231753760544226,0.11345242895435581,2,2,matched_unobserved_direction
retrieval,load,1.0,0.16231753760544226,0.11345242895435581,2,2,matched_unobserved_direction
retrieval,repeat,0.25,0.16231753760544226,0.11345242895435581,2,2,matched_unobserved_direction
retrieval,repeat,0.5,0.16231753760544226,0.11345242895435581,2,2,matched_unobserved_direction
retrieval,repeat,1.0,0.16231753760544226,0.11345242895435581,2,2,matched_unobserved_direction
retrieval,single,0.25,0.16231753760544226,0.11345242895435581,2,2,matched_unobserved_direction
retrieval,single,0.5,0.16231753760544226,0.11345242895435581,2,2,matched_unobserved_direction
retrieval,single,1.0,0.16231753760544226,0.11345242895435581,2,2,matched_unobserved_direction
retrieval,speed,0.25,0.16231753760544226,0.11345242895435581,2,2,matched_unobserved_direction
retrieval,speed,0.5,0.16231753760544226,0.11345242895435581,2,2,matched_unobserved_direction
retrieval,speed,1.0,0.16231753760544226,0.11345242895435581,2,2,matched_unobserved_direction
speed_rescaling,direction,0.25,0.5216079164997298,0.369250797085739,2,2,matched_unobserved_direction
speed_rescaling,direction,0.5,0.4977846622792843,0.45236682608333956,2,2,matched_unobserved_direction
speed_rescaling,direction,1.0,0.4789994076704034,0.49664037404711486,2,2,matched_unobserved_direction
speed_rescaling,load,0.25,0.5216079164997298,0.369250797085739,2,2,matched_unobserved_direction
speed_rescaling,load,0.5,0.4977846622792843,0.45236682608333956,2,2,matched_unobserved_direction
speed_rescaling,load,1.0,0.4789994076704034,0.49664037404711486,2,2,matched_unobserved_direction
speed_rescaling,repeat,0.25,0.5216079164997298,0.369250797085739,2,2,matched_unobserved_direction
speed_rescaling,repeat,0.5,0.4977846622792843,0.45236682608333956,2,2,matched_unobserved_direction
speed_rescaling,repeat,1.0,0.4789994076704034,0.49664037404711486,2,2,matched_unobserved_direction
speed_rescaling,single,0.25,0.5216079164997298,0.369250797085739,2,2,matched_unobserved_direction
speed_rescaling,single,0.5,0.4977846622792843,0.45236682608333956,2,2,matched_unobserved_direction
speed_rescaling,single,1.0,0.4789994076704034,0.49664037404711486,2,2,matched_unobserved_direction
speed_rescaling,speed,0.25,0.5216079164997298,0.369250797085739,2,2,matched_unobserved_direction
speed_rescaling,speed,0.5,0.4977846622792843,0.45236682608333956,2,2,matched_unobserved_direction
speed_rescaling,speed,1.0,0.4789994076704034,0.49664037404711486,2,2,matched_unobserved_direction
