contrast,model,protocol_a,duration_a_s,protocol_b,duration_b_s,total_time_a_s,total_time_b_s,distance_a_mm,distance_b_mm,mean_mae_a,mean_mae_b,mean_improvement_b,ci95_low,ci95_high,surfaces,independent_groups
equal_total_time,conditions_only,single,1.0,repeat,0.5,1.0,1.0,40.0,40.0,0.30517300601332875,0.30517300601332875,0.0,0.0,0.0,2,2
equal_total_time,copy,single,1.0,repeat,0.5,1.0,1.0,40.0,40.0,0.6654646867517706,0.6664145147307193,-0.0009498279789486586,-0.015240858782324507,0.01334120282442719,2,2
equal_total_time,encoder,single,1.0,repeat,0.5,1.0,1.0,40.0,40.0,0.2823980806602372,0.27772315012084114,0.004674930539396077,-0.009790475169817625,0.01914033624860978,2,2
equal_total_time,encoder_wrong_support,single,1.0,repeat,0.5,1.0,1.0,40.0,40.0,0.4512463253405359,0.4583984588583311,-0.007152133517795173,-0.06181259618865126,0.04750832915306091,2,2
equal_total_time,fixed_features,single,1.0,repeat,0.5,1.0,1.0,40.0,40.0,0.23985813067611766,0.23993914018753293,-8.100951141526425e-05,-0.002476746651305206,0.0023147276284746776,2,2
equal_total_time,retrieval,single,1.0,repeat,0.5,1.0,1.0,40.0,40.0,0.15630075246011038,0.15630075246011038,0.0,0.0,0.0,2,2
equal_total_time,speed_rescaling,single,1.0,repeat,0.5,1.0,1.0,40.0,40.0,0.6312310347481552,0.6437063882661392,-0.012475353517984011,-0.014163601091535027,-0.010787105944432995,2,2
equal_total_time,conditions_only,single,0.5,repeat,0.25,0.5,0.5,20.0,20.0,0.30517300601332875,0.30517300601332875,0.0,0.0,0.0,2,2
equal_total_time,copy,single,0.5,repeat,0.25,0.5,0.5,20.0,20.0,0.67858424011695,0.6636138904119547,0.014970349704995223,-0.015643703507335127,0.04558440291732557,2,2
equal_total_time,encoder,single,0.5,repeat,0.25,0.5,0.5,20.0,20.0,0.27638204644123715,0.2768443769050969,-0.00046233046385976695,-0.0049235406849119645,0.003998879757192431,2,2
equal_total_time,encoder_wrong_support,single,0.5,repeat,0.25,0.5,0.5,20.0,20.0,0.4526562276813719,0.39464305548204315,0.05801317219932878,0.01441431211100691,0.10161203228765064,2,2
equal_total_time,fixed_features,single,0.5,repeat,0.25,0.5,0.5,20.0,20.0,0.24282571775991044,0.24158254579770966,0.0012431719622007925,-0.004701754931971225,0.00718809885637281,2,2
equal_total_time,retrieval,single,0.5,repeat,0.25,0.5,0.5,20.0,20.0,0.15630075246011038,0.15630075246011038,0.0,0.0,0.0,2,2
equal_total_time,speed_rescaling,single,0.5,repeat,0.25,0.5,0.5,20.0,20.0,0.6437063882661392,0.6579823111938635,-0.014275922927724283,-0.02125896694127216,-0.007292878914176404,2,2
equal_total_time,conditions_only,single,1.0,speed,0.5,1.0,1.0,40.0,30.0,0.30517300601332875,0.30517300601332875,0.0,0.0,0.0,2,2
equal_total_time,copy,single,1.0,speed,0.5,1.0,1.0,40.0,30.0,0.6654646867517706,0.664025386584394,0.0014393001673766448,-0.02711481390375592,0.02999341423850921,2,2
equal_total_time,encoder,single,1.0,speed,0.5,1.0,1.0,40.0,30.0,0.2823980806602372,0.29110556426975465,-0.008707483609517425,-0.02399367921882206,0.006578711999787212,2,2
equal_total_time,encoder_wrong_support,single,1.0,speed,0.5,1.0,1.0,40.0,30.0,0.4512463253405359,0.49162828011645215,-0.04038195477591627,-0.09836519095632767,0.017601281404495128,2,2
equal_total_time,fixed_features,single,1.0,speed,0.5,1.0,1.0,40.0,30.0,0.23985813067611766,0.24186101828196382,-0.002002887605846146,-0.0034524942208652987,-0.0005532809908269931,2,2
equal_total_time,retrieval,single,1.0,speed,0.5,1.0,1.0,40.0,30.0,0.15630075246011038,0.15630075246011038,0.0,0.0,0.0,2,2
equal_total_time,speed_rescaling,single,1.0,speed,0.5,1.0,1.0,40.0,30.0,0.6312310347481552,0.6442771315132276,-0.013046096765072401,-0.02368451170520236,-0.0024076818249424425,2,2
equal_total_time,conditions_only,single,0.5,speed,0.25,0.5,0.5,20.0,15.0,0.30517300601332875,0.30517300601332875,0.0,0.0,0.0,2,2
equal_total_time,copy,single,0.5,speed,0.25,0.5,0.5,20.0,15.0,0.67858424011695,0.6623025804720428,0.016281659644907076,-0.010069241037753973,0.042632560327568125,2,2
equal_total_time,encoder,single,0.5,speed,0.25,0.5,0.5,20.0,15.0,0.27638204644123715,0.28252146393060684,-0.006139417489369692,-0.018329516053199768,0.0060506810744603845,2,2
equal_total_time,encoder_wrong_support,single,0.5,speed,0.25,0.5,0.5,20.0,15.0,0.4526562276813719,0.446456623574098,0.006199604107273937,-0.03761210375361973,0.050011311968167604,2,2
equal_total_time,fixed_features,single,0.5,speed,0.25,0.5,0.5,20.0,15.0,0.24282571775991044,0.24587141319024527,-0.0030456954303348382,-0.005130807814767824,-0.0009605830459018527,2,2
equal_total_time,retrieval,single,0.5,speed,0.25,0.5,0.5,20.0,15.0,0.15630075246011038,0.15630075246011038,0.0,0.0,0.0,2,2
equal_total_time,speed_rescaling,single,0.5,speed,0.25,0.5,0.5,20.0,15.0,0.6437063882661392,0.6559307913926606,-0.012224403126521455,-0.018077200806586036,-0.006371605446456874,2,2
second_probe_choice,conditions_only,repeat,0.5,speed,0.5,1.0,1.0,40.0,30.0,0.30517300601332875,0.30517300601332875,0.0,0.0,0.0,2,2
second_probe_choice,copy,repeat,0.5,speed,0.5,1.0,1.0,40.0,30.0,0.6664145147307193,0.664025386584394,0.0023891281463253033,-0.04045601672818311,0.045234273020833715,2,2
second_probe_choice,encoder,repeat,0.5,speed,0.5,1.0,1.0,40.0,30.0,0.27772315012084114,0.29110556426975465,-0.013382414148913502,-0.014203204049004436,-0.012561624248822567,2,2
second_probe_choice,encoder_wrong_support,repeat,0.5,speed,0.5,1.0,1.0,40.0,30.0,0.4583984588583311,0.49162828011645215,-0.0332298212581211,-0.036552594767676416,-0.029907047748565785,2,2
second_probe_choice,fixed_features,repeat,0.5,speed,0.5,1.0,1.0,40.0,30.0,0.23993914018753293,0.24186101828196382,-0.0019218780944308816,-0.0028680086193016707,-0.0009757475695600926,2,2
second_probe_choice,retrieval,repeat,0.5,speed,0.5,1.0,1.0,40.0,30.0,0.15630075246011038,0.15630075246011038,0.0,0.0,0.0,2,2
second_probe_choice,speed_rescaling,repeat,0.5,speed,0.5,1.0,1.0,40.0,30.0,0.6437063882661392,0.6442771315132276,-0.00057074324708839,-0.012897405760769365,0.011755919266592585,2,2
equal_total_time,conditions_only,single,1.0,load,0.5,1.0,1.0,40.0,40.0,0.30517300601332875,0.30517300601332875,0.0,0.0,0.0,2,2
equal_total_time,copy,single,1.0,load,0.5,1.0,1.0,40.0,40.0,0.6654646867517706,0.6450833269410476,0.020381359810723088,0.01685724519669296,0.023905474424753215,2,2
equal_total_time,encoder,single,1.0,load,0.5,1.0,1.0,40.0,40.0,0.2823980806602372,0.2709345577491654,0.011463522911071777,-0.0004577446315023881,0.023384790453645943,2,2
equal_total_time,encoder_wrong_support,single,1.0,load,0.5,1.0,1.0,40.0,40.0,0.4512463253405359,0.42926047452621996,0.02198585081431595,-0.02137756596008944,0.06534926758872134,2,2
equal_total_time,fixed_features,single,1.0,load,0.5,1.0,1.0,40.0,40.0,0.23985813067611766,0.23940951745218053,0.0004486132239371471,-0.0012262314516804929,0.002123457899554787,2,2
equal_total_time,retrieval,single,1.0,load,0.5,1.0,1.0,40.0,40.0,0.15630075246011038,0.15630075246011038,0.0,0.0,0.0,2,2
equal_total_time,speed_rescaling,single,1.0,load,0.5,1.0,1.0,40.0,40.0,0.6312310347481552,0.6437063882661392,-0.012475353517984011,-0.014163601091535027,-0.010787105944432995,2,2
equal_total_time,conditions_only,single,0.5,load,0.25,0.5,0.5,20.0,20.0,0.30517300601332875,0.30517300601332875,0.0,0.0,0.0,2,2
equal_total_time,copy,single,0.5,load,0.25,0.5,0.5,20.0,20.0,0.67858424011695,0.6525678760395641,0.026016364077385834,0.008578515985760427,0.04345421216901124,2,2
equal_total_time,encoder,single,0.5,load,0.25,0.5,0.5,20.0,20.0,0.27638204644123715,0.26970781841211844,0.006674228029118684,0.005310363239712235,0.008038092818525133,2,2
equal_total_time,encoder_wrong_support,single,0.5,load,0.25,0.5,0.5,20.0,20.0,0.4526562276813719,0.4164662141766813,0.036190013504690616,0.03601637399858898,0.03636365301079225,2,2
equal_total_time,fixed_features,single,0.5,load,0.25,0.5,0.5,20.0,20.0,0.24282571775991044,0.24151511145059623,0.001310606309314219,0.0005944340781078861,0.002026778540520552,2,2
equal_total_time,retrieval,single,0.5,load,0.25,0.5,0.5,20.0,20.0,0.15630075246011038,0.15630075246011038,0.0,0.0,0.0,2,2
equal_total_time,speed_rescaling,single,0.5,load,0.25,0.5,0.5,20.0,20.0,0.6437063882661392,0.6579823111938635,-0.014275922927724283,-0.02125896694127216,-0.007292878914176404,2,2
second_probe_choice,conditions_only,repeat,0.5,load,0.5,1.0,1.0,40.0,40.0,0.30517300601332875,0.30517300601332875,0.0,0.0,0.0,2,2
second_probe_choice,copy,repeat,0.5,load,0.5,1.0,1.0,40.0,40.0,0.6664145147307193,0.6450833269410476,0.021331187789671746,0.010564271600326025,0.03209810397901747,2,2
second_probe_choice,encoder,repeat,0.5,load,0.5,1.0,1.0,40.0,40.0,0.27772315012084114,0.2709345577491654,0.0067885923716757,0.004244454205036163,0.009332730538315237,2,2
second_probe_choice,encoder_wrong_support,repeat,0.5,load,0.5,1.0,1.0,40.0,40.0,0.4583984588583311,0.42926047452621996,0.029137984332111122,0.017840938435660425,0.04043503022856182,2,2
second_probe_choice,fixed_features,repeat,0.5,load,0.5,1.0,1.0,40.0,40.0,0.23993914018753293,0.23940951745218053,0.0005296227353524113,-0.00019126972891989058,0.0012505151996247132,2,2
second_probe_choice,retrieval,repeat,0.5,load,0.5,1.0,1.0,40.0,40.0,0.15630075246011038,0.15630075246011038,0.0,0.0,0.0,2,2
second_probe_choice,speed_rescaling,repeat,0.5,load,0.5,1.0,1.0,40.0,40.0,0.6437063882661392,0.6437063882661392,0.0,0.0,0.0,2,2
equal_total_time,conditions_only,single,1.0,direction,0.5,1.0,1.0,40.0,40.0,0.30517300601332875,0.30517300601332875,0.0,0.0,0.0,2,2
equal_total_time,copy,single,1.0,direction,0.5,1.0,1.0,40.0,40.0,0.6654646867517706,0.43175219733492964,0.23371248941684103,0.19993427754539134,0.2674907012882907,2,2
equal_total_time,encoder,single,1.0,direction,0.5,1.0,1.0,40.0,40.0,0.2823980806602372,0.2640365275243918,0.018361553135845407,0.0039338726136419755,0.03278923365804884,2,2
equal_total_time,encoder_wrong_support,single,1.0,direction,0.5,1.0,1.0,40.0,40.0,0.4512463253405359,0.3981389842099614,0.0531073411305745,-0.003025806612438675,0.10924048887358767,2,2
equal_total_time,fixed_features,single,1.0,direction,0.5,1.0,1.0,40.0,40.0,0.23985813067611766,0.23981188708624301,4.624358987467825e-05,-0.0004067092281038742,0.0004991964078532307,2,2
equal_total_time,retrieval,single,1.0,direction,0.5,1.0,1.0,40.0,40.0,0.15630075246011038,0.15630075246011038,0.0,0.0,0.0,2,2
equal_total_time,speed_rescaling,single,1.0,direction,0.5,1.0,1.0,40.0,40.0,0.6312310347481552,0.5251882111821946,0.10604282356596062,0.0963351021419726,0.11575054498994863,2,2
equal_total_time,conditions_only,single,0.5,direction,0.25,0.5,0.5,20.0,20.0,0.30517300601332875,0.30517300601332875,0.0,0.0,0.0,2,2
equal_total_time,copy,single,0.5,direction,0.25,0.5,0.5,20.0,20.0,0.67858424011695,0.44605880321925584,0.23252543689769412,0.18928499230687262,0.2757658814885156,2,2
equal_total_time,encoder,single,0.5,direction,0.25,0.5,0.5,20.0,20.0,0.27638204644123715,0.2724960731963317,0.003885973244905472,0.0036984061201413843,0.004073540369669559,2,2
equal_total_time,encoder_wrong_support,single,0.5,direction,0.25,0.5,0.5,20.0,20.0,0.4526562276813719,0.3574984280599488,0.09515779962142312,0.08673699200153356,0.10357860724131268,2,2
equal_total_time,fixed_features,single,0.5,direction,0.25,0.5,0.5,20.0,20.0,0.24282571775991044,0.23994697445318142,0.0028787433067290064,0.0026375668169354993,0.0031199197965225134,2,2
equal_total_time,retrieval,single,0.5,direction,0.25,0.5,0.5,20.0,20.0,0.15630075246011038,0.15630075246011038,0.0,0.0,0.0,2,2
equal_total_time,speed_rescaling,single,0.5,direction,0.25,0.5,0.5,20.0,20.0,0.6437063882661392,0.5438260229465406,0.09988036531959865,0.09800866232208838,0.10175206831710892,2,2
second_probe_choice,conditions_only,repeat,0.5,direction,0.5,1.0,1.0,40.0,40.0,0.30517300601332875,0.30517300601332875,0.0,0.0,0.0,2,2
second_probe_choice,copy,repeat,0.5,direction,0.5,1.0,1.0,40.0,40.0,0.6664145147307193,0.43175219733492964,0.2346623173957897,0.21517513632771584,0.25414949846386353,2,2
second_probe_choice,encoder,repeat,0.5,direction,0.5,1.0,1.0,40.0,40.0,0.27772315012084114,0.2640365275243918,0.01368662259644933,0.01364889740943906,0.0137243477834596,2,2
second_probe_choice,encoder_wrong_support,repeat,0.5,direction,0.5,1.0,1.0,40.0,40.0,0.4583984588583311,0.3981389842099614,0.06025947464836967,0.058786789576212584,0.06173215972052676,2,2
second_probe_choice,fixed_features,repeat,0.5,direction,0.5,1.0,1.0,40.0,40.0,0.23993914018753293,0.23981188708624301,0.0001272531012899425,-0.002721436856578552,0.002975943059158437,2,2
second_probe_choice,retrieval,repeat,0.5,direction,0.5,1.0,1.0,40.0,40.0,0.15630075246011038,0.15630075246011038,0.0,0.0,0.0,2,2
second_probe_choice,speed_rescaling,repeat,0.5,direction,0.5,1.0,1.0,40.0,40.0,0.6437063882661392,0.5251882111821946,0.11851817708394463,0.1071222080864056,0.12991414608148366,2,2
