model,protocol,duration_s,log_power_mae,modeled_band_total_rms_error,surfaces,evaluation_partition
conditions_only,direction,0.25,0.30517300601332875,0.4544320935771835,2,selection
conditions_only,direction,0.5,0.30517300601332875,0.4544320935771835,2,selection
conditions_only,direction,1.0,0.30517300601332875,0.4544320935771835,2,selection
conditions_only,load,0.25,0.30517300601332875,0.4544320935771835,2,selection
conditions_only,load,0.5,0.30517300601332875,0.4544320935771835,2,selection
conditions_only,load,1.0,0.30517300601332875,0.4544320935771835,2,selection
conditions_only,repeat,0.25,0.30517300601332875,0.4544320935771835,2,selection
conditions_only,repeat,0.5,0.30517300601332875,0.4544320935771835,2,selection
conditions_only,repeat,1.0,0.30517300601332875,0.4544320935771835,2,selection
conditions_only,single,0.25,0.30517300601332875,0.4544320935771835,2,selection
conditions_only,single,0.5,0.30517300601332875,0.4544320935771835,2,selection
conditions_only,single,1.0,0.30517300601332875,0.4544320935771835,2,selection
conditions_only,speed,0.25,0.30517300601332875,0.4544320935771835,2,selection
conditions_only,speed,0.5,0.30517300601332875,0.4544320935771835,2,selection
conditions_only,speed,1.0,0.30517300601332875,0.4544320935771835,2,selection
copy,direction,0.25,0.44605880321925584,0.5713181806188407,2,selection
copy,direction,0.5,0.43175219733492964,0.5713181806188407,2,selection
copy,direction,1.0,0.4262541933842344,0.5713181806188407,2,selection
copy,load,0.25,0.6525678760395641,0.8168996048730406,2,selection
copy,load,0.5,0.6450833269410476,0.8511487257871486,2,selection
copy,load,1.0,0.6407156942016905,0.8814953642804886,2,selection
copy,repeat,0.25,0.6636138904119547,0.816931249169887,2,selection
copy,repeat,0.5,0.6664145147307193,0.8508107298469689,2,selection
copy,repeat,1.0,0.6582664160402849,0.8820686157872172,2,selection
copy,single,0.25,0.6854062675047754,0.8248407638005005,2,selection
copy,single,0.5,0.67858424011695,0.8718547514641154,2,selection
copy,single,1.0,0.6654646867517706,0.9078672486425553,2,selection
copy,speed,0.25,0.6623025804720428,0.890417629901694,2,selection
copy,speed,0.5,0.664025386584394,0.942479843434184,2,selection
copy,speed,1.0,0.6652955071081816,0.9744634175175724,2,selection
encoder,direction,0.25,0.2724960731963317,0.47690685586435944,2,selection
encoder,direction,0.5,0.2640365275243918,0.47679589904946773,2,selection
encoder,direction,1.0,0.26398498482174343,0.47099129258315403,2,selection
encoder,load,0.25,0.26970781841211844,0.4815049638183599,2,selection
encoder,load,0.5,0.2709345577491654,0.47164785402259474,2,selection
encoder,load,1.0,0.2751271364589532,0.46058528352844375,2,selection
encoder,repeat,0.25,0.2768443769050969,0.45112706617869325,2,selection
encoder,repeat,0.5,0.27772315012084114,0.47537633253134703,2,selection
encoder,repeat,1.0,0.27061528174413574,0.4717976094475397,2,selection
encoder,single,0.25,0.2750807868109809,0.4774234819197297,2,selection
encoder,single,0.5,0.27638204644123715,0.47448993805483863,2,selection
encoder,single,1.0,0.2823980806602372,0.43854008492769236,2,selection
encoder,speed,0.25,0.28252146393060684,0.5170247636581973,2,selection
encoder,speed,0.5,0.29110556426975465,0.4839951520356362,2,selection
encoder,speed,1.0,0.2858482760687669,0.4828640670692674,2,selection
encoder_wrong_support,direction,0.25,0.3574984280599488,0.49125304528320324,2,selection
encoder_wrong_support,direction,0.5,0.3981389842099614,0.5002471355168573,2,selection
encoder_wrong_support,direction,1.0,0.40142105271418893,0.4963203468025425,2,selection
encoder_wrong_support,load,0.25,0.4164662141766813,0.517513921576426,2,selection
encoder_wrong_support,load,0.5,0.42926047452621996,0.5141189214009018,2,selection
encoder_wrong_support,load,1.0,0.44500908296969205,0.5099689098448111,2,selection
encoder_wrong_support,repeat,0.25,0.39464305548204315,0.49002711549065536,2,selection
encoder_wrong_support,repeat,0.5,0.4583984588583311,0.5237407474113347,2,selection
encoder_wrong_support,repeat,1.0,0.43241970365246135,0.5139078399880441,2,selection
encoder_wrong_support,single,0.25,0.3946205671462748,0.5069327651561883,2,selection
encoder_wrong_support,single,0.5,0.4526562276813719,0.5202638493545,2,selection
encoder_wrong_support,single,1.0,0.4512463253405359,0.4961203379581266,2,selection
encoder_wrong_support,speed,0.25,0.446456623574098,0.5416094952240073,2,selection
encoder_wrong_support,speed,0.5,0.49162828011645215,0.5268940568361147,2,selection
encoder_wrong_support,speed,1.0,0.4791681642333666,0.5222254654861966,2,selection
fixed_features,direction,0.25,0.23994697445318142,0.34371721959389745,2,selection
fixed_features,direction,0.5,0.23981188708624301,0.3353238551122462,2,selection
fixed_features,direction,1.0,0.24010166247420173,0.3327981672550827,2,selection
fixed_features,load,0.25,0.24151511145059623,0.34778172963403853,2,selection
fixed_features,load,0.5,0.23940951745218053,0.3708532466235493,2,selection
fixed_features,load,1.0,0.23830766541536108,0.37301609422528914,2,selection
fixed_features,repeat,0.25,0.24158254579770966,0.37381397067417466,2,selection
fixed_features,repeat,0.5,0.23993914018753293,0.3789811212060866,2,selection
fixed_features,repeat,1.0,0.23857086157939794,0.36507508212267753,2,selection
fixed_features,single,0.25,0.24791864936345526,0.3304667977153638,2,selection
fixed_features,single,0.5,0.24282571775991044,0.344377507114983,2,selection
fixed_features,single,1.0,0.23985813067611766,0.3577101391917405,2,selection
fixed_features,speed,0.25,0.24587141319024527,0.35311816249431904,2,selection
fixed_features,speed,0.5,0.24186101828196382,0.3666273163675325,2,selection
fixed_features,speed,1.0,0.23974835087325747,0.3714296011404493,2,selection
retrieval,direction,0.25,0.15630075246011038,0.09499688002209955,2,selection
retrieval,direction,0.5,0.15630075246011038,0.09499688002209955,2,selection
retrieval,direction,1.0,0.15630075246011038,0.09499688002209955,2,selection
retrieval,load,0.25,0.15630075246011038,0.09499688002209955,2,selection
retrieval,load,0.5,0.15630075246011038,0.09499688002209955,2,selection
retrieval,load,1.0,0.15630075246011038,0.09499688002209955,2,selection
retrieval,repeat,0.25,0.15630075246011038,0.09499688002209955,2,selection
retrieval,repeat,0.5,0.15630075246011038,0.09499688002209955,2,selection
retrieval,repeat,1.0,0.15630075246011038,0.09499688002209955,2,selection
retrieval,single,0.25,0.15630075246011038,0.09499688002209955,2,selection
retrieval,single,0.5,0.15630075246011038,0.09499688002209955,2,selection
retrieval,single,1.0,0.15630075246011038,0.09499688002209955,2,selection
retrieval,speed,0.25,0.15630075246011038,0.09499688002209955,2,selection
retrieval,speed,0.5,0.15630075246011038,0.09499688002209955,2,selection
retrieval,speed,1.0,0.15630075246011038,0.09499688002209955,2,selection
speed_rescaling,direction,0.25,0.5438260229465406,0.757543548512465,2,selection
speed_rescaling,direction,0.5,0.5251882111821946,0.7280595044031151,2,selection
speed_rescaling,direction,1.0,0.5097782268330417,0.7100442038081862,2,selection
speed_rescaling,load,0.25,0.6579823111938635,0.7583129245150702,2,selection
speed_rescaling,load,0.5,0.6437063882661392,0.8003471083704163,2,selection
speed_rescaling,load,1.0,0.6312310347481552,0.833531739465931,2,selection
speed_rescaling,repeat,0.25,0.6579823111938635,0.7583129245150702,2,selection
speed_rescaling,repeat,0.5,0.6437063882661392,0.8003471083704163,2,selection
speed_rescaling,repeat,1.0,0.6312310347481552,0.833531739465931,2,selection
speed_rescaling,single,0.25,0.6579823111938635,0.7583129245150702,2,selection
speed_rescaling,single,0.5,0.6437063882661392,0.8003471083704163,2,selection
speed_rescaling,single,1.0,0.6312310347481552,0.833531739465931,2,selection
speed_rescaling,speed,0.25,0.6559307913926606,0.7646484347381082,2,selection
speed_rescaling,speed,0.5,0.6442771315132276,0.8342355093276825,2,selection
speed_rescaling,speed,1.0,0.6324257669776707,0.8754301390195273,2,selection
conditions_only,direction,0.25,0.35392729700923864,0.89340126988469,2,transfer
conditions_only,direction,0.5,0.35392729700923864,0.89340126988469,2,transfer
conditions_only,direction,1.0,0.35392729700923864,0.89340126988469,2,transfer
conditions_only,load,0.25,0.35392729700923864,0.89340126988469,2,transfer
conditions_only,load,0.5,0.35392729700923864,0.89340126988469,2,transfer
conditions_only,load,1.0,0.35392729700923864,0.89340126988469,2,transfer
conditions_only,repeat,0.25,0.35392729700923864,0.89340126988469,2,transfer
conditions_only,repeat,0.5,0.35392729700923864,0.89340126988469,2,transfer
conditions_only,repeat,1.0,0.35392729700923864,0.89340126988469,2,transfer
conditions_only,single,0.25,0.35392729700923864,0.89340126988469,2,transfer
conditions_only,single,0.5,0.35392729700923864,0.89340126988469,2,transfer
conditions_only,single,1.0,0.35392729700923864,0.89340126988469,2,transfer
conditions_only,speed,0.25,0.35392729700923864,0.89340126988469,2,transfer
conditions_only,speed,0.5,0.35392729700923864,0.89340126988469,2,transfer
conditions_only,speed,1.0,0.35392729700923864,0.89340126988469,2,transfer
copy,direction,0.25,0.43844615805172416,0.5920185316811875,2,transfer
copy,direction,0.5,0.425130072083565,0.5956064790365451,2,transfer
copy,direction,1.0,0.4190459023715144,0.6009890368245573,2,transfer
copy,load,0.25,0.6412798907684473,1.213037348167616,2,transfer
copy,load,0.5,0.634431001186317,1.2693089674176914,2,transfer
copy,load,1.0,0.6321499623553284,1.3102050253033977,2,transfer
copy,repeat,0.25,0.6540872634528532,1.2158227085752291,2,transfer
copy,repeat,0.5,0.656339275062151,1.26970090792957,2,transfer
copy,repeat,1.0,0.6485206789492305,1.3123938966938824,2,transfer
copy,single,0.25,0.6776162481845251,1.2264978882046778,2,transfer
copy,single,0.5,0.6675958744642572,1.2993736702765846,2,transfer
copy,single,1.0,0.6545862968249748,1.3381925295492207,2,transfer
copy,speed,0.25,0.652299632721423,1.3198509362136444,2,transfer
copy,speed,0.5,0.6532785096808961,1.3728051243408494,2,transfer
copy,speed,1.0,0.6540173159656494,1.4047886984242375,2,transfer
encoder,direction,0.25,0.31544275023043156,0.9320203071920723,2,transfer
encoder,direction,0.5,0.3046073180933794,0.9323578159063224,2,transfer
encoder,direction,1.0,0.30379747971892357,0.926206394685736,2,transfer
encoder,load,0.25,0.30850517998139065,0.9271664929043657,2,transfer
encoder,load,0.5,0.3083178196102381,0.9161856490018399,2,transfer
encoder,load,1.0,0.3111205995082855,0.9041164096243703,2,transfer
encoder,repeat,0.25,0.31387523313363397,0.894445043171989,2,transfer
encoder,repeat,0.5,0.31449818424880505,0.9182086374662066,2,transfer
encoder,repeat,1.0,0.30774863002200925,0.9176297641589243,2,transfer
encoder,single,0.25,0.31516225325564545,0.9247450434921114,2,transfer
encoder,single,0.5,0.3141448746124903,0.9190781849470175,2,transfer
encoder,single,1.0,0.3167386402686437,0.8791274014512056,2,transfer
encoder,speed,0.25,0.3237419445067644,0.9695269711229682,2,transfer
encoder,speed,0.5,0.3281248677521944,0.9312215795850289,2,transfer
encoder,speed,1.0,0.3224361166357994,0.9321208184394114,2,transfer
encoder_wrong_support,direction,0.25,0.40186129634579026,0.9340444799325278,2,transfer
encoder_wrong_support,direction,0.5,0.44459018111228943,0.9388303359254038,2,transfer
encoder_wrong_support,direction,1.0,0.4472170968850454,0.9336983634557474,2,transfer
encoder_wrong_support,load,0.25,0.4622739218175411,0.9436493481898399,2,transfer
encoder_wrong_support,load,0.5,0.4747583754360676,0.9366897778054444,2,transfer
encoder_wrong_support,load,1.0,0.4902355745434761,0.9288077561271042,2,transfer
encoder_wrong_support,repeat,0.25,0.43725165724754333,0.9140188129950486,2,transfer
encoder_wrong_support,repeat,0.5,0.5048108883202076,0.9426944903907405,2,transfer
encoder_wrong_support,repeat,1.0,0.4780088675518831,0.9374066303870372,2,transfer
encoder_wrong_support,single,0.25,0.4395675684014956,0.9369188732969016,2,transfer
encoder_wrong_support,single,0.5,0.49937418724099797,0.9411176746923717,2,transfer
encoder_wrong_support,single,1.0,0.49561726301908493,0.9098290507315272,2,transfer
encoder_wrong_support,speed,0.25,0.494711476067702,0.978530435908426,2,transfer
encoder_wrong_support,speed,0.5,0.5390107346077759,0.9505822865786955,2,transfer
encoder_wrong_support,speed,1.0,0.5259153271714847,0.9492791028556773,2,transfer
fixed_features,direction,0.25,0.30976640079011736,0.835258432266964,2,transfer
fixed_features,direction,0.5,0.31095191364111263,0.8266148269887408,2,transfer
fixed_features,direction,1.0,0.3100871303495159,0.8240493189449172,2,transfer
fixed_features,load,0.25,0.3081574608175127,0.8389489642152733,2,transfer
fixed_features,load,0.5,0.30794001949068195,0.8602281214087716,2,transfer
fixed_features,load,1.0,0.30727743267161206,0.8624076376098961,2,transfer
fixed_features,repeat,0.25,0.3103115495127443,0.8629419424236366,2,transfer
fixed_features,repeat,0.5,0.30827688323124225,0.8677437041906367,2,transfer
fixed_features,repeat,1.0,0.3067196554349993,0.854852266167488,2,transfer
fixed_features,single,0.25,0.31233636593224645,0.822866448268658,2,transfer
fixed_features,single,0.5,0.30958697956275405,0.8355396852887749,2,transfer
fixed_features,single,1.0,0.3083459467683999,0.8479615002920604,2,transfer
fixed_features,speed,0.25,0.3093305556679778,0.84416168223049,2,transfer
fixed_features,speed,0.5,0.3085490673916442,0.8564039907039389,2,transfer
fixed_features,speed,1.0,0.3079656078259325,0.8607772254377173,2,transfer
retrieval,direction,0.25,0.32995087693555814,0.7598086911029271,2,transfer
retrieval,direction,0.5,0.32995087693555814,0.7598086911029271,2,transfer
retrieval,direction,1.0,0.32995087693555814,0.7598086911029271,2,transfer
retrieval,load,0.25,0.32995087693555814,0.7598086911029271,2,transfer
retrieval,load,0.5,0.32995087693555814,0.7598086911029271,2,transfer
retrieval,load,1.0,0.32995087693555814,0.7598086911029271,2,transfer
retrieval,repeat,0.25,0.32995087693555814,0.7598086911029271,2,transfer
retrieval,repeat,0.5,0.32995087693555814,0.7598086911029271,2,transfer
retrieval,repeat,1.0,0.32995087693555814,0.7598086911029271,2,transfer
retrieval,single,0.25,0.32995087693555814,0.7598086911029271,2,transfer
retrieval,single,0.5,0.32995087693555814,0.7598086911029271,2,transfer
retrieval,single,1.0,0.32995087693555814,0.7598086911029271,2,transfer
retrieval,speed,0.25,0.32995087693555814,0.7598086911029271,2,transfer
retrieval,speed,0.5,0.32995087693555814,0.7598086911029271,2,transfer
retrieval,speed,1.0,0.32995087693555814,0.7598086911029271,2,transfer
speed_rescaling,direction,0.25,0.5341917619261741,0.7619613001989003,2,transfer
speed_rescaling,direction,0.5,0.5201402047770813,0.7632294699020131,2,transfer
speed_rescaling,direction,1.0,0.5067388102253687,0.7662596417340832,2,transfer
speed_rescaling,load,0.25,0.6656118940675322,1.1214132906463,2,transfer
speed_rescaling,load,0.5,0.6534373169702488,1.2073858645203277,2,transfer
speed_rescaling,load,1.0,0.6366769746054672,1.2523584854862502,2,transfer
speed_rescaling,repeat,0.25,0.6656118940675322,1.1214132906463,2,transfer
speed_rescaling,repeat,0.5,0.6534373169702488,1.2073858645203277,2,transfer
speed_rescaling,repeat,1.0,0.6366769746054672,1.2523584854862502,2,transfer
speed_rescaling,single,0.25,0.6656118940675322,1.1214132906463,2,transfer
speed_rescaling,single,0.5,0.6534373169702488,1.2073858645203277,2,transfer
speed_rescaling,single,1.0,0.6366769746054672,1.2523584854862502,2,transfer
speed_rescaling,speed,0.25,0.6656118940675322,1.1214132906463,2,transfer
speed_rescaling,speed,0.5,0.6534373169702488,1.2073858645203277,2,transfer
speed_rescaling,speed,1.0,0.6366769746054672,1.2523584854862502,2,transfer
