recording_id,channel,archive_member,rows,original_mean_logged_rate_hz,max_rounded_timestamp_difference_ns,float32_signal_exact,original_sha256,mirror_sha256,member_crc32,member_bytes,compressed_bytes
0_0_20_500_0,accel,cluster_haptic_texture_dataset/sensor_data/accel/0/0_0_20_500_0.csv,42699,8667.337486407172,0,True,6b183aa0a4479720150ac94fa2e7760b086f869a94bd164c06143ec08178ab48,1b903ccf1536dbece8b60a4646e72b0c49d7958f3c94a876ceb36909ecccf6f9,43566324,1585769,363011
0_0_20_500_0,force,cluster_haptic_texture_dataset/sensor_data/force/0/0_0_20_500_0.csv,42699,8667.337486407172,0,True,8d76976fce8eb0eb5f5d98041c6e48b5616390d050693323b5182051a2ea11b9,a55dd632892093c656d3393c00aacd5eb1c99d1a23225e0478ec13a508b9f529,e6877655,1037253,162731
0_0_20_500_0,position,cluster_haptic_texture_dataset/sensor_data/position/0/0_0_20_500_0.csv,493,100.02287108332698,0,True,2daab2cb83fd0e29a533ec436439d9e387aee498e06308ee1770d995a6aaa838,d7e0aba767fc39159ad40182a14cf72c090a4084319ffb395226b2a7bea0cbd8,7dbce6f0,9357,3246
0_0_40_500_0,accel,cluster_haptic_texture_dataset/sensor_data/accel/0/0_0_40_500_0.csv,22479,8610.23828503114,0,True,252606c84a07094991b5efd87e29df7dbe3e1852a3dd333e5382ac5bf24668ce,1233002c71ef4fde297d5082ca5148fa484456d6f897928bc69d5f92b623859e,a7946801,850752,200745
0_0_40_500_0,force,cluster_haptic_texture_dataset/sensor_data/force/0/0_0_40_500_0.csv,22479,8610.23828503114,0,True,d4b164e22b4f7c1901ff7db654c32ac7e2dc4c11b36404972228029219b83d72,36e093ef9f48858c8a8e1cfc2f07d328681cf44d4c274a801a4af20e3ec93293,bc34080d,555745,89854
0_0_40_500_0,position,cluster_haptic_texture_dataset/sensor_data/position/0/0_0_40_500_0.csv,262,99.99015422619306,0,True,1e2dc6e92fc7b86ce89be43512e77fb74515957b62dfd87d7e47df0cb0dbde26,f533aaca9e13443a2a2cd9545d9878533cda57b762447be72c39c07e7314e315,674bef75,4983,1772
0_0_40_1000_1,accel,cluster_haptic_texture_dataset/sensor_data/accel/0/0_0_40_1000_1.csv,22659,8646.111577501333,0,True,358439725dee6a9843504d77405f57844f2e6804cd945f6ea5ffc551691b67ac,317ee466b4b3a457203f2908577acd626a23a795572c56a31918773c39d1c166,01b43101,856172,204659
0_0_40_1000_1,force,cluster_haptic_texture_dataset/sensor_data/force/0/0_0_40_1000_1.csv,22659,8646.111577501333,0,True,1f74c03b96262eb484eafa1891689e6ff0473f15b47cca135d643c9a0ca17f36,3a1bcc994ab72a00e6bf8fee48c342f8cce3998efebbea45ae6a17fb2510ff72,f5f42e9d,563029,91758
0_0_40_1000_1,position,cluster_haptic_texture_dataset/sensor_data/position/0/0_0_40_1000_1.csv,263,100.01511678864439,0,True,5f871678fb2656afef7f4842dc3b875db7e6e9e47fb1928b1a2a5184bf367dc6,5132856ad0e9ab1de1034b0f05a24361dec2e7d5cd9cd81b6706aa8e40207660,c2004874,4999,1737
0_90_40_500_0,accel,cluster_haptic_texture_dataset/sensor_data/accel/0/0_90_40_500_0.csv,22343,8567.542351660379,0,True,1cd7ded345f53643b901f5401cd726a0c7f3f4425003fc73b09cdcec997768f4,e4d1cbef287f6883e719557f2a36817bec07f435449397d345cc83f448841b18,ff9f10f7,856453,225568
0_90_40_500_0,force,cluster_haptic_texture_dataset/sensor_data/force/0/0_90_40_500_0.csv,22343,8567.542351660379,0,True,a5dbf95465807c2c720e98dad7b72e675fcf27d80ea8c3e03c6ac4b39370833c,4fa10e79ffe4b8ecb92e1e6d6ad06e214eae5084a494bbc5f81d8aff83238849,4aface2f,550258,93516
0_90_40_500_0,position,cluster_haptic_texture_dataset/sensor_data/position/0/0_90_40_500_0.csv,261,100.05056401581415,0,True,76d28d0c24fdb01fd772a599dd01a92e81100d0f65ba65838325770fa4151c5e,64361a5c1d86e35dc41e30faec4f2eb77bb4d2a3fb75fb51817b7358c46ce108,44fb8f37,4965,1746
0_45_60_1000_1,accel,cluster_haptic_texture_dataset/sensor_data/accel/0/0_45_60_1000_1.csv,15468,8585.222781729855,0,True,c5951b2967f2bcc5c8fbac827244e6ef6eb106db0fea84a674e1c9c7b8c8f088,f23a28e0a93da5e589f75bd4d4f54653a304c221f2f7f2917c001999a53e3105,983c5cef,595703,152640
0_45_60_1000_1,force,cluster_haptic_texture_dataset/sensor_data/force/0/0_45_60_1000_1.csv,15468,8585.222781729855,0,True,1ecae789fc7b27fec1693bd5aa3d4edc534bc693e12f8f454efafb6ac831cb03,c2ab0ea639e33027e2e1db2317e8ac15582ca812ff3c01e1b768416cf8589631,bfb9c9f4,385080,63800
0_45_60_1000_1,position,cluster_haptic_texture_dataset/sensor_data/position/0/0_45_60_1000_1.csv,181,99.97600575861793,0,True,43f9d56e77acb8c33142a06340fdf3d4f447e43feee6639dc091e9ffd01f60fc,06203771b9231fb168c40d5cafc18534580e29bdcc90d2b48d8ab228ee4b97d5,0f1cb5dd,3804,1440
