speed_mm_s,direction_deg,nominal_force_N,recordings,heading_abs_median_deg,heading_abs_max_deg,force_ratio_median,force_ratio_min,force_ratio_max,force_trend_abs_median_N,travel_ratio_median,travel_ratio_min,travel_ratio_max
20,0,0.5,20,0.00048375902099451196,0.00048375902099451196,1.062534007094135,1.0289363774978157,1.117605116374198,0.005090896448126125,0.9902574422532864,0.9664535907506153,1.0020801600461573
20,45,1.0,20,0.01602282019692325,0.06525357585036318,1.0390000343322754,1.0110309125456811,1.1240889341269802,0.011409102896921958,0.9924019211529338,0.9739936639406037,1.0022790286891525
20,90,1.0,20,0.00048375902099451196,0.00048375902099451196,1.0300464191592356,1.014586572622525,1.1107889330508618,0.013781290197493246,0.9903006123932424,0.9749912360654864,1.0004977877429129
40,0,0.5,20,0.00048375902099451196,0.00048375902099451196,1.0574653213786274,1.0356701458261135,1.1241225123846394,0.005592438385991907,0.9885277849779548,0.9674472172505949,1.0088750399631379
40,0,1.0,20,0.00048375902099451196,0.00048375902099451196,1.0373638511626626,0.9914757043694095,1.068342023025786,0.006238074190880003,0.9858656955342011,0.9766406011484083,0.9978662494641612
40,45,1.0,20,0.0077998516898958314,0.028851754006439023,1.0438771917410512,1.0099999904632568,1.1085329072319317,0.011436632610844662,0.9936271583194125,0.9806503005905673,1.0072525601883233
40,90,0.5,20,0.00048375902099451196,0.00048375902099451196,1.056292624816999,1.0163022325718833,1.164328031777592,0.015433649645190851,0.9881262960774928,0.972555591302012,0.9987694618661381
40,90,1.0,20,0.00048375902099451196,0.00048375902099451196,1.0249241372361098,1.0107455015510354,1.0980043511911008,0.017195176842599597,0.989819291901247,0.9807414456046581,1.0088343723662745
60,45,1.0,20,0.0045594357217737524,0.014918003770020505,1.0504798934852553,1.0097674606850147,1.094965220422958,0.01423285655181599,0.9993330857028309,0.98429539103759,1.0059425525898742
60,90,1.0,20,0.00048375902099451196,0.00048375902099451196,1.0311634412935617,1.0088287115802763,1.0867826937690346,0.02266954546427713,0.9907405544154062,0.9753550311469747,1.0106463799055183
