experiment_name,evaluation_partition,model,protocol,duration_s,log_power_mae,modeled_band_total_rms_error,surfaces
expanded,selection,conditions_only,direction,0.25,0.3225057499661472,0.3123353141163484,2
expanded,selection,conditions_only,direction,0.5,0.3225057499661472,0.3123353141163484,2
expanded,selection,conditions_only,direction,1.0,0.3225057499661472,0.3123353141163484,2
expanded,selection,conditions_only,load,0.25,0.3225057499661472,0.3123353141163484,2
expanded,selection,conditions_only,load,0.5,0.3225057499661472,0.3123353141163484,2
expanded,selection,conditions_only,load,1.0,0.3225057499661472,0.3123353141163484,2
expanded,selection,conditions_only,repeat,0.25,0.3225057499661472,0.3123353141163484,2
expanded,selection,conditions_only,repeat,0.5,0.3225057499661472,0.3123353141163484,2
expanded,selection,conditions_only,repeat,1.0,0.3225057499661472,0.3123353141163484,2
expanded,selection,conditions_only,single,0.25,0.3225057499661472,0.3123353141163484,2
expanded,selection,conditions_only,single,0.5,0.3225057499661472,0.3123353141163484,2
expanded,selection,conditions_only,single,1.0,0.3225057499661472,0.3123353141163484,2
expanded,selection,conditions_only,speed,0.25,0.3225057499661472,0.3123353141163484,2
expanded,selection,conditions_only,speed,0.5,0.3225057499661472,0.3123353141163484,2
expanded,selection,conditions_only,speed,1.0,0.3225057499661472,0.3123353141163484,2
expanded,selection,copy,direction,0.25,0.5218409718373415,0.7246495134806273,2
expanded,selection,copy,direction,0.5,0.5108964537419142,0.6891520885728776,2
expanded,selection,copy,direction,1.0,0.5045314817863488,0.6689784083525194,2
expanded,selection,copy,load,0.25,0.46066927198525387,0.5784552480036517,2
expanded,selection,copy,load,0.5,0.4422978760505951,0.6065910576286895,2
expanded,selection,copy,load,1.0,0.43520674394533443,0.6270390865715425,2
expanded,selection,copy,repeat,0.25,0.4592813102083936,0.5798479282074582,2
expanded,selection,copy,repeat,0.5,0.4481220605413486,0.6067870278846288,2
expanded,selection,copy,repeat,1.0,0.44041373423162117,0.6281335222667849,2
expanded,selection,copy,single,0.25,0.4860965111586343,0.5851855180221825,2
expanded,selection,copy,single,0.5,0.4606558006254449,0.621623409058136,2
expanded,selection,copy,single,1.0,0.44972346955360787,0.6410328386944539,2
expanded,selection,copy,speed,0.25,0.458834438793013,0.6318620420266658,2
expanded,selection,copy,speed,0.5,0.4526814524356576,0.6583391360902684,2
expanded,selection,copy,speed,1.0,0.45764675829707246,0.6872226169941911,2
expanded,selection,encoder_by_120,direction,0.25,0.21627618682881194,0.21436263253362808,2
expanded,selection,encoder_by_120,direction,0.5,0.20196288141111535,0.2131098850879397,2
expanded,selection,encoder_by_120,direction,1.0,0.20362450492878756,0.21004932236338597,2
expanded,selection,encoder_by_120,load,0.25,0.20131749535600346,0.21933052131438496,2
expanded,selection,encoder_by_120,load,0.5,0.20007568039000034,0.21318953442609195,2
expanded,selection,encoder_by_120,load,1.0,0.21200984095533687,0.21371990237507438,2
expanded,selection,encoder_by_120,repeat,0.25,0.21432951154808205,0.1967769102932817,2
expanded,selection,encoder_by_120,repeat,0.5,0.2048595311741034,0.2250038387275154,2
expanded,selection,encoder_by_120,repeat,1.0,0.20243186752001446,0.21309290184035642,2
expanded,selection,encoder_by_120,single,0.25,0.20747505376736322,0.22488301252484832,2
expanded,selection,encoder_by_120,single,0.5,0.2049092718710502,0.22476531774781844,2
expanded,selection,encoder_by_120,single,1.0,0.22005637052158514,0.2083290844750409,2
expanded,selection,encoder_by_120,speed,0.25,0.22023038504024345,0.25513235552013025,2
expanded,selection,encoder_by_120,speed,0.5,0.229768393561244,0.24400579353153296,2
expanded,selection,encoder_by_120,speed,1.0,0.22174108711381751,0.23731796383318166,2
expanded,selection,encoder_by_60,direction,0.25,0.24765831232070923,0.25991293310410263,2
expanded,selection,encoder_by_60,direction,0.5,0.2371982702364524,0.26633796325010367,2
expanded,selection,encoder_by_60,direction,1.0,0.2360739472011725,0.26163869101304493,2
expanded,selection,encoder_by_60,load,0.25,0.23930223720769087,0.2630149035475084,2
expanded,selection,encoder_by_60,load,0.5,0.24280543377002078,0.26472933062204385,2
expanded,selection,encoder_by_60,load,1.0,0.25632533617317677,0.2659726244990053,2
expanded,selection,encoder_by_60,repeat,0.25,0.251970782255133,0.2358670206392342,2
expanded,selection,encoder_by_60,repeat,0.5,0.25206403744717437,0.2738726378066392,2
expanded,selection,encoder_by_60,repeat,1.0,0.24607385322451591,0.26260507159712637,2
expanded,selection,encoder_by_60,single,0.25,0.24446582297484082,0.25447732918121585,2
expanded,selection,encoder_by_60,single,0.5,0.25125244321922463,0.2733213514705044,2
expanded,selection,encoder_by_60,single,1.0,0.2617737663288911,0.25642312037133214,2
expanded,selection,encoder_by_60,speed,0.25,0.2562134501834711,0.3112752873925214,2
expanded,selection,encoder_by_60,speed,0.5,0.2697823140770197,0.3085710682082217,2
expanded,selection,encoder_by_60,speed,1.0,0.26281441499789554,0.3001416130537369,2
expanded,selection,encoder_original_60,direction,0.25,0.24765831232070917,0.25991293310410263,2
expanded,selection,encoder_original_60,direction,0.5,0.2371982702364524,0.26633796325010367,2
expanded,selection,encoder_original_60,direction,1.0,0.23607394720117247,0.26163869101304493,2
expanded,selection,encoder_original_60,load,0.25,0.23930223720769084,0.26301490354750834,2
expanded,selection,encoder_original_60,load,0.5,0.24280543377002078,0.26472933062204385,2
expanded,selection,encoder_original_60,load,1.0,0.25632533617317677,0.2659726244990053,2
expanded,selection,encoder_original_60,repeat,0.25,0.251970782255133,0.23586702063923415,2
expanded,selection,encoder_original_60,repeat,0.5,0.25206403744717437,0.2738726378066392,2
expanded,selection,encoder_original_60,repeat,1.0,0.24607385322451591,0.2626050715971263,2
expanded,selection,encoder_original_60,single,0.25,0.24446582297484076,0.2544773291812158,2
expanded,selection,encoder_original_60,single,0.5,0.2512524432192246,0.2733213514705044,2
expanded,selection,encoder_original_60,single,1.0,0.2617737663288911,0.2564231203713321,2
expanded,selection,encoder_original_60,speed,0.25,0.256213450183471,0.3112752873925214,2
expanded,selection,encoder_original_60,speed,0.5,0.2697823140770197,0.30857106820822167,2
expanded,selection,encoder_original_60,speed,1.0,0.26281441499789554,0.3001416130537368,2
expanded,selection,encoder_wrong_by_120,direction,0.25,0.4410844768087069,0.25296898451788724,2
expanded,selection,encoder_wrong_by_120,direction,0.5,0.4967797423402468,0.2740482800531546,2
expanded,selection,encoder_wrong_by_120,direction,1.0,0.4975714484850565,0.2728936196371141,2
expanded,selection,encoder_wrong_by_120,load,0.25,0.5213274266570807,0.289243561438384,2
expanded,selection,encoder_wrong_by_120,load,0.5,0.5356893638769785,0.30223458140214954,2
expanded,selection,encoder_wrong_by_120,load,1.0,0.5659111551940441,0.32520482203977746,2
expanded,selection,encoder_wrong_by_120,repeat,0.25,0.48789285495877266,0.27131347604276174,2
expanded,selection,encoder_wrong_by_120,repeat,0.5,0.5709364687403042,0.32431562783843815,2
expanded,selection,encoder_wrong_by_120,repeat,1.0,0.5393997319042683,0.3037725023016452,2
expanded,selection,encoder_wrong_by_120,single,0.25,0.4952655335267385,0.2759227934622398,2
expanded,selection,encoder_wrong_by_120,single,0.5,0.567924669633309,0.3127249105175217,2
expanded,selection,encoder_wrong_by_120,single,1.0,0.5705565226574738,0.31943820456936306,2
expanded,selection,encoder_wrong_by_120,speed,0.25,0.5585019035885732,0.3207805385430815,2
expanded,selection,encoder_wrong_by_120,speed,0.5,0.6262062080204487,0.36525746803320525,2
expanded,selection,encoder_wrong_by_120,speed,1.0,0.6022999274233978,0.35140207094313014,2
expanded,selection,encoder_wrong_by_60,direction,0.25,0.4473849628120661,0.2917772589745462,2
expanded,selection,encoder_wrong_by_60,direction,0.5,0.49961975341041887,0.3129501221144295,2
expanded,selection,encoder_wrong_by_60,direction,1.0,0.5027719264229138,0.31062237570860474,2
expanded,selection,encoder_wrong_by_60,load,0.25,0.5436171007653077,0.32613164705810477,2
expanded,selection,encoder_wrong_by_60,load,0.5,0.558780478934447,0.34848605234719043,2
expanded,selection,encoder_wrong_by_60,load,1.0,0.5900709889829159,0.3758460578333371,2
expanded,selection,encoder_wrong_by_60,repeat,0.25,0.5094931622346242,0.30587158875293013,2
expanded,selection,encoder_wrong_by_60,repeat,0.5,0.5993402314682801,0.36914060107064933,2
expanded,selection,encoder_wrong_by_60,repeat,1.0,0.5653984472155571,0.3502979983615585,2
expanded,selection,encoder_wrong_by_60,single,0.25,0.5157169451316198,0.3037483088411994,2
expanded,selection,encoder_wrong_by_60,single,0.5,0.5935929976403713,0.356451748413163,2
expanded,selection,encoder_wrong_by_60,single,1.0,0.596612940231959,0.36730342397814786,2
expanded,selection,encoder_wrong_by_60,speed,0.25,0.5748360268771648,0.3819757684570857,2
expanded,selection,encoder_wrong_by_60,speed,0.5,0.6449775261183579,0.4288164869314407,2
expanded,selection,encoder_wrong_by_60,speed,1.0,0.6276355472703774,0.41945182636492306,2
expanded,selection,encoder_wrong_original_60,direction,0.25,0.4473849628120661,0.2917772589745462,2
expanded,selection,encoder_wrong_original_60,direction,0.5,0.49961975341041887,0.31295012211442946,2
expanded,selection,encoder_wrong_original_60,direction,1.0,0.5027719264229138,0.3106223757086047,2
expanded,selection,encoder_wrong_original_60,load,0.25,0.5436171007653077,0.32613164705810477,2
expanded,selection,encoder_wrong_original_60,load,0.5,0.558780478934447,0.3484860523471904,2
expanded,selection,encoder_wrong_original_60,load,1.0,0.5900709889829159,0.3758460578333371,2
expanded,selection,encoder_wrong_original_60,repeat,0.25,0.5094931622346242,0.3058715887529301,2
expanded,selection,encoder_wrong_original_60,repeat,0.5,0.5993402314682801,0.3691406010706493,2
expanded,selection,encoder_wrong_original_60,repeat,1.0,0.5653984472155571,0.35029799836155845,2
expanded,selection,encoder_wrong_original_60,single,0.25,0.5157169451316198,0.3037483088411994,2
expanded,selection,encoder_wrong_original_60,single,0.5,0.5935929976403713,0.35645174841316296,2
expanded,selection,encoder_wrong_original_60,single,1.0,0.596612940231959,0.36730342397814786,2
expanded,selection,encoder_wrong_original_60,speed,0.25,0.5748360268771648,0.38197576845708564,2
expanded,selection,encoder_wrong_original_60,speed,0.5,0.6449775261183579,0.4288164869314407,2
expanded,selection,encoder_wrong_original_60,speed,1.0,0.6276355472703774,0.419451826364923,2
expanded,selection,fixed_features,direction,0.25,0.20310353129207595,0.20954730131983595,2
expanded,selection,fixed_features,direction,0.5,0.20412292801815551,0.2068495978844484,2
expanded,selection,fixed_features,direction,1.0,0.2042261049993529,0.2029238514194901,2
expanded,selection,fixed_features,load,0.25,0.20352051222840917,0.21468409600959637,2
expanded,selection,fixed_features,load,0.5,0.19845494633459015,0.21973877928030072,2
expanded,selection,fixed_features,load,1.0,0.19858532469678192,0.22004835910482018,2
expanded,selection,fixed_features,repeat,0.25,0.2002225744804677,0.2173256108056196,2
expanded,selection,fixed_features,repeat,0.5,0.19849002153530826,0.21883800644531612,2
expanded,selection,fixed_features,repeat,1.0,0.19753321558639297,0.2140919230448412,2
expanded,selection,fixed_features,single,0.25,0.210084037017098,0.2101283677921521,2
expanded,selection,fixed_features,single,0.5,0.20160563357256542,0.21369893927808498,2
expanded,selection,fixed_features,single,1.0,0.19903403856843713,0.2123156083227986,2
expanded,selection,fixed_features,speed,0.25,0.20524051412374594,0.22584506415536065,2
expanded,selection,fixed_features,speed,0.5,0.20230144343208623,0.22289593133731517,2
expanded,selection,fixed_features,speed,1.0,0.20038350255721354,0.22191039699653914,2
expanded,selection,retrieval,direction,0.25,0.1726478537503376,0.12022631239719114,2
expanded,selection,retrieval,direction,0.5,0.1726478537503376,0.12022631239719114,2
expanded,selection,retrieval,direction,1.0,0.1726478537503376,0.12022631239719114,2
expanded,selection,retrieval,load,0.25,0.1726478537503376,0.12022631239719114,2
expanded,selection,retrieval,load,0.5,0.1726478537503376,0.12022631239719114,2
expanded,selection,retrieval,load,1.0,0.1726478537503376,0.12022631239719114,2
expanded,selection,retrieval,repeat,0.25,0.1726478537503376,0.12022631239719114,2
expanded,selection,retrieval,repeat,0.5,0.1726478537503376,0.12022631239719114,2
expanded,selection,retrieval,repeat,1.0,0.1726478537503376,0.12022631239719114,2
expanded,selection,retrieval,single,0.25,0.1726478537503376,0.12022631239719114,2
expanded,selection,retrieval,single,0.5,0.1726478537503376,0.12022631239719114,2
expanded,selection,retrieval,single,1.0,0.1726478537503376,0.12022631239719114,2
expanded,selection,retrieval,speed,0.25,0.1726478537503376,0.12022631239719114,2
expanded,selection,retrieval,speed,0.5,0.1726478537503376,0.12022631239719114,2
expanded,selection,retrieval,speed,1.0,0.1726478537503376,0.12022631239719114,2
expanded,selection,speed_rescaling,direction,0.25,0.44902166038118596,0.3448456230545393,2
expanded,selection,speed_rescaling,direction,0.5,0.42799002736209146,0.3421487837435997,2
expanded,selection,speed_rescaling,direction,1.0,0.4098234975520965,0.3397620807774966,2
expanded,selection,speed_rescaling,load,0.25,0.5004692105902365,0.5384217056815026,2
expanded,selection,speed_rescaling,load,0.5,0.4785026576507496,0.5823690089168708,2
expanded,selection,speed_rescaling,load,1.0,0.4620416296514934,0.6061537585373876,2
expanded,selection,speed_rescaling,repeat,0.25,0.5004692105902365,0.5384217056815026,2
expanded,selection,speed_rescaling,repeat,0.5,0.4785026576507496,0.5823690089168708,2
expanded,selection,speed_rescaling,repeat,1.0,0.4620416296514934,0.6061537585373876,2
expanded,selection,speed_rescaling,single,0.25,0.5004692105902365,0.5384217056815026,2
expanded,selection,speed_rescaling,single,0.5,0.4785026576507496,0.5823690089168708,2
expanded,selection,speed_rescaling,single,1.0,0.4620416296514934,0.6061537585373876,2
expanded,selection,speed_rescaling,speed,0.25,0.5004692105902365,0.5384217056815026,2
expanded,selection,speed_rescaling,speed,0.5,0.4785026576507496,0.5823690089168708,2
expanded,selection,speed_rescaling,speed,1.0,0.4620416296514934,0.6061537585373876,2
omitted,selection,conditions_only,direction,0.25,0.30517300601332875,0.4544320935771835,2
omitted,selection,conditions_only,direction,0.5,0.30517300601332875,0.4544320935771835,2
omitted,selection,conditions_only,direction,1.0,0.30517300601332875,0.4544320935771835,2
omitted,selection,conditions_only,load,0.25,0.30517300601332875,0.4544320935771835,2
omitted,selection,conditions_only,load,0.5,0.30517300601332875,0.4544320935771835,2
omitted,selection,conditions_only,load,1.0,0.30517300601332875,0.4544320935771835,2
omitted,selection,conditions_only,repeat,0.25,0.30517300601332875,0.4544320935771835,2
omitted,selection,conditions_only,repeat,0.5,0.30517300601332875,0.4544320935771835,2
omitted,selection,conditions_only,repeat,1.0,0.30517300601332875,0.4544320935771835,2
omitted,selection,conditions_only,single,0.25,0.30517300601332875,0.4544320935771835,2
omitted,selection,conditions_only,single,0.5,0.30517300601332875,0.4544320935771835,2
omitted,selection,conditions_only,single,1.0,0.30517300601332875,0.4544320935771835,2
omitted,selection,conditions_only,speed,0.25,0.30517300601332875,0.4544320935771835,2
omitted,selection,conditions_only,speed,0.5,0.30517300601332875,0.4544320935771835,2
omitted,selection,conditions_only,speed,1.0,0.30517300601332875,0.4544320935771835,2
omitted,selection,copy,direction,0.25,0.44605880321925584,0.5713181806188407,2
omitted,selection,copy,direction,0.5,0.43175219733492964,0.5713181806188407,2
omitted,selection,copy,direction,1.0,0.4262541933842344,0.5713181806188407,2
omitted,selection,copy,load,0.25,0.6525678760395641,0.8168996048730406,2
omitted,selection,copy,load,0.5,0.6450833269410476,0.8511487257871486,2
omitted,selection,copy,load,1.0,0.6407156942016905,0.8814953642804886,2
omitted,selection,copy,repeat,0.25,0.6636138904119547,0.816931249169887,2
omitted,selection,copy,repeat,0.5,0.6664145147307192,0.8508107298469689,2
omitted,selection,copy,repeat,1.0,0.6582664160402849,0.8820686157872172,2
omitted,selection,copy,single,0.25,0.6854062675047754,0.8248407638005005,2
omitted,selection,copy,single,0.5,0.67858424011695,0.8718547514641154,2
omitted,selection,copy,single,1.0,0.6654646867517706,0.9078672486425553,2
omitted,selection,copy,speed,0.25,0.6623025804720428,0.890417629901694,2
omitted,selection,copy,speed,0.5,0.664025386584394,0.942479843434184,2
omitted,selection,copy,speed,1.0,0.6652955071081816,0.9744634175175724,2
omitted,selection,encoder_by_120,direction,0.25,0.2239696938130591,0.3344066431137689,2
omitted,selection,encoder_by_120,direction,0.5,0.2221111605564753,0.3357673684808272,2
omitted,selection,encoder_by_120,direction,1.0,0.2230115421116352,0.3300331535469004,2
omitted,selection,encoder_by_120,load,0.25,0.23199527255362937,0.34921799093493444,2
omitted,selection,encoder_by_120,load,0.5,0.23731420437494916,0.35214003000362887,2
omitted,selection,encoder_by_120,load,1.0,0.24530721083283427,0.3477201318516772,2
omitted,selection,encoder_by_120,repeat,0.25,0.23039329921205842,0.32076822195028276,2
omitted,selection,encoder_by_120,repeat,0.5,0.2431287227405442,0.35985259669759817,2
omitted,selection,encoder_by_120,repeat,1.0,0.234416167355246,0.34750054413313647,2
omitted,selection,encoder_by_120,single,0.25,0.22726913417379063,0.33894555068826826,2
omitted,selection,encoder_by_120,single,0.5,0.24100475758314133,0.3556136653922407,2
omitted,selection,encoder_by_120,single,1.0,0.2518976935082012,0.3341129478049584,2
omitted,selection,encoder_by_120,speed,0.25,0.24122745750678912,0.382267901722836,2
omitted,selection,encoder_by_120,speed,0.5,0.2567113915251361,0.36425308336999884,2
omitted,selection,encoder_by_120,speed,1.0,0.24774002739124829,0.35672004839571303,2
omitted,selection,encoder_by_60,direction,0.25,0.2724960731963317,0.47690685586435944,2
omitted,selection,encoder_by_60,direction,0.5,0.2640365275243918,0.47679589904946773,2
omitted,selection,encoder_by_60,direction,1.0,0.26398498482174343,0.47099129258315403,2
omitted,selection,encoder_by_60,load,0.25,0.26970781841211844,0.4815049638183599,2
omitted,selection,encoder_by_60,load,0.5,0.2709345577491654,0.47164785402259474,2
omitted,selection,encoder_by_60,load,1.0,0.2751271364589532,0.46058528352844375,2
omitted,selection,encoder_by_60,repeat,0.25,0.2768443769050969,0.45112706617869325,2
omitted,selection,encoder_by_60,repeat,0.5,0.27772315012084114,0.47537633253134703,2
omitted,selection,encoder_by_60,repeat,1.0,0.27061528174413574,0.4717976094475397,2
omitted,selection,encoder_by_60,single,0.25,0.2750807868109809,0.4774234819197297,2
omitted,selection,encoder_by_60,single,0.5,0.27638204644123715,0.47448993805483863,2
omitted,selection,encoder_by_60,single,1.0,0.2823980806602372,0.43854008492769236,2
omitted,selection,encoder_by_60,speed,0.25,0.28252146393060684,0.5170247636581973,2
omitted,selection,encoder_by_60,speed,0.5,0.29110556426975465,0.4839951520356362,2
omitted,selection,encoder_by_60,speed,1.0,0.2858482760687669,0.4828640670692674,2
omitted,selection,encoder_original_60,direction,0.25,0.2724960731963316,0.47690685586435944,2
omitted,selection,encoder_original_60,direction,0.5,0.2640365275243918,0.4767958990494677,2
omitted,selection,encoder_original_60,direction,1.0,0.26398498482174343,0.470991292583154,2
omitted,selection,encoder_original_60,load,0.25,0.26970781841211844,0.4815049638183599,2
omitted,selection,encoder_original_60,load,0.5,0.2709345577491654,0.4716478540225947,2
omitted,selection,encoder_original_60,load,1.0,0.2751271364589532,0.46058528352844375,2
omitted,selection,encoder_original_60,repeat,0.25,0.2768443769050969,0.45112706617869325,2
omitted,selection,encoder_original_60,repeat,0.5,0.27772315012084114,0.47537633253134703,2
omitted,selection,encoder_original_60,repeat,1.0,0.27061528174413574,0.4717976094475397,2
omitted,selection,encoder_original_60,single,0.25,0.27508078681098086,0.47742348191972966,2
omitted,selection,encoder_original_60,single,0.5,0.2763820464412371,0.47448993805483863,2
omitted,selection,encoder_original_60,single,1.0,0.2823980806602372,0.43854008492769236,2
omitted,selection,encoder_original_60,speed,0.25,0.28252146393060684,0.5170247636581972,2
omitted,selection,encoder_original_60,speed,0.5,0.2911055642697546,0.48399515203563614,2
omitted,selection,encoder_original_60,speed,1.0,0.28584827606876684,0.4828640670692673,2
omitted,selection,encoder_wrong_by_120,direction,0.25,0.36839694322811234,0.38448545703820086,2
omitted,selection,encoder_wrong_by_120,direction,0.5,0.40484214739667046,0.401429031106415,2
omitted,selection,encoder_wrong_by_120,direction,1.0,0.4072943213913176,0.3974072385892595,2
omitted,selection,encoder_wrong_by_120,load,0.25,0.42784476114643943,0.4242813474898912,2
omitted,selection,encoder_wrong_by_120,load,0.5,0.4414495660199059,0.4319629248339718,2
omitted,selection,encoder_wrong_by_120,load,1.0,0.45657391680611503,0.4333623531848353,2
omitted,selection,encoder_wrong_by_120,repeat,0.25,0.4024685079024897,0.3870879585998906,2
omitted,selection,encoder_wrong_by_120,repeat,0.5,0.46259375082121956,0.4427003074600465,2
omitted,selection,encoder_wrong_by_120,repeat,1.0,0.4403737866216236,0.42865038871339184,2
omitted,selection,encoder_wrong_by_120,single,0.25,0.3995649057130019,0.3953406763987687,2
omitted,selection,encoder_wrong_by_120,single,0.5,0.4533488179246584,0.43178787933439644,2
omitted,selection,encoder_wrong_by_120,single,1.0,0.46007647116978967,0.42345715812198326,2
omitted,selection,encoder_wrong_by_120,speed,0.25,0.44128278435932267,0.4152131232485073,2
omitted,selection,encoder_wrong_by_120,speed,0.5,0.4873730407820807,0.43955807325538837,2
omitted,selection,encoder_wrong_by_120,speed,1.0,0.4723554717169868,0.42773195927795693,2
omitted,selection,encoder_wrong_by_60,direction,0.25,0.3574984280599488,0.49125304528320324,2
omitted,selection,encoder_wrong_by_60,direction,0.5,0.3981389842099614,0.5002471355168573,2
omitted,selection,encoder_wrong_by_60,direction,1.0,0.40142105271418893,0.4963203468025425,2
omitted,selection,encoder_wrong_by_60,load,0.25,0.4164662141766813,0.517513921576426,2
omitted,selection,encoder_wrong_by_60,load,0.5,0.42926047452621996,0.5141189214009018,2
omitted,selection,encoder_wrong_by_60,load,1.0,0.44500908296969205,0.5099689098448111,2
omitted,selection,encoder_wrong_by_60,repeat,0.25,0.39464305548204315,0.49002711549065536,2
omitted,selection,encoder_wrong_by_60,repeat,0.5,0.4583984588583311,0.5237407474113347,2
omitted,selection,encoder_wrong_by_60,repeat,1.0,0.43241970365246135,0.5139078399880441,2
omitted,selection,encoder_wrong_by_60,single,0.25,0.3946205671462748,0.5069327651561883,2
omitted,selection,encoder_wrong_by_60,single,0.5,0.4526562276813719,0.5202638493545,2
omitted,selection,encoder_wrong_by_60,single,1.0,0.4512463253405359,0.4961203379581266,2
omitted,selection,encoder_wrong_by_60,speed,0.25,0.446456623574098,0.5416094952240073,2
omitted,selection,encoder_wrong_by_60,speed,0.5,0.49162828011645215,0.5268940568361147,2
omitted,selection,encoder_wrong_by_60,speed,1.0,0.4791681642333666,0.5222254654861966,2
omitted,selection,encoder_wrong_original_60,direction,0.25,0.3574984280599488,0.49125304528320324,2
omitted,selection,encoder_wrong_original_60,direction,0.5,0.3981389842099614,0.5002471355168572,2
omitted,selection,encoder_wrong_original_60,direction,1.0,0.40142105271418893,0.4963203468025425,2
omitted,selection,encoder_wrong_original_60,load,0.25,0.4164662141766813,0.517513921576426,2
omitted,selection,encoder_wrong_original_60,load,0.5,0.42926047452621996,0.5141189214009018,2
omitted,selection,encoder_wrong_original_60,load,1.0,0.44500908296969205,0.509968909844811,2
omitted,selection,encoder_wrong_original_60,repeat,0.25,0.39464305548204315,0.49002711549065536,2
omitted,selection,encoder_wrong_original_60,repeat,0.5,0.4583984588583311,0.5237407474113347,2
omitted,selection,encoder_wrong_original_60,repeat,1.0,0.43241970365246135,0.5139078399880441,2
omitted,selection,encoder_wrong_original_60,single,0.25,0.3946205671462748,0.5069327651561883,2
omitted,selection,encoder_wrong_original_60,single,0.5,0.4526562276813719,0.5202638493545,2
omitted,selection,encoder_wrong_original_60,single,1.0,0.4512463253405359,0.4961203379581266,2
omitted,selection,encoder_wrong_original_60,speed,0.25,0.446456623574098,0.5416094952240073,2
omitted,selection,encoder_wrong_original_60,speed,0.5,0.49162828011645215,0.5268940568361146,2
omitted,selection,encoder_wrong_original_60,speed,1.0,0.4791681642333666,0.5222254654861966,2
omitted,selection,fixed_features,direction,0.25,0.23994697445318142,0.34371721959389745,2
omitted,selection,fixed_features,direction,0.5,0.23981188708624293,0.3353238551122461,2
omitted,selection,fixed_features,direction,1.0,0.24010166247420167,0.33279816725508266,2
omitted,selection,fixed_features,load,0.25,0.24151511145059618,0.3477817296340385,2
omitted,selection,fixed_features,load,0.5,0.23940951745218048,0.3708532466235493,2
omitted,selection,fixed_features,load,1.0,0.23830766541536103,0.37301609422528914,2
omitted,selection,fixed_features,repeat,0.25,0.2415825457977096,0.37381397067417466,2
omitted,selection,fixed_features,repeat,0.5,0.2399391401875329,0.3789811212060866,2
omitted,selection,fixed_features,repeat,1.0,0.2385708615793979,0.3650750821226775,2
omitted,selection,fixed_features,single,0.25,0.24791864936345526,0.3304667977153638,2
omitted,selection,fixed_features,single,0.5,0.2428257177599104,0.34437750711498294,2
omitted,selection,fixed_features,single,1.0,0.2398581306761176,0.35771013919174044,2
omitted,selection,fixed_features,speed,0.25,0.24587141319024525,0.35311816249431893,2
omitted,selection,fixed_features,speed,0.5,0.24186101828196382,0.36662731636753243,2
omitted,selection,fixed_features,speed,1.0,0.2397483508732574,0.37142960114044926,2
omitted,selection,retrieval,direction,0.25,0.15630075246011033,0.09499688002209951,2
omitted,selection,retrieval,direction,0.5,0.15630075246011033,0.09499688002209951,2
omitted,selection,retrieval,direction,1.0,0.15630075246011033,0.09499688002209951,2
omitted,selection,retrieval,load,0.25,0.15630075246011033,0.09499688002209951,2
omitted,selection,retrieval,load,0.5,0.15630075246011033,0.09499688002209951,2
omitted,selection,retrieval,load,1.0,0.15630075246011033,0.09499688002209951,2
omitted,selection,retrieval,repeat,0.25,0.15630075246011033,0.09499688002209951,2
omitted,selection,retrieval,repeat,0.5,0.15630075246011033,0.09499688002209951,2
omitted,selection,retrieval,repeat,1.0,0.15630075246011033,0.09499688002209951,2
omitted,selection,retrieval,single,0.25,0.15630075246011033,0.09499688002209951,2
omitted,selection,retrieval,single,0.5,0.15630075246011033,0.09499688002209951,2
omitted,selection,retrieval,single,1.0,0.15630075246011033,0.09499688002209951,2
omitted,selection,retrieval,speed,0.25,0.15630075246011033,0.09499688002209951,2
omitted,selection,retrieval,speed,0.5,0.15630075246011033,0.09499688002209951,2
omitted,selection,retrieval,speed,1.0,0.15630075246011033,0.09499688002209951,2
omitted,selection,speed_rescaling,direction,0.25,0.5438260229465406,0.7575435485124651,2
omitted,selection,speed_rescaling,direction,0.5,0.5251882111821946,0.7280595044031151,2
omitted,selection,speed_rescaling,direction,1.0,0.5097782268330417,0.7100442038081862,2
omitted,selection,speed_rescaling,load,0.25,0.6579823111938635,0.7583129245150702,2
omitted,selection,speed_rescaling,load,0.5,0.6437063882661391,0.8003471083704163,2
omitted,selection,speed_rescaling,load,1.0,0.6312310347481552,0.833531739465931,2
omitted,selection,speed_rescaling,repeat,0.25,0.6579823111938635,0.7583129245150702,2
omitted,selection,speed_rescaling,repeat,0.5,0.6437063882661391,0.8003471083704163,2
omitted,selection,speed_rescaling,repeat,1.0,0.6312310347481552,0.833531739465931,2
omitted,selection,speed_rescaling,single,0.25,0.6579823111938635,0.7583129245150702,2
omitted,selection,speed_rescaling,single,0.5,0.6437063882661391,0.8003471083704163,2
omitted,selection,speed_rescaling,single,1.0,0.6312310347481552,0.833531739465931,2
omitted,selection,speed_rescaling,speed,0.25,0.6559307913926606,0.7646484347381082,2
omitted,selection,speed_rescaling,speed,0.5,0.6442771315132276,0.8342355093276825,2
omitted,selection,speed_rescaling,speed,1.0,0.6324257669776707,0.8754301390195273,2
omitted,transfer,conditions_only,direction,0.25,0.35392729700923864,0.89340126988469,2
omitted,transfer,conditions_only,direction,0.5,0.35392729700923864,0.89340126988469,2
omitted,transfer,conditions_only,direction,1.0,0.35392729700923864,0.89340126988469,2
omitted,transfer,conditions_only,load,0.25,0.35392729700923864,0.89340126988469,2
omitted,transfer,conditions_only,load,0.5,0.35392729700923864,0.89340126988469,2
omitted,transfer,conditions_only,load,1.0,0.35392729700923864,0.89340126988469,2
omitted,transfer,conditions_only,repeat,0.25,0.35392729700923864,0.89340126988469,2
omitted,transfer,conditions_only,repeat,0.5,0.35392729700923864,0.89340126988469,2
omitted,transfer,conditions_only,repeat,1.0,0.35392729700923864,0.89340126988469,2
omitted,transfer,conditions_only,single,0.25,0.35392729700923864,0.89340126988469,2
omitted,transfer,conditions_only,single,0.5,0.35392729700923864,0.89340126988469,2
omitted,transfer,conditions_only,single,1.0,0.35392729700923864,0.89340126988469,2
omitted,transfer,conditions_only,speed,0.25,0.35392729700923864,0.89340126988469,2
omitted,transfer,conditions_only,speed,0.5,0.35392729700923864,0.89340126988469,2
omitted,transfer,conditions_only,speed,1.0,0.35392729700923864,0.89340126988469,2
omitted,transfer,copy,direction,0.25,0.43844615805172416,0.5920185316811875,2
omitted,transfer,copy,direction,0.5,0.425130072083565,0.5956064790365451,2
omitted,transfer,copy,direction,1.0,0.4190459023715144,0.6009890368245573,2
omitted,transfer,copy,load,0.25,0.6412798907684473,1.2130373481676158,2
omitted,transfer,copy,load,0.5,0.634431001186317,1.2693089674176916,2
omitted,transfer,copy,load,1.0,0.6321499623553284,1.3102050253033977,2
omitted,transfer,copy,repeat,0.25,0.6540872634528532,1.2158227085752291,2
omitted,transfer,copy,repeat,0.5,0.6563392750621508,1.26970090792957,2
omitted,transfer,copy,repeat,1.0,0.6485206789492305,1.3123938966938824,2
omitted,transfer,copy,single,0.25,0.6776162481845251,1.2264978882046778,2
omitted,transfer,copy,single,0.5,0.6675958744642572,1.2993736702765846,2
omitted,transfer,copy,single,1.0,0.6545862968249747,1.3381925295492207,2
omitted,transfer,copy,speed,0.25,0.652299632721423,1.3198509362136444,2
omitted,transfer,copy,speed,0.5,0.6532785096808961,1.3728051243408494,2
omitted,transfer,copy,speed,1.0,0.6540173159656494,1.4047886984242375,2
omitted,transfer,encoder_by_120,direction,0.25,0.3115364021311204,0.8049880225731381,2
omitted,transfer,encoder_by_120,direction,0.5,0.30862212988237536,0.8006811020138498,2
omitted,transfer,encoder_by_120,direction,1.0,0.30974958154062426,0.7922857472305038,2
omitted,transfer,encoder_by_120,load,0.25,0.3164383750408888,0.798525224963202,2
omitted,transfer,encoder_by_120,load,0.5,0.32076713753243286,0.7888146856818622,2
omitted,transfer,encoder_by_120,load,1.0,0.32882299522558844,0.767463793594572,2
omitted,transfer,encoder_by_120,repeat,0.25,0.31603172669808066,0.7855269561552087,2
omitted,transfer,encoder_by_120,repeat,0.5,0.32654429910083616,0.7934678332906484,2
omitted,transfer,encoder_by_120,repeat,1.0,0.3185562379658222,0.7876132916206495,2
omitted,transfer,encoder_by_120,single,0.25,0.3124264733244976,0.8191986490884562,2
omitted,transfer,encoder_by_120,single,0.5,0.32454485073685646,0.8034082878749247,2
omitted,transfer,encoder_by_120,single,1.0,0.33559502537051833,0.7499571379374725,2
omitted,transfer,encoder_by_120,speed,0.25,0.3236752928545078,0.8628527424704839,2
omitted,transfer,encoder_by_120,speed,0.5,0.3385079490641753,0.809476869791237,2
omitted,transfer,encoder_by_120,speed,1.0,0.33020442724227905,0.8089775975045774,2
omitted,transfer,encoder_by_60,direction,0.25,0.31544275023043156,0.9320203071920723,2
omitted,transfer,encoder_by_60,direction,0.5,0.3046073180933794,0.9323578159063224,2
omitted,transfer,encoder_by_60,direction,1.0,0.30379747971892357,0.926206394685736,2
omitted,transfer,encoder_by_60,load,0.25,0.30850517998139065,0.9271664929043657,2
omitted,transfer,encoder_by_60,load,0.5,0.3083178196102381,0.9161856490018399,2
omitted,transfer,encoder_by_60,load,1.0,0.3111205995082855,0.9041164096243703,2
omitted,transfer,encoder_by_60,repeat,0.25,0.31387523313363397,0.894445043171989,2
omitted,transfer,encoder_by_60,repeat,0.5,0.31449818424880505,0.9182086374662066,2
omitted,transfer,encoder_by_60,repeat,1.0,0.30774863002200925,0.9176297641589243,2
omitted,transfer,encoder_by_60,single,0.25,0.31516225325564545,0.9247450434921114,2
omitted,transfer,encoder_by_60,single,0.5,0.3141448746124903,0.9190781849470175,2
omitted,transfer,encoder_by_60,single,1.0,0.3167386402686437,0.8791274014512056,2
omitted,transfer,encoder_by_60,speed,0.25,0.3237419445067644,0.9695269711229682,2
omitted,transfer,encoder_by_60,speed,0.5,0.3281248677521944,0.9312215795850289,2
omitted,transfer,encoder_by_60,speed,1.0,0.3224361166357994,0.9321208184394114,2
omitted,transfer,encoder_original_60,direction,0.25,0.31544275023043156,0.9320203071920723,2
omitted,transfer,encoder_original_60,direction,0.5,0.3046073180933793,0.9323578159063224,2
omitted,transfer,encoder_original_60,direction,1.0,0.30379747971892357,0.926206394685736,2
omitted,transfer,encoder_original_60,load,0.25,0.30850517998139065,0.9271664929043657,2
omitted,transfer,encoder_original_60,load,0.5,0.3083178196102381,0.9161856490018399,2
omitted,transfer,encoder_original_60,load,1.0,0.3111205995082855,0.9041164096243702,2
omitted,transfer,encoder_original_60,repeat,0.25,0.31387523313363397,0.894445043171989,2
omitted,transfer,encoder_original_60,repeat,0.5,0.31449818424880505,0.9182086374662066,2
omitted,transfer,encoder_original_60,repeat,1.0,0.30774863002200925,0.9176297641589243,2
omitted,transfer,encoder_original_60,single,0.25,0.3151622532556454,0.9247450434921114,2
omitted,transfer,encoder_original_60,single,0.5,0.3141448746124903,0.9190781849470175,2
omitted,transfer,encoder_original_60,single,1.0,0.3167386402686437,0.8791274014512054,2
omitted,transfer,encoder_original_60,speed,0.25,0.3237419445067644,0.9695269711229682,2
omitted,transfer,encoder_original_60,speed,0.5,0.3281248677521944,0.9312215795850287,2
omitted,transfer,encoder_original_60,speed,1.0,0.3224361166357994,0.9321208184394114,2
omitted,transfer,encoder_wrong_by_120,direction,0.25,0.4464759652813276,0.8095402577968901,2
omitted,transfer,encoder_wrong_by_120,direction,0.5,0.484308031698068,0.8106495854596177,2
omitted,transfer,encoder_wrong_by_120,direction,1.0,0.48625279466311133,0.8024634947968512,2
omitted,transfer,encoder_wrong_by_120,load,0.25,0.5061725924412409,0.820652035073214,2
omitted,transfer,encoder_wrong_by_120,load,0.5,0.5183150743444761,0.8134433892714944,2
omitted,transfer,encoder_wrong_by_120,load,1.0,0.5316623958448569,0.7979020869510192,2
omitted,transfer,encoder_wrong_by_120,repeat,0.25,0.47665102034807205,0.7955713991020401,2
omitted,transfer,encoder_wrong_by_120,repeat,0.5,0.5398485511541367,0.8182073915513781,2
omitted,transfer,encoder_wrong_by_120,repeat,1.0,0.5172196303804716,0.8106156753388178,2
omitted,transfer,encoder_wrong_by_120,single,0.25,0.4774096111456553,0.8226325528101832,2
omitted,transfer,encoder_wrong_by_120,single,0.5,0.5312978749473889,0.8224805273098745,2
omitted,transfer,encoder_wrong_by_120,single,1.0,0.5326820698877176,0.7837212744352322,2
omitted,transfer,encoder_wrong_by_120,speed,0.25,0.5220714745422204,0.865015189586998,2
omitted,transfer,encoder_wrong_by_120,speed,0.5,0.5643149018287659,0.8217346407623729,2
omitted,transfer,encoder_wrong_by_120,speed,1.0,0.5493228137493134,0.8190745802169423,2
omitted,transfer,encoder_wrong_by_60,direction,0.25,0.40186129634579026,0.9340444799325278,2
omitted,transfer,encoder_wrong_by_60,direction,0.5,0.44459018111228943,0.9388303359254038,2
omitted,transfer,encoder_wrong_by_60,direction,1.0,0.4472170968850454,0.9336983634557474,2
omitted,transfer,encoder_wrong_by_60,load,0.25,0.4622739218175411,0.9436493481898399,2
omitted,transfer,encoder_wrong_by_60,load,0.5,0.4747583754360676,0.9366897778054444,2
omitted,transfer,encoder_wrong_by_60,load,1.0,0.4902355745434761,0.9288077561271042,2
omitted,transfer,encoder_wrong_by_60,repeat,0.25,0.43725165724754333,0.9140188129950486,2
omitted,transfer,encoder_wrong_by_60,repeat,0.5,0.5048108883202076,0.9426944903907405,2
omitted,transfer,encoder_wrong_by_60,repeat,1.0,0.4780088675518831,0.9374066303870372,2
omitted,transfer,encoder_wrong_by_60,single,0.25,0.4395675684014956,0.9369188732969016,2
omitted,transfer,encoder_wrong_by_60,single,0.5,0.49937418724099797,0.9411176746923717,2
omitted,transfer,encoder_wrong_by_60,single,1.0,0.49561726301908493,0.9098290507315272,2
omitted,transfer,encoder_wrong_by_60,speed,0.25,0.494711476067702,0.978530435908426,2
omitted,transfer,encoder_wrong_by_60,speed,0.5,0.5390107346077759,0.9505822865786955,2
omitted,transfer,encoder_wrong_by_60,speed,1.0,0.5259153271714847,0.9492791028556773,2
omitted,transfer,encoder_wrong_original_60,direction,0.25,0.40186129634579026,0.9340444799325278,2
omitted,transfer,encoder_wrong_original_60,direction,0.5,0.44459018111228943,0.9388303359254038,2
omitted,transfer,encoder_wrong_original_60,direction,1.0,0.4472170968850454,0.9336983634557474,2
omitted,transfer,encoder_wrong_original_60,load,0.25,0.4622739218175411,0.9436493481898399,2
omitted,transfer,encoder_wrong_original_60,load,0.5,0.4747583754360676,0.9366897778054444,2
omitted,transfer,encoder_wrong_original_60,load,1.0,0.4902355745434761,0.9288077561271042,2
omitted,transfer,encoder_wrong_original_60,repeat,0.25,0.43725165724754333,0.9140188129950486,2
omitted,transfer,encoder_wrong_original_60,repeat,0.5,0.5048108883202076,0.9426944903907405,2
omitted,transfer,encoder_wrong_original_60,repeat,1.0,0.4780088675518831,0.9374066303870372,2
omitted,transfer,encoder_wrong_original_60,single,0.25,0.4395675684014956,0.9369188732969016,2
omitted,transfer,encoder_wrong_original_60,single,0.5,0.49937418724099797,0.941117674692372,2
omitted,transfer,encoder_wrong_original_60,single,1.0,0.49561726301908493,0.9098290507315273,2
omitted,transfer,encoder_wrong_original_60,speed,0.25,0.494711476067702,0.978530435908426,2
omitted,transfer,encoder_wrong_original_60,speed,0.5,0.5390107346077759,0.9505822865786955,2
omitted,transfer,encoder_wrong_original_60,speed,1.0,0.5259153271714847,0.9492791028556773,2
omitted,transfer,fixed_features,direction,0.25,0.3097664007901173,0.835258432266964,2
omitted,transfer,fixed_features,direction,0.5,0.31095191364111263,0.8266148269887408,2
omitted,transfer,fixed_features,direction,1.0,0.31008713034951585,0.8240493189449172,2
omitted,transfer,fixed_features,load,0.25,0.3081574608175127,0.8389489642152733,2
omitted,transfer,fixed_features,load,0.5,0.3079400194906819,0.8602281214087715,2
omitted,transfer,fixed_features,load,1.0,0.307277432671612,0.8624076376098961,2
omitted,transfer,fixed_features,repeat,0.25,0.3103115495127443,0.8629419424236366,2
omitted,transfer,fixed_features,repeat,0.5,0.3082768832312422,0.8677437041906367,2
omitted,transfer,fixed_features,repeat,1.0,0.30671965543499924,0.854852266167488,2
omitted,transfer,fixed_features,single,0.25,0.31233636593224645,0.8228664482686581,2
omitted,transfer,fixed_features,single,0.5,0.309586979562754,0.8355396852887749,2
omitted,transfer,fixed_features,single,1.0,0.30834594676839977,0.8479615002920604,2
omitted,transfer,fixed_features,speed,0.25,0.3093305556679778,0.84416168223049,2
omitted,transfer,fixed_features,speed,0.5,0.3085490673916442,0.8564039907039389,2
omitted,transfer,fixed_features,speed,1.0,0.30796560782593246,0.8607772254377173,2
omitted,transfer,retrieval,direction,0.25,0.32995087693555814,0.759808691102927,2
omitted,transfer,retrieval,direction,0.5,0.32995087693555814,0.759808691102927,2
omitted,transfer,retrieval,direction,1.0,0.32995087693555814,0.759808691102927,2
omitted,transfer,retrieval,load,0.25,0.32995087693555814,0.759808691102927,2
omitted,transfer,retrieval,load,0.5,0.32995087693555814,0.759808691102927,2
omitted,transfer,retrieval,load,1.0,0.32995087693555814,0.759808691102927,2
omitted,transfer,retrieval,repeat,0.25,0.32995087693555814,0.759808691102927,2
omitted,transfer,retrieval,repeat,0.5,0.32995087693555814,0.759808691102927,2
omitted,transfer,retrieval,repeat,1.0,0.32995087693555814,0.759808691102927,2
omitted,transfer,retrieval,single,0.25,0.32995087693555814,0.759808691102927,2
omitted,transfer,retrieval,single,0.5,0.32995087693555814,0.759808691102927,2
omitted,transfer,retrieval,single,1.0,0.32995087693555814,0.759808691102927,2
omitted,transfer,retrieval,speed,0.25,0.32995087693555814,0.759808691102927,2
omitted,transfer,retrieval,speed,0.5,0.32995087693555814,0.759808691102927,2
omitted,transfer,retrieval,speed,1.0,0.32995087693555814,0.759808691102927,2
omitted,transfer,speed_rescaling,direction,0.25,0.534191761926174,0.7619613001989003,2
omitted,transfer,speed_rescaling,direction,0.5,0.5201402047770813,0.7632294699020131,2
omitted,transfer,speed_rescaling,direction,1.0,0.5067388102253687,0.7662596417340832,2
omitted,transfer,speed_rescaling,load,0.25,0.6656118940675322,1.1214132906463,2
omitted,transfer,speed_rescaling,load,0.5,0.6534373169702488,1.2073858645203275,2
omitted,transfer,speed_rescaling,load,1.0,0.6366769746054671,1.25235848548625,2
omitted,transfer,speed_rescaling,repeat,0.25,0.6656118940675322,1.1214132906463,2
omitted,transfer,speed_rescaling,repeat,0.5,0.6534373169702488,1.2073858645203275,2
omitted,transfer,speed_rescaling,repeat,1.0,0.6366769746054671,1.25235848548625,2
omitted,transfer,speed_rescaling,single,0.25,0.6656118940675322,1.1214132906463,2
omitted,transfer,speed_rescaling,single,0.5,0.6534373169702488,1.2073858645203275,2
omitted,transfer,speed_rescaling,single,1.0,0.6366769746054671,1.25235848548625,2
omitted,transfer,speed_rescaling,speed,0.25,0.6656118940675322,1.1214132906463,2
omitted,transfer,speed_rescaling,speed,0.5,0.6534373169702488,1.2073858645203275,2
omitted,transfer,speed_rescaling,speed,1.0,0.6366769746054671,1.25235848548625,2
