experiment,partition,protocol,duration_s,method_a,method_b,mean_improvement_b,ci95_low,ci95_high,groups
expanded,selection,direction,0.25,encoder_by_60,encoder_by_120,0.031382125491897256,0.020194339255491883,0.04256991172830263,2
expanded,selection,direction,0.25,retrieval,encoder_by_120,-0.043628333078474385,-0.06773428168680679,-0.019522384470141985,2
expanded,selection,direction,0.25,fixed_features,encoder_by_120,-0.013172655536736008,-0.013749434228117335,-0.012595876845354681,2
expanded,selection,direction,0.5,encoder_by_60,encoder_by_120,0.03523538882533708,0.026193171739578247,0.04427760591109592,2
expanded,selection,direction,0.5,retrieval,encoder_by_120,-0.02931502766077776,-0.05723927464869033,-0.0013907806728651884,2
expanded,selection,direction,0.5,fixed_features,encoder_by_120,0.0021600466070401947,0.0001765880418156951,0.004143505172264694,2
expanded,selection,direction,1.0,encoder_by_60,encoder_by_120,0.03244944227238494,0.02386080597837764,0.041038078566392244,2
expanded,selection,direction,1.0,retrieval,encoder_by_120,-0.030976651178449985,-0.0585056920527062,-0.003447610304193771,2
expanded,selection,direction,1.0,fixed_features,encoder_by_120,0.0006016000705653529,-0.004634316682187861,0.005837516823318567,2
expanded,selection,load,0.25,encoder_by_60,encoder_by_120,0.03798474185168742,0.035324609527985246,0.04064487417538959,2
expanded,selection,load,0.25,retrieval,encoder_by_120,-0.028669641605665874,-0.04552057804451795,-0.011818705166813798,2
expanded,selection,load,0.25,fixed_features,encoder_by_120,0.002203016872405733,-0.004385598583735301,0.008791632328546767,2
expanded,selection,load,0.5,encoder_by_60,encoder_by_120,0.042729753380020455,0.031469340125719725,0.053990166634321185,2
expanded,selection,load,0.5,retrieval,encoder_by_120,-0.02742782663966277,-0.04696618563718011,-0.007889467642145431,2
expanded,selection,load,0.5,fixed_features,encoder_by_120,-0.0016207340554101751,-0.012039164724425178,0.008797696613604827,2
expanded,selection,load,1.0,encoder_by_60,encoder_by_120,0.044315495217839895,0.03052596126993498,0.05810502916574481,2
expanded,selection,load,1.0,retrieval,encoder_by_120,-0.03936198720499931,-0.047931107846760856,-0.030792866563237764,2
expanded,selection,load,1.0,fixed_features,encoder_by_120,-0.013424516258554967,-0.03578568364398896,0.008936651126879025,2
expanded,selection,repeat,0.25,encoder_by_60,encoder_by_120,0.03764127070705095,0.020664860804875673,0.05461768060922623,2
expanded,selection,repeat,0.25,retrieval,encoder_by_120,-0.041681657797744465,-0.07737695472226949,-0.005986360873219437,2
expanded,selection,repeat,0.25,fixed_features,encoder_by_120,-0.014106937067614317,-0.021679509037766775,-0.006534365097461858,2
expanded,selection,repeat,0.5,encoder_by_60,encoder_by_120,0.047204506273070976,0.03779924288392067,0.05660976966222128,2
expanded,selection,repeat,0.5,retrieval,encoder_by_120,-0.032211677423765836,-0.04876513577288796,-0.01565821907464371,2
expanded,selection,repeat,0.5,fixed_features,encoder_by_120,-0.006369509638795165,-0.020613658219371223,0.007874638941780893,2
expanded,selection,repeat,1.0,encoder_by_60,encoder_by_120,0.04364198570450148,0.029587292422850936,0.05769667898615202,2
expanded,selection,repeat,1.0,retrieval,encoder_by_120,-0.029784013769676876,-0.048475316880011665,-0.011092710659342087,2
expanded,selection,repeat,1.0,fixed_features,encoder_by_120,-0.0048986519336214895,-0.01670925205321422,0.0069119481859712395,2
expanded,selection,single,0.25,encoder_by_60,encoder_by_120,0.03699076920747758,0.03637675940990451,0.03760477900505066,2
expanded,selection,single,0.25,retrieval,encoder_by_120,-0.03482720001702565,-0.050789559103910226,-0.01886484093014107,2
expanded,selection,single,0.25,fixed_features,encoder_by_120,0.0026089832497347837,-0.002135286471145331,0.007353252970614899,2
expanded,selection,single,0.5,encoder_by_60,encoder_by_120,0.04634317134817441,0.04066652556260425,0.05201981713374457,2
expanded,selection,single,0.5,retrieval,encoder_by_120,-0.032261418120712634,-0.05686893733130308,-0.007653898910122192,2
expanded,selection,single,0.5,fixed_features,encoder_by_120,-0.00330363829848479,-0.007094916333084317,0.00048763973611473665,2
expanded,selection,single,1.0,encoder_by_60,encoder_by_120,0.041717395807305976,0.027967768410841642,0.05546702320377031,2
expanded,selection,single,1.0,retrieval,encoder_by_120,-0.047408516771247564,-0.05243056438154389,-0.042386469160951235,2
expanded,selection,single,1.0,fixed_features,encoder_by_120,-0.02102233195314801,-0.04649526100982257,0.004450597103526549,2
expanded,selection,speed,0.25,encoder_by_60,encoder_by_120,0.03598306514322759,0.030636172741651535,0.04132995754480365,2
expanded,selection,speed,0.25,retrieval,encoder_by_120,-0.04758253128990589,-0.07965037024802377,-0.01551469233178801,2
expanded,selection,speed,0.25,fixed_features,encoder_by_120,-0.014989870916497519,-0.01678601114504727,-0.013193730687947769,2
expanded,selection,speed,0.5,encoder_by_60,encoder_by_120,0.04001392051577568,0.03615099315841991,0.04387684787313145,2
expanded,selection,speed,0.5,retrieval,encoder_by_120,-0.05712053981090644,-0.07049949762012969,-0.04374158200168318,2
expanded,selection,speed,0.5,fixed_features,encoder_by_120,-0.027466950129157786,-0.04402783837129087,-0.010906061887024698,2
expanded,selection,speed,1.0,encoder_by_60,encoder_by_120,0.041073327884078026,0.03992888455589613,0.04221777121225992,2
expanded,selection,speed,1.0,retrieval,encoder_by_120,-0.049093233363479954,-0.05697764006044875,-0.041208826666511156,2
expanded,selection,speed,1.0,fixed_features,encoder_by_120,-0.02135758455660397,-0.04375020816256156,0.00103503904935362,2
omitted,selection,direction,0.25,encoder_by_60,encoder_by_120,0.0485263793832726,0.031039930880069705,0.0660128278864755,2
omitted,selection,direction,0.25,retrieval,encoder_by_120,-0.06766894135294874,-0.07582640053587691,-0.05951148217002056,2
omitted,selection,direction,0.25,fixed_features,encoder_by_120,0.015977280640122327,-0.00145393894000595,0.0334085002202506,2
omitted,selection,direction,0.5,encoder_by_60,encoder_by_120,0.041925366967916475,0.019588732057147562,0.06426200187868539,2
omitted,selection,direction,0.5,retrieval,encoder_by_120,-0.06581040809636497,-0.06936596733090813,-0.06225484886182181,2
omitted,selection,direction,0.5,fixed_features,encoder_by_120,0.01770072652976762,-0.004979122567801447,0.040380575627336684,2
omitted,selection,direction,1.0,encoder_by_60,encoder_by_120,0.04097344271010821,0.016833095914787682,0.06511378950542873,2
omitted,selection,direction,1.0,retrieval,encoder_by_120,-0.06671078965152487,-0.06900566967087524,-0.0644159096321745,2
omitted,selection,direction,1.0,fixed_features,encoder_by_120,0.017090120362566477,-0.00669422174049053,0.040874462465623485,2
omitted,selection,load,0.25,encoder_by_60,encoder_by_120,0.0377125458584891,0.011912193563249324,0.06351289815372888,2
omitted,selection,load,0.25,retrieval,encoder_by_120,-0.07569452009351903,-0.07702726236727009,-0.07436177781976797,2
omitted,selection,load,0.25,fixed_features,encoder_by_120,0.009519838896966809,-0.01787657788125349,0.03691625567518711,2
omitted,selection,load,0.5,encoder_by_60,encoder_by_120,0.033620353374216275,0.003595258626672926,0.06364544812175962,2
omitted,selection,load,0.5,retrieval,encoder_by_120,-0.0810134519148388,-0.08765276549669934,-0.07437413833297826,2
omitted,selection,load,0.5,fixed_features,encoder_by_120,0.0020953130772313477,-0.03290720633033764,0.037097832484800336,2
omitted,selection,load,1.0,encoder_by_60,encoder_by_120,0.02981992562611893,-0.006484703057342167,0.06612455430958003,2
omitted,selection,load,1.0,retrieval,encoder_by_120,-0.08900645837272393,-0.10552879285560221,-0.07248412388984565,2
omitted,selection,load,1.0,fixed_features,encoder_by_120,-0.006999545417473246,-0.051536479853613815,0.03753738901866732,2
omitted,selection,repeat,0.25,encoder_by_60,encoder_by_120,0.04645107769303851,0.018882363206810387,0.07401979217926663,2
omitted,selection,repeat,0.25,retrieval,encoder_by_120,-0.07409254675194807,-0.07681651729766731,-0.07136857620622883,2
omitted,selection,repeat,0.25,fixed_features,encoder_by_120,0.01118924658565118,-0.017379212036064517,0.03975770520736688,2
omitted,selection,repeat,0.5,encoder_by_60,encoder_by_120,0.03459442738029693,0.005061453415287853,0.064127401345306,2
omitted,selection,repeat,0.5,retrieval,encoder_by_120,-0.08682797028043385,-0.09043102491312058,-0.08322491564774712,2
omitted,selection,repeat,0.5,fixed_features,encoder_by_120,-0.003189582553011286,-0.03587673547567877,0.029497570369656195,2
omitted,selection,repeat,1.0,encoder_by_60,encoder_by_120,0.036199114388889744,0.007462939454449563,0.06493528932332993,2
omitted,selection,repeat,1.0,retrieval,encoder_by_120,-0.07811541489513568,-0.08276709776864616,-0.0734637320216252,2
omitted,selection,repeat,1.0,fixed_features,encoder_by_120,0.004154694224151892,-0.027700475786628737,0.03600986423493252,2
omitted,selection,single,0.25,encoder_by_60,encoder_by_120,0.0478116526371903,0.029946424067020416,0.06567688120736018,2
omitted,selection,single,0.25,retrieval,encoder_by_120,-0.07096838171368028,-0.07734501264251806,-0.0645917507848425,2
omitted,selection,single,0.25,fixed_features,encoder_by_120,0.020649515189664625,0.00460842912356188,0.03669060125576737,2
omitted,selection,single,0.5,encoder_by_60,encoder_by_120,0.03537728885809582,0.012570377853181658,0.05818419986300999,2
omitted,selection,single,0.5,retrieval,encoder_by_120,-0.08470400512303099,-0.08772856892901199,-0.08167944131704999,2
omitted,selection,single,0.5,fixed_features,encoder_by_120,0.0018209601767690958,-0.02050197829051284,0.02414389864405103,2
omitted,selection,single,1.0,encoder_by_60,encoder_by_120,0.030500387152036,-0.0022144814332326623,0.06321525573730466,2
omitted,selection,single,1.0,retrieval,encoder_by_120,-0.09559694104809086,-0.11684729601025087,-0.07434658608593084,2
omitted,selection,single,1.0,fixed_features,encoder_by_120,-0.012039562832083586,-0.05997827894433444,0.03589915328016727,2
omitted,selection,speed,0.25,encoder_by_60,encoder_by_120,0.041294006423817725,0.025507052739461245,0.057080960108174206,2
omitted,selection,speed,0.25,retrieval,encoder_by_120,-0.08492670504667878,-0.10716132473704754,-0.06269208535631002,2
omitted,selection,speed,0.25,fixed_features,encoder_by_120,0.004643955683456144,-0.0005540392838710162,0.009841950650783304,2
omitted,selection,speed,0.5,encoder_by_60,encoder_by_120,0.034394172744618506,0.010015228556262135,0.05877311693297488,2
omitted,selection,speed,0.5,retrieval,encoder_by_120,-0.10041063906502577,-0.10278240410908268,-0.09803887402096886,2
omitted,selection,speed,0.5,fixed_features,encoder_by_120,-0.014850373243172302,-0.04061657596422538,0.010915829477880779,2
omitted,selection,speed,1.0,encoder_by_60,encoder_by_120,0.03810824867751861,0.013742677867412567,0.06247381948762465,2
omitted,selection,speed,1.0,retrieval,encoder_by_120,-0.09143927493113795,-0.09277719866977299,-0.0901013511925029,2
omitted,selection,speed,1.0,fixed_features,encoder_by_120,-0.007991676517990876,-0.03774686877707778,0.02176351574109603,2
omitted,transfer,direction,0.25,encoder_by_60,encoder_by_120,0.003906348099311174,0.0029732584953308105,0.004839437703291538,2
omitted,transfer,direction,0.25,retrieval,encoder_by_120,0.018414474804437725,-0.004614388322821128,0.04144333793169658,2
omitted,transfer,direction,0.25,fixed_features,encoder_by_120,-0.0017700013410030524,-0.006828398052134366,0.003288395370128261,2
omitted,transfer,direction,0.5,encoder_by_60,encoder_by_120,-0.004014811788996042,-0.01012925555308658,0.002099631975094496,2
omitted,transfer,direction,0.5,retrieval,encoder_by_120,0.021328747053182717,-0.0060252476493426466,0.04868274175570808,2
omitted,transfer,direction,0.5,fixed_features,encoder_by_120,0.002329783758737214,-0.007420977516611749,0.012080545034086176,2
omitted,transfer,direction,1.0,encoder_by_60,encoder_by_120,-0.005952101821700723,-0.01476408913731575,0.002859885493914305,2
omitted,transfer,direction,1.0,retrieval,encoder_by_120,0.020201295394933816,-0.008202231552194406,0.04860482234206204,2
omitted,transfer,direction,1.0,fixed_features,encoder_by_120,0.00033754880889158567,-0.011604325073788668,0.01227942269157184,2
omitted,transfer,load,0.25,encoder_by_60,encoder_by_120,-0.007933195059498133,-0.019895457973082842,0.0040290678540865765,2
omitted,transfer,load,0.25,retrieval,encoder_by_120,0.013512501894669321,-0.02032228099901562,0.04734728478835426,2
omitted,transfer,load,0.25,fixed_features,encoder_by_120,-0.008280914223376068,-0.024585560254550387,0.008023731807798251,2
omitted,transfer,load,0.5,encoder_by_60,encoder_by_120,-0.01244931792219478,-0.02894029145439464,0.004041655610005079,2
omitted,transfer,load,0.5,retrieval,encoder_by_120,0.009183739403125252,-0.029771995172888865,0.04813947397913937,2
omitted,transfer,load,0.5,fixed_features,encoder_by_120,-0.012827118041750962,-0.03668777189638889,0.011033535812886963,2
omitted,transfer,load,1.0,encoder_by_60,encoder_by_120,-0.01770239571730295,-0.040423122545083345,0.0050183311104774475,2
omitted,transfer,load,1.0,retrieval,encoder_by_120,0.0011278817099696359,-0.046661053226382365,0.04891681664632164,2
omitted,transfer,load,1.0,fixed_features,encoder_by_120,-0.02154556255397644,-0.05392985100108766,0.010838725893134782,2
omitted,transfer,repeat,0.25,encoder_by_60,encoder_by_120,-0.0021564935644467487,-0.014863656212886156,0.010550669083992659,2
omitted,transfer,repeat,0.25,retrieval,encoder_by_120,0.013919150237477418,-0.014886904881388774,0.04272520535634361,2
omitted,transfer,repeat,0.25,fixed_features,encoder_by_120,-0.00572017718533635,-0.023054164846179837,0.011613810475507136,2
omitted,transfer,repeat,0.5,encoder_by_60,encoder_by_120,-0.012046114852031081,-0.02993294969201088,0.005840719987948717,2
omitted,transfer,repeat,0.5,retrieval,encoder_by_120,0.00340657783472198,-0.03322314384181385,0.04003629951125781,2
omitted,transfer,repeat,0.5,fixed_features,encoder_by_120,-0.018267415869593934,-0.04195105996847337,0.005416228229285502,2
omitted,transfer,repeat,1.0,encoder_by_60,encoder_by_120,-0.010807607943812997,-0.025976641724507032,0.004361425836881039,2
omitted,transfer,repeat,1.0,retrieval,encoder_by_120,0.011394638969735887,-0.025392563766232,0.048181841705703776,2
omitted,transfer,repeat,1.0,fixed_features,encoder_by_120,-0.011836582530822981,-0.03458440548778369,0.010911240426137725,2
omitted,transfer,single,0.25,encoder_by_60,encoder_by_120,0.0027357799311479025,-0.0017208804686864032,0.007192440330982208,2
omitted,transfer,single,0.25,retrieval,encoder_by_120,0.017524403611060557,-0.011318917449306298,0.04636772467142741,2
omitted,transfer,single,0.25,fixed_features,encoder_by_120,-9.01073922510709e-05,-0.011753126105880585,0.011572911321378443,2
omitted,transfer,single,0.5,encoder_by_60,encoder_by_120,-0.010399976124366134,-0.023213326930999756,0.0024133746822674884,2
omitted,transfer,single,0.5,retrieval,encoder_by_120,0.005406026198701647,-0.025886435435206523,0.036698487832609816,2
omitted,transfer,single,0.5,fixed_features,encoder_by_120,-0.014957871174102466,-0.031561788431249016,0.0016460460830440837,2
omitted,transfer,single,1.0,encoder_by_60,encoder_by_120,-0.01885638510187468,-0.040197173754374205,0.0024844035506248474,2
omitted,transfer,single,1.0,retrieval,encoder_by_120,-0.00564414843496025,-0.05860163929660206,0.04731334242668156,2
omitted,transfer,single,1.0,fixed_features,encoder_by_120,-0.02724907860211856,-0.06625172503091742,0.0117535678266803,2
omitted,transfer,speed,0.25,encoder_by_60,encoder_by_120,6.66516522566385e-05,-0.002719295521577181,0.002852598826090458,2
omitted,transfer,speed,0.25,retrieval,encoder_by_120,0.006275584081050334,-0.005174922819923211,0.01772609098202388,2
omitted,transfer,speed,0.25,fixed_features,encoder_by_120,-0.014344737186529982,-0.01615548130346678,-0.012533993069593186,2
omitted,transfer,speed,0.5,encoder_by_60,encoder_by_120,-0.010383081311980902,-0.024673455705245373,0.003907293081283569,2
omitted,transfer,speed,0.5,retrieval,encoder_by_120,-0.008557072128617199,-0.03928639901279496,0.02217225475556056,2
omitted,transfer,speed,0.5,fixed_features,encoder_by_120,-0.029958881672531107,-0.04605958698800733,-0.013858176357054885,2
omitted,transfer,speed,1.0,encoder_by_60,encoder_by_120,-0.007768310606479645,-0.020593826969464657,0.005057205756505367,2
omitted,transfer,speed,1.0,retrieval,encoder_by_120,-0.0002535503067209455,-0.033907251185169685,0.033400150571727794,2
omitted,transfer,speed,1.0,fixed_features,encoder_by_120,-0.02223881941634659,-0.0408204527699787,-0.003657186062714479,2
