surface_id,direction_deg,speed_mm_s,force_mN,repeat_id,nominal_force_N,recording_id,cached_channels,observed_in_run_roots
0,0,20,500,0,0.5,0_0_20_500_0,3,runs/bounded_expanded_pilot|runs/bounded_omitted_speed|runs/expanded_pilot|runs/omitted_speed
0,0,20,500,1,0.5,0_0_20_500_1,3,runs/bounded_expanded_pilot|runs/bounded_omitted_speed|runs/expanded_pilot|runs/omitted_speed
0,0,30,500,0,0.5,0_0_30_500_0,3,.|runs/bounded_expanded_pilot|runs/bounded_pilot|runs/expanded_pilot
0,0,30,500,1,0.5,0_0_30_500_1,3,.|runs/bounded_expanded_pilot|runs/bounded_pilot|runs/expanded_pilot
0,0,40,1000,0,1.0,0_0_40_1000_0,3,runs/bounded_expanded_pilot|runs/bounded_omitted_speed|runs/expanded_pilot|runs/omitted_speed
0,0,40,1000,1,1.0,0_0_40_1000_1,3,runs/bounded_expanded_pilot|runs/bounded_omitted_speed|runs/expanded_pilot|runs/omitted_speed
0,0,40,500,0,0.5,0_0_40_500_0,3,.|runs/bounded_expanded_pilot|runs/bounded_omitted_speed|runs/bounded_pilot|runs/expanded_pilot|runs/omitted_speed
0,0,40,500,1,0.5,0_0_40_500_1,3,.|runs/bounded_expanded_pilot|runs/bounded_omitted_speed|runs/bounded_pilot|runs/expanded_pilot|runs/omitted_speed
0,0,50,500,0,0.5,0_0_50_500_0,3,.|runs/bounded_expanded_pilot|runs/bounded_pilot|runs/expanded_pilot
0,0,50,500,1,0.5,0_0_50_500_1,3,.|runs/bounded_expanded_pilot|runs/bounded_pilot|runs/expanded_pilot
0,45,20,1000,0,1.0,0_45_20_1000_0,3,runs/bounded_omitted_speed|runs/omitted_speed
0,45,20,1000,1,1.0,0_45_20_1000_1,3,runs/bounded_omitted_speed|runs/omitted_speed
0,45,40,1000,0,1.0,0_45_40_1000_0,3,.|runs/bounded_expanded_pilot|runs/bounded_omitted_speed|runs/bounded_pilot|runs/expanded_pilot|runs/omitted_speed
0,45,40,1000,1,1.0,0_45_40_1000_1,3,.|runs/bounded_expanded_pilot|runs/bounded_omitted_speed|runs/bounded_pilot|runs/expanded_pilot|runs/omitted_speed
0,45,60,1000,0,1.0,0_45_60_1000_0,3,runs/bounded_omitted_speed|runs/omitted_speed
0,45,60,1000,1,1.0,0_45_60_1000_1,3,runs/bounded_omitted_speed|runs/omitted_speed
0,90,20,1000,0,1.0,0_90_20_1000_0,3,runs/bounded_omitted_speed|runs/omitted_speed
0,90,20,1000,1,1.0,0_90_20_1000_1,3,runs/bounded_omitted_speed|runs/omitted_speed
0,90,40,1000,0,1.0,0_90_40_1000_0,3,runs/bounded_omitted_speed|runs/omitted_speed
0,90,40,1000,1,1.0,0_90_40_1000_1,3,runs/bounded_omitted_speed|runs/omitted_speed
0,90,40,500,0,0.5,0_90_40_500_0,3,runs/bounded_expanded_pilot|runs/bounded_omitted_speed|runs/expanded_pilot|runs/omitted_speed
0,90,40,500,1,0.5,0_90_40_500_1,3,runs/bounded_expanded_pilot|runs/bounded_omitted_speed|runs/expanded_pilot|runs/omitted_speed
0,90,60,1000,0,1.0,0_90_60_1000_0,3,.|runs/bounded_expanded_pilot|runs/bounded_omitted_speed|runs/bounded_pilot|runs/expanded_pilot|runs/omitted_speed
0,90,60,1000,1,1.0,0_90_60_1000_1,3,.|runs/bounded_expanded_pilot|runs/bounded_omitted_speed|runs/bounded_pilot|runs/expanded_pilot|runs/omitted_speed
102,0,20,500,0,0.5,102_0_20_500_0,3,runs/bounded_expanded_pilot|runs/bounded_omitted_speed|runs/expanded_pilot|runs/omitted_speed
102,0,20,500,1,0.5,102_0_20_500_1,3,runs/bounded_expanded_pilot|runs/bounded_omitted_speed|runs/expanded_pilot|runs/omitted_speed
102,0,30,500,0,0.5,102_0_30_500_0,3,.|runs/bounded_expanded_pilot|runs/bounded_pilot|runs/expanded_pilot
102,0,30,500,1,0.5,102_0_30_500_1,3,.|runs/bounded_expanded_pilot|runs/bounded_pilot|runs/expanded_pilot
102,0,40,1000,0,1.0,102_0_40_1000_0,3,runs/bounded_expanded_pilot|runs/bounded_omitted_speed|runs/expanded_pilot|runs/omitted_speed
102,0,40,1000,1,1.0,102_0_40_1000_1,3,runs/bounded_expanded_pilot|runs/bounded_omitted_speed|runs/expanded_pilot|runs/omitted_speed
102,0,40,500,0,0.5,102_0_40_500_0,3,.|runs/bounded_expanded_pilot|runs/bounded_omitted_speed|runs/bounded_pilot|runs/expanded_pilot|runs/omitted_speed
102,0,40,500,1,0.5,102_0_40_500_1,3,.|runs/bounded_expanded_pilot|runs/bounded_omitted_speed|runs/bounded_pilot|runs/expanded_pilot|runs/omitted_speed
102,0,50,500,0,0.5,102_0_50_500_0,3,.|runs/bounded_expanded_pilot|runs/bounded_pilot|runs/expanded_pilot
102,0,50,500,1,0.5,102_0_50_500_1,3,.|runs/bounded_expanded_pilot|runs/bounded_pilot|runs/expanded_pilot
102,45,20,1000,0,1.0,102_45_20_1000_0,3,runs/bounded_omitted_speed|runs/omitted_speed
102,45,20,1000,1,1.0,102_45_20_1000_1,3,runs/bounded_omitted_speed|runs/omitted_speed
102,45,40,1000,0,1.0,102_45_40_1000_0,3,.|runs/bounded_expanded_pilot|runs/bounded_omitted_speed|runs/bounded_pilot|runs/expanded_pilot|runs/omitted_speed
102,45,40,1000,1,1.0,102_45_40_1000_1,3,.|runs/bounded_expanded_pilot|runs/bounded_omitted_speed|runs/bounded_pilot|runs/expanded_pilot|runs/omitted_speed
102,45,60,1000,0,1.0,102_45_60_1000_0,3,runs/bounded_omitted_speed|runs/omitted_speed
102,45,60,1000,1,1.0,102_45_60_1000_1,3,runs/bounded_omitted_speed|runs/omitted_speed
102,90,20,1000,0,1.0,102_90_20_1000_0,3,runs/bounded_omitted_speed|runs/omitted_speed
102,90,20,1000,1,1.0,102_90_20_1000_1,3,runs/bounded_omitted_speed|runs/omitted_speed
102,90,40,1000,0,1.0,102_90_40_1000_0,3,runs/bounded_omitted_speed|runs/omitted_speed
102,90,40,1000,1,1.0,102_90_40_1000_1,3,runs/bounded_omitted_speed|runs/omitted_speed
102,90,40,500,0,0.5,102_90_40_500_0,3,runs/bounded_expanded_pilot|runs/bounded_omitted_speed|runs/expanded_pilot|runs/omitted_speed
102,90,40,500,1,0.5,102_90_40_500_1,3,runs/bounded_expanded_pilot|runs/bounded_omitted_speed|runs/expanded_pilot|runs/omitted_speed
102,90,60,1000,0,1.0,102_90_60_1000_0,3,.|runs/bounded_expanded_pilot|runs/bounded_omitted_speed|runs/bounded_pilot|runs/expanded_pilot|runs/omitted_speed
102,90,60,1000,1,1.0,102_90_60_1000_1,3,.|runs/bounded_expanded_pilot|runs/bounded_omitted_speed|runs/bounded_pilot|runs/expanded_pilot|runs/omitted_speed
103,0,20,500,0,0.5,103_0_20_500_0,3,runs/bounded_expanded_pilot|runs/bounded_omitted_speed|runs/expanded_pilot|runs/omitted_speed
103,0,20,500,1,0.5,103_0_20_500_1,3,runs/bounded_expanded_pilot|runs/bounded_omitted_speed|runs/expanded_pilot|runs/omitted_speed
103,0,30,500,0,0.5,103_0_30_500_0,3,.|runs/bounded_expanded_pilot|runs/bounded_pilot|runs/expanded_pilot
103,0,30,500,1,0.5,103_0_30_500_1,3,.|runs/bounded_expanded_pilot|runs/bounded_pilot|runs/expanded_pilot
103,0,40,1000,0,1.0,103_0_40_1000_0,3,runs/bounded_expanded_pilot|runs/bounded_omitted_speed|runs/expanded_pilot|runs/omitted_speed
103,0,40,1000,1,1.0,103_0_40_1000_1,3,runs/bounded_expanded_pilot|runs/bounded_omitted_speed|runs/expanded_pilot|runs/omitted_speed
103,0,40,500,0,0.5,103_0_40_500_0,3,.|runs/bounded_expanded_pilot|runs/bounded_omitted_speed|runs/bounded_pilot|runs/expanded_pilot|runs/omitted_speed
103,0,40,500,1,0.5,103_0_40_500_1,3,.|runs/bounded_expanded_pilot|runs/bounded_omitted_speed|runs/bounded_pilot|runs/expanded_pilot|runs/omitted_speed
103,0,50,500,0,0.5,103_0_50_500_0,3,.|runs/bounded_expanded_pilot|runs/bounded_pilot|runs/expanded_pilot
103,0,50,500,1,0.5,103_0_50_500_1,3,.|runs/bounded_expanded_pilot|runs/bounded_pilot|runs/expanded_pilot
103,45,20,1000,0,1.0,103_45_20_1000_0,3,runs/bounded_omitted_speed|runs/omitted_speed
103,45,20,1000,1,1.0,103_45_20_1000_1,3,runs/bounded_omitted_speed|runs/omitted_speed
103,45,40,1000,0,1.0,103_45_40_1000_0,3,.|runs/bounded_expanded_pilot|runs/bounded_omitted_speed|runs/bounded_pilot|runs/expanded_pilot|runs/omitted_speed
103,45,40,1000,1,1.0,103_45_40_1000_1,3,.|runs/bounded_expanded_pilot|runs/bounded_omitted_speed|runs/bounded_pilot|runs/expanded_pilot|runs/omitted_speed
103,45,60,1000,0,1.0,103_45_60_1000_0,3,runs/bounded_omitted_speed|runs/omitted_speed
103,45,60,1000,1,1.0,103_45_60_1000_1,3,runs/bounded_omitted_speed|runs/omitted_speed
103,90,20,1000,0,1.0,103_90_20_1000_0,3,runs/bounded_omitted_speed|runs/omitted_speed
103,90,20,1000,1,1.0,103_90_20_1000_1,3,runs/bounded_omitted_speed|runs/omitted_speed
103,90,40,1000,0,1.0,103_90_40_1000_0,3,runs/bounded_omitted_speed|runs/omitted_speed
103,90,40,1000,1,1.0,103_90_40_1000_1,3,runs/bounded_omitted_speed|runs/omitted_speed
103,90,40,500,0,0.5,103_90_40_500_0,3,runs/bounded_expanded_pilot|runs/bounded_omitted_speed|runs/expanded_pilot|runs/omitted_speed
103,90,40,500,1,0.5,103_90_40_500_1,3,runs/bounded_expanded_pilot|runs/bounded_omitted_speed|runs/expanded_pilot|runs/omitted_speed
103,90,60,1000,0,1.0,103_90_60_1000_0,3,.|runs/bounded_expanded_pilot|runs/bounded_omitted_speed|runs/bounded_pilot|runs/expanded_pilot|runs/omitted_speed
103,90,60,1000,1,1.0,103_90_60_1000_1,3,.|runs/bounded_expanded_pilot|runs/bounded_omitted_speed|runs/bounded_pilot|runs/expanded_pilot|runs/omitted_speed
10,0,20,500,0,0.5,10_0_20_500_0,3,runs/bounded_expanded_pilot|runs/bounded_omitted_speed|runs/expanded_pilot|runs/omitted_speed
10,0,20,500,1,0.5,10_0_20_500_1,3,runs/bounded_expanded_pilot|runs/bounded_omitted_speed|runs/expanded_pilot|runs/omitted_speed
10,0,30,500,0,0.5,10_0_30_500_0,3,.|runs/bounded_expanded_pilot|runs/bounded_pilot|runs/expanded_pilot
10,0,30,500,1,0.5,10_0_30_500_1,3,.|runs/bounded_expanded_pilot|runs/bounded_pilot|runs/expanded_pilot
10,0,40,1000,0,1.0,10_0_40_1000_0,3,runs/bounded_expanded_pilot|runs/bounded_omitted_speed|runs/expanded_pilot|runs/omitted_speed
10,0,40,1000,1,1.0,10_0_40_1000_1,3,runs/bounded_expanded_pilot|runs/bounded_omitted_speed|runs/expanded_pilot|runs/omitted_speed
10,0,40,500,0,0.5,10_0_40_500_0,3,.|runs/bounded_expanded_pilot|runs/bounded_omitted_speed|runs/bounded_pilot|runs/expanded_pilot|runs/omitted_speed
10,0,40,500,1,0.5,10_0_40_500_1,3,.|runs/bounded_expanded_pilot|runs/bounded_omitted_speed|runs/bounded_pilot|runs/expanded_pilot|runs/omitted_speed
10,0,50,500,0,0.5,10_0_50_500_0,3,.|runs/bounded_expanded_pilot|runs/bounded_pilot|runs/expanded_pilot
10,0,50,500,1,0.5,10_0_50_500_1,3,.|runs/bounded_expanded_pilot|runs/bounded_pilot|runs/expanded_pilot
10,45,20,1000,0,1.0,10_45_20_1000_0,3,runs/bounded_omitted_speed|runs/omitted_speed
10,45,20,1000,1,1.0,10_45_20_1000_1,3,runs/bounded_omitted_speed|runs/omitted_speed
10,45,30,1000,0,1.0,10_45_30_1000_0,3,runs/bounded_omitted_speed|runs/omitted_speed
10,45,30,1000,1,1.0,10_45_30_1000_1,3,runs/bounded_omitted_speed|runs/omitted_speed
10,45,40,1000,0,1.0,10_45_40_1000_0,3,.|runs/bounded_expanded_pilot|runs/bounded_omitted_speed|runs/bounded_pilot|runs/expanded_pilot|runs/omitted_speed
10,45,40,1000,1,1.0,10_45_40_1000_1,3,.|runs/bounded_expanded_pilot|runs/bounded_omitted_speed|runs/bounded_pilot|runs/expanded_pilot|runs/omitted_speed
10,45,50,1000,0,1.0,10_45_50_1000_0,3,runs/bounded_omitted_speed|runs/omitted_speed
10,45,50,1000,1,1.0,10_45_50_1000_1,3,runs/bounded_omitted_speed|runs/omitted_speed
10,45,60,1000,0,1.0,10_45_60_1000_0,3,runs/bounded_omitted_speed|runs/omitted_speed
10,45,60,1000,1,1.0,10_45_60_1000_1,3,runs/bounded_omitted_speed|runs/omitted_speed
10,90,20,1000,0,1.0,10_90_20_1000_0,3,runs/bounded_omitted_speed|runs/omitted_speed
10,90,20,1000,1,1.0,10_90_20_1000_1,3,runs/bounded_omitted_speed|runs/omitted_speed
10,90,30,1000,0,1.0,10_90_30_1000_0,3,runs/bounded_omitted_speed|runs/omitted_speed
10,90,30,1000,1,1.0,10_90_30_1000_1,3,runs/bounded_omitted_speed|runs/omitted_speed
10,90,40,1000,0,1.0,10_90_40_1000_0,3,runs/bounded_omitted_speed|runs/omitted_speed
10,90,40,1000,1,1.0,10_90_40_1000_1,3,runs/bounded_omitted_speed|runs/omitted_speed
10,90,40,500,0,0.5,10_90_40_500_0,3,runs/bounded_expanded_pilot|runs/bounded_omitted_speed|runs/expanded_pilot|runs/omitted_speed
10,90,40,500,1,0.5,10_90_40_500_1,3,runs/bounded_expanded_pilot|runs/bounded_omitted_speed|runs/expanded_pilot|runs/omitted_speed
10,90,50,1000,0,1.0,10_90_50_1000_0,3,runs/bounded_omitted_speed|runs/omitted_speed
10,90,50,1000,1,1.0,10_90_50_1000_1,3,runs/bounded_omitted_speed|runs/omitted_speed
10,90,60,1000,0,1.0,10_90_60_1000_0,3,.|runs/bounded_expanded_pilot|runs/bounded_omitted_speed|runs/bounded_pilot|runs/expanded_pilot|runs/omitted_speed
10,90,60,1000,1,1.0,10_90_60_1000_1,3,.|runs/bounded_expanded_pilot|runs/bounded_omitted_speed|runs/bounded_pilot|runs/expanded_pilot|runs/omitted_speed
38,0,20,500,0,0.5,38_0_20_500_0,3,runs/bounded_expanded_pilot|runs/bounded_omitted_speed|runs/expanded_pilot|runs/omitted_speed
38,0,20,500,1,0.5,38_0_20_500_1,3,runs/bounded_expanded_pilot|runs/bounded_omitted_speed|runs/expanded_pilot|runs/omitted_speed
38,0,30,500,0,0.5,38_0_30_500_0,3,.|runs/bounded_expanded_pilot|runs/bounded_pilot|runs/expanded_pilot
38,0,30,500,1,0.5,38_0_30_500_1,3,.|runs/bounded_expanded_pilot|runs/bounded_pilot|runs/expanded_pilot
38,0,40,1000,0,1.0,38_0_40_1000_0,3,runs/bounded_expanded_pilot|runs/bounded_omitted_speed|runs/expanded_pilot|runs/omitted_speed
38,0,40,1000,1,1.0,38_0_40_1000_1,3,runs/bounded_expanded_pilot|runs/bounded_omitted_speed|runs/expanded_pilot|runs/omitted_speed
38,0,40,500,0,0.5,38_0_40_500_0,3,.|runs/bounded_expanded_pilot|runs/bounded_omitted_speed|runs/bounded_pilot|runs/expanded_pilot|runs/omitted_speed
38,0,40,500,1,0.5,38_0_40_500_1,3,.|runs/bounded_expanded_pilot|runs/bounded_omitted_speed|runs/bounded_pilot|runs/expanded_pilot|runs/omitted_speed
38,0,50,500,0,0.5,38_0_50_500_0,3,.|runs/bounded_expanded_pilot|runs/bounded_pilot|runs/expanded_pilot
38,0,50,500,1,0.5,38_0_50_500_1,3,.|runs/bounded_expanded_pilot|runs/bounded_pilot|runs/expanded_pilot
38,45,20,1000,0,1.0,38_45_20_1000_0,3,runs/bounded_omitted_speed|runs/omitted_speed
38,45,20,1000,1,1.0,38_45_20_1000_1,3,runs/bounded_omitted_speed|runs/omitted_speed
38,45,40,1000,0,1.0,38_45_40_1000_0,3,.|runs/bounded_expanded_pilot|runs/bounded_omitted_speed|runs/bounded_pilot|runs/expanded_pilot|runs/omitted_speed
38,45,40,1000,1,1.0,38_45_40_1000_1,3,.|runs/bounded_expanded_pilot|runs/bounded_omitted_speed|runs/bounded_pilot|runs/expanded_pilot|runs/omitted_speed
38,45,60,1000,0,1.0,38_45_60_1000_0,3,runs/bounded_omitted_speed|runs/omitted_speed
38,45,60,1000,1,1.0,38_45_60_1000_1,3,runs/bounded_omitted_speed|runs/omitted_speed
38,90,20,1000,0,1.0,38_90_20_1000_0,3,runs/bounded_omitted_speed|runs/omitted_speed
38,90,20,1000,1,1.0,38_90_20_1000_1,3,runs/bounded_omitted_speed|runs/omitted_speed
38,90,40,1000,0,1.0,38_90_40_1000_0,3,runs/bounded_omitted_speed|runs/omitted_speed
38,90,40,1000,1,1.0,38_90_40_1000_1,3,runs/bounded_omitted_speed|runs/omitted_speed
38,90,40,500,0,0.5,38_90_40_500_0,3,runs/bounded_expanded_pilot|runs/bounded_omitted_speed|runs/expanded_pilot|runs/omitted_speed
38,90,40,500,1,0.5,38_90_40_500_1,3,runs/bounded_expanded_pilot|runs/bounded_omitted_speed|runs/expanded_pilot|runs/omitted_speed
38,90,60,1000,0,1.0,38_90_60_1000_0,3,.|runs/bounded_expanded_pilot|runs/bounded_omitted_speed|runs/bounded_pilot|runs/expanded_pilot|runs/omitted_speed
38,90,60,1000,1,1.0,38_90_60_1000_1,3,.|runs/bounded_expanded_pilot|runs/bounded_omitted_speed|runs/bounded_pilot|runs/expanded_pilot|runs/omitted_speed
49,0,20,500,0,0.5,49_0_20_500_0,3,runs/bounded_expanded_pilot|runs/bounded_omitted_speed|runs/expanded_pilot|runs/omitted_speed
49,0,20,500,1,0.5,49_0_20_500_1,3,runs/bounded_expanded_pilot|runs/bounded_omitted_speed|runs/expanded_pilot|runs/omitted_speed
49,0,30,500,0,0.5,49_0_30_500_0,3,.|runs/bounded_expanded_pilot|runs/bounded_pilot|runs/expanded_pilot
49,0,30,500,1,0.5,49_0_30_500_1,3,.|runs/bounded_expanded_pilot|runs/bounded_pilot|runs/expanded_pilot
49,0,40,1000,0,1.0,49_0_40_1000_0,3,runs/bounded_expanded_pilot|runs/bounded_omitted_speed|runs/expanded_pilot|runs/omitted_speed
49,0,40,1000,1,1.0,49_0_40_1000_1,3,runs/bounded_expanded_pilot|runs/bounded_omitted_speed|runs/expanded_pilot|runs/omitted_speed
49,0,40,500,0,0.5,49_0_40_500_0,3,.|runs/bounded_expanded_pilot|runs/bounded_omitted_speed|runs/bounded_pilot|runs/expanded_pilot|runs/omitted_speed
49,0,40,500,1,0.5,49_0_40_500_1,3,.|runs/bounded_expanded_pilot|runs/bounded_omitted_speed|runs/bounded_pilot|runs/expanded_pilot|runs/omitted_speed
49,0,50,500,0,0.5,49_0_50_500_0,3,.|runs/bounded_expanded_pilot|runs/bounded_pilot|runs/expanded_pilot
49,0,50,500,1,0.5,49_0_50_500_1,3,.|runs/bounded_expanded_pilot|runs/bounded_pilot|runs/expanded_pilot
49,45,20,1000,0,1.0,49_45_20_1000_0,3,runs/bounded_omitted_speed|runs/omitted_speed
49,45,20,1000,1,1.0,49_45_20_1000_1,3,runs/bounded_omitted_speed|runs/omitted_speed
49,45,40,1000,0,1.0,49_45_40_1000_0,3,.|runs/bounded_expanded_pilot|runs/bounded_omitted_speed|runs/bounded_pilot|runs/expanded_pilot|runs/omitted_speed
49,45,40,1000,1,1.0,49_45_40_1000_1,3,.|runs/bounded_expanded_pilot|runs/bounded_omitted_speed|runs/bounded_pilot|runs/expanded_pilot|runs/omitted_speed
49,45,60,1000,0,1.0,49_45_60_1000_0,3,runs/bounded_omitted_speed|runs/omitted_speed
49,45,60,1000,1,1.0,49_45_60_1000_1,3,runs/bounded_omitted_speed|runs/omitted_speed
49,90,20,1000,0,1.0,49_90_20_1000_0,3,runs/bounded_omitted_speed|runs/omitted_speed
49,90,20,1000,1,1.0,49_90_20_1000_1,3,runs/bounded_omitted_speed|runs/omitted_speed
49,90,40,1000,0,1.0,49_90_40_1000_0,3,runs/bounded_omitted_speed|runs/omitted_speed
49,90,40,1000,1,1.0,49_90_40_1000_1,3,runs/bounded_omitted_speed|runs/omitted_speed
49,90,40,500,0,0.5,49_90_40_500_0,3,runs/bounded_expanded_pilot|runs/bounded_omitted_speed|runs/expanded_pilot|runs/omitted_speed
49,90,40,500,1,0.5,49_90_40_500_1,3,runs/bounded_expanded_pilot|runs/bounded_omitted_speed|runs/expanded_pilot|runs/omitted_speed
49,90,60,1000,0,1.0,49_90_60_1000_0,3,.|runs/bounded_expanded_pilot|runs/bounded_omitted_speed|runs/bounded_pilot|runs/expanded_pilot|runs/omitted_speed
49,90,60,1000,1,1.0,49_90_60_1000_1,3,.|runs/bounded_expanded_pilot|runs/bounded_omitted_speed|runs/bounded_pilot|runs/expanded_pilot|runs/omitted_speed
57,0,20,500,0,0.5,57_0_20_500_0,3,runs/bounded_expanded_pilot|runs/bounded_omitted_speed|runs/expanded_pilot|runs/omitted_speed
57,0,20,500,1,0.5,57_0_20_500_1,3,runs/bounded_expanded_pilot|runs/bounded_omitted_speed|runs/expanded_pilot|runs/omitted_speed
57,0,30,500,0,0.5,57_0_30_500_0,3,.|runs/bounded_expanded_pilot|runs/bounded_pilot|runs/expanded_pilot
57,0,30,500,1,0.5,57_0_30_500_1,3,.|runs/bounded_expanded_pilot|runs/bounded_pilot|runs/expanded_pilot
57,0,40,1000,0,1.0,57_0_40_1000_0,3,runs/bounded_expanded_pilot|runs/bounded_omitted_speed|runs/expanded_pilot|runs/omitted_speed
57,0,40,1000,1,1.0,57_0_40_1000_1,3,runs/bounded_expanded_pilot|runs/bounded_omitted_speed|runs/expanded_pilot|runs/omitted_speed
57,0,40,500,0,0.5,57_0_40_500_0,3,.|runs/bounded_expanded_pilot|runs/bounded_omitted_speed|runs/bounded_pilot|runs/expanded_pilot|runs/omitted_speed
57,0,40,500,1,0.5,57_0_40_500_1,3,.|runs/bounded_expanded_pilot|runs/bounded_omitted_speed|runs/bounded_pilot|runs/expanded_pilot|runs/omitted_speed
57,0,50,500,0,0.5,57_0_50_500_0,3,.|runs/bounded_expanded_pilot|runs/bounded_pilot|runs/expanded_pilot
57,0,50,500,1,0.5,57_0_50_500_1,3,.|runs/bounded_expanded_pilot|runs/bounded_pilot|runs/expanded_pilot
57,45,20,1000,0,1.0,57_45_20_1000_0,3,runs/bounded_omitted_speed|runs/omitted_speed
57,45,20,1000,1,1.0,57_45_20_1000_1,3,runs/bounded_omitted_speed|runs/omitted_speed
57,45,30,1000,0,1.0,57_45_30_1000_0,3,runs/bounded_omitted_speed|runs/omitted_speed
57,45,30,1000,1,1.0,57_45_30_1000_1,3,runs/bounded_omitted_speed|runs/omitted_speed
57,45,40,1000,0,1.0,57_45_40_1000_0,3,.|runs/bounded_expanded_pilot|runs/bounded_omitted_speed|runs/bounded_pilot|runs/expanded_pilot|runs/omitted_speed
57,45,40,1000,1,1.0,57_45_40_1000_1,3,.|runs/bounded_expanded_pilot|runs/bounded_omitted_speed|runs/bounded_pilot|runs/expanded_pilot|runs/omitted_speed
57,45,50,1000,0,1.0,57_45_50_1000_0,3,runs/bounded_omitted_speed|runs/omitted_speed
57,45,50,1000,1,1.0,57_45_50_1000_1,3,runs/bounded_omitted_speed|runs/omitted_speed
57,45,60,1000,0,1.0,57_45_60_1000_0,3,runs/bounded_omitted_speed|runs/omitted_speed
57,45,60,1000,1,1.0,57_45_60_1000_1,3,runs/bounded_omitted_speed|runs/omitted_speed
57,90,20,1000,0,1.0,57_90_20_1000_0,3,runs/bounded_omitted_speed|runs/omitted_speed
57,90,20,1000,1,1.0,57_90_20_1000_1,3,runs/bounded_omitted_speed|runs/omitted_speed
57,90,30,1000,0,1.0,57_90_30_1000_0,3,runs/bounded_omitted_speed|runs/omitted_speed
57,90,30,1000,1,1.0,57_90_30_1000_1,3,runs/bounded_omitted_speed|runs/omitted_speed
57,90,40,1000,0,1.0,57_90_40_1000_0,3,runs/bounded_omitted_speed|runs/omitted_speed
57,90,40,1000,1,1.0,57_90_40_1000_1,3,runs/bounded_omitted_speed|runs/omitted_speed
57,90,40,500,0,0.5,57_90_40_500_0,3,runs/bounded_expanded_pilot|runs/bounded_omitted_speed|runs/expanded_pilot|runs/omitted_speed
57,90,40,500,1,0.5,57_90_40_500_1,3,runs/bounded_expanded_pilot|runs/bounded_omitted_speed|runs/expanded_pilot|runs/omitted_speed
57,90,50,1000,0,1.0,57_90_50_1000_0,3,runs/bounded_omitted_speed|runs/omitted_speed
57,90,50,1000,1,1.0,57_90_50_1000_1,3,runs/bounded_omitted_speed|runs/omitted_speed
57,90,60,1000,0,1.0,57_90_60_1000_0,3,.|runs/bounded_expanded_pilot|runs/bounded_omitted_speed|runs/bounded_pilot|runs/expanded_pilot|runs/omitted_speed
57,90,60,1000,1,1.0,57_90_60_1000_1,3,.|runs/bounded_expanded_pilot|runs/bounded_omitted_speed|runs/bounded_pilot|runs/expanded_pilot|runs/omitted_speed
65,0,20,500,0,0.5,65_0_20_500_0,3,runs/bounded_expanded_pilot|runs/bounded_omitted_speed|runs/expanded_pilot|runs/omitted_speed
65,0,20,500,1,0.5,65_0_20_500_1,3,runs/bounded_expanded_pilot|runs/bounded_omitted_speed|runs/expanded_pilot|runs/omitted_speed
65,0,30,500,0,0.5,65_0_30_500_0,3,.|runs/bounded_expanded_pilot|runs/bounded_pilot|runs/expanded_pilot
65,0,30,500,1,0.5,65_0_30_500_1,3,.|runs/bounded_expanded_pilot|runs/bounded_pilot|runs/expanded_pilot
65,0,40,1000,0,1.0,65_0_40_1000_0,3,runs/bounded_expanded_pilot|runs/bounded_omitted_speed|runs/expanded_pilot|runs/omitted_speed
65,0,40,1000,1,1.0,65_0_40_1000_1,3,runs/bounded_expanded_pilot|runs/bounded_omitted_speed|runs/expanded_pilot|runs/omitted_speed
65,0,40,500,0,0.5,65_0_40_500_0,3,.|runs/bounded_expanded_pilot|runs/bounded_omitted_speed|runs/bounded_pilot|runs/expanded_pilot|runs/omitted_speed
65,0,40,500,1,0.5,65_0_40_500_1,3,.|runs/bounded_expanded_pilot|runs/bounded_omitted_speed|runs/bounded_pilot|runs/expanded_pilot|runs/omitted_speed
65,0,50,500,0,0.5,65_0_50_500_0,3,.|runs/bounded_expanded_pilot|runs/bounded_pilot|runs/expanded_pilot
65,0,50,500,1,0.5,65_0_50_500_1,3,.|runs/bounded_expanded_pilot|runs/bounded_pilot|runs/expanded_pilot
65,45,20,1000,0,1.0,65_45_20_1000_0,3,runs/bounded_omitted_speed|runs/omitted_speed
65,45,20,1000,1,1.0,65_45_20_1000_1,3,runs/bounded_omitted_speed|runs/omitted_speed
65,45,40,1000,0,1.0,65_45_40_1000_0,3,.|runs/bounded_expanded_pilot|runs/bounded_omitted_speed|runs/bounded_pilot|runs/expanded_pilot|runs/omitted_speed
65,45,40,1000,1,1.0,65_45_40_1000_1,3,.|runs/bounded_expanded_pilot|runs/bounded_omitted_speed|runs/bounded_pilot|runs/expanded_pilot|runs/omitted_speed
65,45,60,1000,0,1.0,65_45_60_1000_0,3,runs/bounded_omitted_speed|runs/omitted_speed
65,45,60,1000,1,1.0,65_45_60_1000_1,3,runs/bounded_omitted_speed|runs/omitted_speed
65,90,20,1000,0,1.0,65_90_20_1000_0,3,runs/bounded_omitted_speed|runs/omitted_speed
65,90,20,1000,1,1.0,65_90_20_1000_1,3,runs/bounded_omitted_speed|runs/omitted_speed
65,90,40,1000,0,1.0,65_90_40_1000_0,3,runs/bounded_omitted_speed|runs/omitted_speed
65,90,40,1000,1,1.0,65_90_40_1000_1,3,runs/bounded_omitted_speed|runs/omitted_speed
65,90,40,500,0,0.5,65_90_40_500_0,3,runs/bounded_expanded_pilot|runs/bounded_omitted_speed|runs/expanded_pilot|runs/omitted_speed
65,90,40,500,1,0.5,65_90_40_500_1,3,runs/bounded_expanded_pilot|runs/bounded_omitted_speed|runs/expanded_pilot|runs/omitted_speed
65,90,60,1000,0,1.0,65_90_60_1000_0,3,.|runs/bounded_expanded_pilot|runs/bounded_omitted_speed|runs/bounded_pilot|runs/expanded_pilot|runs/omitted_speed
65,90,60,1000,1,1.0,65_90_60_1000_1,3,.|runs/bounded_expanded_pilot|runs/bounded_omitted_speed|runs/bounded_pilot|runs/expanded_pilot|runs/omitted_speed
74,0,20,500,0,0.5,74_0_20_500_0,3,runs/bounded_expanded_pilot|runs/bounded_omitted_speed|runs/expanded_pilot|runs/omitted_speed
74,0,20,500,1,0.5,74_0_20_500_1,3,runs/bounded_expanded_pilot|runs/bounded_omitted_speed|runs/expanded_pilot|runs/omitted_speed
74,0,30,500,0,0.5,74_0_30_500_0,3,.|runs/bounded_expanded_pilot|runs/bounded_pilot|runs/expanded_pilot
74,0,30,500,1,0.5,74_0_30_500_1,3,.|runs/bounded_expanded_pilot|runs/bounded_pilot|runs/expanded_pilot
74,0,40,1000,0,1.0,74_0_40_1000_0,3,runs/bounded_expanded_pilot|runs/bounded_omitted_speed|runs/expanded_pilot|runs/omitted_speed
74,0,40,1000,1,1.0,74_0_40_1000_1,3,runs/bounded_expanded_pilot|runs/bounded_omitted_speed|runs/expanded_pilot|runs/omitted_speed
74,0,40,500,0,0.5,74_0_40_500_0,3,.|runs/bounded_expanded_pilot|runs/bounded_omitted_speed|runs/bounded_pilot|runs/expanded_pilot|runs/omitted_speed
74,0,40,500,1,0.5,74_0_40_500_1,3,.|runs/bounded_expanded_pilot|runs/bounded_omitted_speed|runs/bounded_pilot|runs/expanded_pilot|runs/omitted_speed
74,0,50,500,0,0.5,74_0_50_500_0,3,.|runs/bounded_expanded_pilot|runs/bounded_pilot|runs/expanded_pilot
74,0,50,500,1,0.5,74_0_50_500_1,3,.|runs/bounded_expanded_pilot|runs/bounded_pilot|runs/expanded_pilot
74,45,20,1000,0,1.0,74_45_20_1000_0,3,runs/bounded_omitted_speed|runs/omitted_speed
74,45,20,1000,1,1.0,74_45_20_1000_1,3,runs/bounded_omitted_speed|runs/omitted_speed
74,45,40,1000,0,1.0,74_45_40_1000_0,3,.|runs/bounded_expanded_pilot|runs/bounded_omitted_speed|runs/bounded_pilot|runs/expanded_pilot|runs/omitted_speed
74,45,40,1000,1,1.0,74_45_40_1000_1,3,.|runs/bounded_expanded_pilot|runs/bounded_omitted_speed|runs/bounded_pilot|runs/expanded_pilot|runs/omitted_speed
74,45,60,1000,0,1.0,74_45_60_1000_0,3,runs/bounded_omitted_speed|runs/omitted_speed
74,45,60,1000,1,1.0,74_45_60_1000_1,3,runs/bounded_omitted_speed|runs/omitted_speed
74,90,20,1000,0,1.0,74_90_20_1000_0,3,runs/bounded_omitted_speed|runs/omitted_speed
74,90,20,1000,1,1.0,74_90_20_1000_1,3,runs/bounded_omitted_speed|runs/omitted_speed
74,90,40,1000,0,1.0,74_90_40_1000_0,3,runs/bounded_omitted_speed|runs/omitted_speed
74,90,40,1000,1,1.0,74_90_40_1000_1,3,runs/bounded_omitted_speed|runs/omitted_speed
74,90,40,500,0,0.5,74_90_40_500_0,3,runs/bounded_expanded_pilot|runs/bounded_omitted_speed|runs/expanded_pilot|runs/omitted_speed
74,90,40,500,1,0.5,74_90_40_500_1,3,runs/bounded_expanded_pilot|runs/bounded_omitted_speed|runs/expanded_pilot|runs/omitted_speed
74,90,60,1000,0,1.0,74_90_60_1000_0,3,.|runs/bounded_expanded_pilot|runs/bounded_omitted_speed|runs/bounded_pilot|runs/expanded_pilot|runs/omitted_speed
74,90,60,1000,1,1.0,74_90_60_1000_1,3,.|runs/bounded_expanded_pilot|runs/bounded_omitted_speed|runs/bounded_pilot|runs/expanded_pilot|runs/omitted_speed
79,0,20,500,0,0.5,79_0_20_500_0,3,runs/bounded_expanded_pilot|runs/bounded_omitted_speed|runs/expanded_pilot|runs/omitted_speed
79,0,20,500,1,0.5,79_0_20_500_1,3,runs/bounded_expanded_pilot|runs/bounded_omitted_speed|runs/expanded_pilot|runs/omitted_speed
79,0,30,500,0,0.5,79_0_30_500_0,3,.|runs/bounded_expanded_pilot|runs/bounded_pilot|runs/expanded_pilot
79,0,30,500,1,0.5,79_0_30_500_1,3,.|runs/bounded_expanded_pilot|runs/bounded_pilot|runs/expanded_pilot
79,0,40,1000,0,1.0,79_0_40_1000_0,3,runs/bounded_expanded_pilot|runs/bounded_omitted_speed|runs/expanded_pilot|runs/omitted_speed
79,0,40,1000,1,1.0,79_0_40_1000_1,3,runs/bounded_expanded_pilot|runs/bounded_omitted_speed|runs/expanded_pilot|runs/omitted_speed
79,0,40,500,0,0.5,79_0_40_500_0,3,.|runs/bounded_expanded_pilot|runs/bounded_omitted_speed|runs/bounded_pilot|runs/expanded_pilot|runs/omitted_speed
79,0,40,500,1,0.5,79_0_40_500_1,3,.|runs/bounded_expanded_pilot|runs/bounded_omitted_speed|runs/bounded_pilot|runs/expanded_pilot|runs/omitted_speed
79,0,50,500,0,0.5,79_0_50_500_0,3,.|runs/bounded_expanded_pilot|runs/bounded_pilot|runs/expanded_pilot
79,0,50,500,1,0.5,79_0_50_500_1,3,.|runs/bounded_expanded_pilot|runs/bounded_pilot|runs/expanded_pilot
79,45,20,1000,0,1.0,79_45_20_1000_0,3,runs/bounded_omitted_speed|runs/omitted_speed
79,45,20,1000,1,1.0,79_45_20_1000_1,3,runs/bounded_omitted_speed|runs/omitted_speed
79,45,40,1000,0,1.0,79_45_40_1000_0,3,.|runs/bounded_expanded_pilot|runs/bounded_omitted_speed|runs/bounded_pilot|runs/expanded_pilot|runs/omitted_speed
79,45,40,1000,1,1.0,79_45_40_1000_1,3,.|runs/bounded_expanded_pilot|runs/bounded_omitted_speed|runs/bounded_pilot|runs/expanded_pilot|runs/omitted_speed
79,45,60,1000,0,1.0,79_45_60_1000_0,3,runs/bounded_omitted_speed|runs/omitted_speed
79,45,60,1000,1,1.0,79_45_60_1000_1,3,runs/bounded_omitted_speed|runs/omitted_speed
79,90,20,1000,0,1.0,79_90_20_1000_0,3,runs/bounded_omitted_speed|runs/omitted_speed
79,90,20,1000,1,1.0,79_90_20_1000_1,3,runs/bounded_omitted_speed|runs/omitted_speed
79,90,40,1000,0,1.0,79_90_40_1000_0,3,runs/bounded_omitted_speed|runs/omitted_speed
79,90,40,1000,1,1.0,79_90_40_1000_1,3,runs/bounded_omitted_speed|runs/omitted_speed
79,90,40,500,0,0.5,79_90_40_500_0,3,runs/bounded_expanded_pilot|runs/bounded_omitted_speed|runs/expanded_pilot|runs/omitted_speed
79,90,40,500,1,0.5,79_90_40_500_1,3,runs/bounded_expanded_pilot|runs/bounded_omitted_speed|runs/expanded_pilot|runs/omitted_speed
79,90,60,1000,0,1.0,79_90_60_1000_0,3,.|runs/bounded_expanded_pilot|runs/bounded_omitted_speed|runs/bounded_pilot|runs/expanded_pilot|runs/omitted_speed
79,90,60,1000,1,1.0,79_90_60_1000_1,3,.|runs/bounded_expanded_pilot|runs/bounded_omitted_speed|runs/bounded_pilot|runs/expanded_pilot|runs/omitted_speed
82,0,20,500,0,0.5,82_0_20_500_0,3,runs/bounded_expanded_pilot|runs/bounded_omitted_speed|runs/expanded_pilot|runs/omitted_speed
82,0,20,500,1,0.5,82_0_20_500_1,3,runs/bounded_expanded_pilot|runs/bounded_omitted_speed|runs/expanded_pilot|runs/omitted_speed
82,0,30,500,0,0.5,82_0_30_500_0,3,.|runs/bounded_expanded_pilot|runs/bounded_pilot|runs/expanded_pilot
82,0,30,500,1,0.5,82_0_30_500_1,3,.|runs/bounded_expanded_pilot|runs/bounded_pilot|runs/expanded_pilot
82,0,40,1000,0,1.0,82_0_40_1000_0,3,runs/bounded_expanded_pilot|runs/bounded_omitted_speed|runs/expanded_pilot|runs/omitted_speed
82,0,40,1000,1,1.0,82_0_40_1000_1,3,runs/bounded_expanded_pilot|runs/bounded_omitted_speed|runs/expanded_pilot|runs/omitted_speed
82,0,40,500,0,0.5,82_0_40_500_0,3,.|runs/bounded_expanded_pilot|runs/bounded_omitted_speed|runs/bounded_pilot|runs/expanded_pilot|runs/omitted_speed
82,0,40,500,1,0.5,82_0_40_500_1,3,.|runs/bounded_expanded_pilot|runs/bounded_omitted_speed|runs/bounded_pilot|runs/expanded_pilot|runs/omitted_speed
82,0,50,500,0,0.5,82_0_50_500_0,3,.|runs/bounded_expanded_pilot|runs/bounded_pilot|runs/expanded_pilot
82,0,50,500,1,0.5,82_0_50_500_1,3,.|runs/bounded_expanded_pilot|runs/bounded_pilot|runs/expanded_pilot
82,45,20,1000,0,1.0,82_45_20_1000_0,3,runs/bounded_omitted_speed|runs/omitted_speed
82,45,20,1000,1,1.0,82_45_20_1000_1,3,runs/bounded_omitted_speed|runs/omitted_speed
82,45,40,1000,0,1.0,82_45_40_1000_0,3,.|runs/bounded_expanded_pilot|runs/bounded_omitted_speed|runs/bounded_pilot|runs/expanded_pilot|runs/omitted_speed
82,45,40,1000,1,1.0,82_45_40_1000_1,3,.|runs/bounded_expanded_pilot|runs/bounded_omitted_speed|runs/bounded_pilot|runs/expanded_pilot|runs/omitted_speed
82,45,60,1000,0,1.0,82_45_60_1000_0,3,runs/bounded_omitted_speed|runs/omitted_speed
82,45,60,1000,1,1.0,82_45_60_1000_1,3,runs/bounded_omitted_speed|runs/omitted_speed
82,90,20,1000,0,1.0,82_90_20_1000_0,3,runs/bounded_omitted_speed|runs/omitted_speed
82,90,20,1000,1,1.0,82_90_20_1000_1,3,runs/bounded_omitted_speed|runs/omitted_speed
82,90,40,1000,0,1.0,82_90_40_1000_0,3,runs/bounded_omitted_speed|runs/omitted_speed
82,90,40,1000,1,1.0,82_90_40_1000_1,3,runs/bounded_omitted_speed|runs/omitted_speed
82,90,40,500,0,0.5,82_90_40_500_0,3,runs/bounded_expanded_pilot|runs/bounded_omitted_speed|runs/expanded_pilot|runs/omitted_speed
82,90,40,500,1,0.5,82_90_40_500_1,3,runs/bounded_expanded_pilot|runs/bounded_omitted_speed|runs/expanded_pilot|runs/omitted_speed
82,90,60,1000,0,1.0,82_90_60_1000_0,3,.|runs/bounded_expanded_pilot|runs/bounded_omitted_speed|runs/bounded_pilot|runs/expanded_pilot|runs/omitted_speed
82,90,60,1000,1,1.0,82_90_60_1000_1,3,.|runs/bounded_expanded_pilot|runs/bounded_omitted_speed|runs/bounded_pilot|runs/expanded_pilot|runs/omitted_speed
87,0,20,500,0,0.5,87_0_20_500_0,3,runs/bounded_expanded_pilot|runs/bounded_omitted_speed|runs/expanded_pilot|runs/omitted_speed
87,0,20,500,1,0.5,87_0_20_500_1,3,runs/bounded_expanded_pilot|runs/bounded_omitted_speed|runs/expanded_pilot|runs/omitted_speed
87,0,30,500,0,0.5,87_0_30_500_0,3,.|runs/bounded_expanded_pilot|runs/bounded_pilot|runs/expanded_pilot
87,0,30,500,1,0.5,87_0_30_500_1,3,.|runs/bounded_expanded_pilot|runs/bounded_pilot|runs/expanded_pilot
87,0,40,1000,0,1.0,87_0_40_1000_0,3,runs/bounded_expanded_pilot|runs/bounded_omitted_speed|runs/expanded_pilot|runs/omitted_speed
87,0,40,1000,1,1.0,87_0_40_1000_1,3,runs/bounded_expanded_pilot|runs/bounded_omitted_speed|runs/expanded_pilot|runs/omitted_speed
87,0,40,500,0,0.5,87_0_40_500_0,3,.|runs/bounded_expanded_pilot|runs/bounded_omitted_speed|runs/bounded_pilot|runs/expanded_pilot|runs/omitted_speed
87,0,40,500,1,0.5,87_0_40_500_1,3,.|runs/bounded_expanded_pilot|runs/bounded_omitted_speed|runs/bounded_pilot|runs/expanded_pilot|runs/omitted_speed
87,0,50,500,0,0.5,87_0_50_500_0,3,.|runs/bounded_expanded_pilot|runs/bounded_pilot|runs/expanded_pilot
87,0,50,500,1,0.5,87_0_50_500_1,3,.|runs/bounded_expanded_pilot|runs/bounded_pilot|runs/expanded_pilot
87,45,20,1000,0,1.0,87_45_20_1000_0,3,runs/bounded_omitted_speed|runs/omitted_speed
87,45,20,1000,1,1.0,87_45_20_1000_1,3,runs/bounded_omitted_speed|runs/omitted_speed
87,45,40,1000,0,1.0,87_45_40_1000_0,3,.|runs/bounded_expanded_pilot|runs/bounded_omitted_speed|runs/bounded_pilot|runs/expanded_pilot|runs/omitted_speed
87,45,40,1000,1,1.0,87_45_40_1000_1,3,.|runs/bounded_expanded_pilot|runs/bounded_omitted_speed|runs/bounded_pilot|runs/expanded_pilot|runs/omitted_speed
87,45,60,1000,0,1.0,87_45_60_1000_0,3,runs/bounded_omitted_speed|runs/omitted_speed
87,45,60,1000,1,1.0,87_45_60_1000_1,3,runs/bounded_omitted_speed|runs/omitted_speed
87,90,20,1000,0,1.0,87_90_20_1000_0,3,runs/bounded_omitted_speed|runs/omitted_speed
87,90,20,1000,1,1.0,87_90_20_1000_1,3,runs/bounded_omitted_speed|runs/omitted_speed
87,90,40,1000,0,1.0,87_90_40_1000_0,3,runs/bounded_omitted_speed|runs/omitted_speed
87,90,40,1000,1,1.0,87_90_40_1000_1,3,runs/bounded_omitted_speed|runs/omitted_speed
87,90,40,500,0,0.5,87_90_40_500_0,3,runs/bounded_expanded_pilot|runs/bounded_omitted_speed|runs/expanded_pilot|runs/omitted_speed
87,90,40,500,1,0.5,87_90_40_500_1,3,runs/bounded_expanded_pilot|runs/bounded_omitted_speed|runs/expanded_pilot|runs/omitted_speed
87,90,60,1000,0,1.0,87_90_60_1000_0,3,.|runs/bounded_expanded_pilot|runs/bounded_omitted_speed|runs/bounded_pilot|runs/expanded_pilot|runs/omitted_speed
87,90,60,1000,1,1.0,87_90_60_1000_1,3,.|runs/bounded_expanded_pilot|runs/bounded_omitted_speed|runs/bounded_pilot|runs/expanded_pilot|runs/omitted_speed
