floor,axis,feature_values,at_or_below_floor,below_floor_fraction,minimum_power,p05_power,median_power,mean_log_change,maximum_log_change
1e-12,X,30720,0,0.0,1.9421083220054494e-05,7.56158536372186e-05,0.0004553926789332171,1.7641253929708135e-07,2.213833360187323e-06
1e-12,Y,30720,0,0.0,2.3968174048750342e-05,9.121031051547941e-05,0.0006471571581024127,1.3169140190954552e-07,1.7938397407490925e-06
1e-12,Z,30720,0,0.0,3.4962889197070584e-05,0.00011015302264989315,0.0005112099712277301,1.2731181747051907e-07,1.2297350870937862e-06
1e-10,X,30720,0,0.0,1.9421083220054494e-05,7.56158536372186e-05,0.0004553926789332171,0.0,0.0
1e-10,Y,30720,0,0.0,2.3968174048750342e-05,9.121031051547941e-05,0.0006471571581024127,0.0,0.0
1e-10,Z,30720,0,0.0,3.4962889197070584e-05,0.00011015302264989315,0.0005112099712277301,0.0,0.0
1e-08,X,30720,0,0.0,1.9421083220054494e-05,7.56158536372186e-05,0.0004553926789332171,1.7640417709376816e-05,0.00022132636563299002
1e-08,Y,30720,0,0.0,2.3968174048750342e-05,9.121031051547941e-05,0.0006471571581024127,1.3168631232002639e-05,0.00017934656695306472
1e-08,Z,30720,0,0.0,3.4962889197070584e-05,0.00011015302264989315,0.0005112099712277301,1.2730784164934389e-05,0.00012295592758082563
