epoch,train_loss,validation_equal_cell_mae,run,seed
1,2.932564640045166,2.9401376247406006,bounded_pilot,0
2,2.8625185012817385,2.785961151123047,bounded_pilot,0
3,2.6498038291931154,2.3211605548858643,bounded_pilot,0
4,2.1858731508255005,1.3721095323562622,bounded_pilot,0
5,1.6457461833953857,2.413125276565552,bounded_pilot,0
6,1.4138028621673584,1.9168708324432373,bounded_pilot,0
7,0.8951590657234192,0.8894674181938171,bounded_pilot,0
8,0.657838237285614,1.2670220136642456,bounded_pilot,0
9,0.5619137644767761,0.801308274269104,bounded_pilot,0
10,0.4986559212207794,1.0224086046218872,bounded_pilot,0
11,0.4684388399124145,0.985529363155365,bounded_pilot,0
12,0.4536096036434173,0.9024558067321776,bounded_pilot,0
13,0.4503476023674011,1.0603365898132324,bounded_pilot,0
14,0.4282720983028412,0.9857443571090698,bounded_pilot,0
15,0.428433233499527,1.001248836517334,bounded_pilot,0
16,0.4167442262172699,1.0236735343933103,bounded_pilot,0
17,0.4202873528003693,1.0276561975479126,bounded_pilot,0
18,0.4157218396663665,1.012381672859192,bounded_pilot,0
19,0.4093605816364288,0.9807923436164856,bounded_pilot,0
1,2.91024112701416,2.9366023540496826,bounded_pilot,1
2,2.820209503173828,2.792065143585205,bounded_pilot,1
3,2.658813810348511,2.372110366821289,bounded_pilot,1
4,2.206493854522705,1.4029847383499146,bounded_pilot,1
5,1.5447627782821656,2.2992191314697266,bounded_pilot,1
6,1.4483420610427855,2.065671920776367,bounded_pilot,1
7,0.9123079180717468,0.8343740701675415,bounded_pilot,1
8,0.6602604150772095,1.0192805528640747,bounded_pilot,1
9,0.5763147473335266,0.6973122954368591,bounded_pilot,1
10,0.5319398760795593,0.8279173970222473,bounded_pilot,1
11,0.4799357712268829,0.7615816593170166,bounded_pilot,1
12,0.4804140090942382,0.9783413410186768,bounded_pilot,1
13,0.4607038855552673,0.7869886755943298,bounded_pilot,1
14,0.441281259059906,0.7985732555389404,bounded_pilot,1
15,0.4426493108272552,0.9568049311637878,bounded_pilot,1
16,0.4070034086704254,0.8292839527130127,bounded_pilot,1
17,0.4215972661972046,0.8135137557983398,bounded_pilot,1
18,0.4241473078727722,0.8967640399932861,bounded_pilot,1
19,0.417691433429718,0.897841215133667,bounded_pilot,1
1,2.918562650680542,2.960580825805664,bounded_pilot,2
2,2.8776517868041998,2.8659300804138184,bounded_pilot,2
3,2.7571510791778566,2.5742197036743164,bounded_pilot,2
4,2.436298131942749,1.7968220710754397,bounded_pilot,2
5,1.8764769554138183,2.034420728683472,bounded_pilot,2
6,1.5545971632003783,2.239112138748169,bounded_pilot,2
7,1.08703955411911,1.0666227340698242,bounded_pilot,2
8,0.7369351267814637,1.0442020893096924,bounded_pilot,2
9,0.5924982786178589,0.8287029266357422,bounded_pilot,2
10,0.5142783522605896,0.921158254146576,bounded_pilot,2
11,0.4792204439640045,0.9732730388641356,bounded_pilot,2
12,0.4376136362552643,0.9112362265586852,bounded_pilot,2
13,0.4293318033218384,0.9539148807525636,bounded_pilot,2
14,0.4182270467281341,0.944082736968994,bounded_pilot,2
15,0.4128844857215881,0.9541438817977904,bounded_pilot,2
16,0.4154470801353455,0.935487985610962,bounded_pilot,2
17,0.39488165974617,0.9486600756645204,bounded_pilot,2
18,0.4024695932865142,0.976970374584198,bounded_pilot,2
19,0.3946734845638275,0.9209306240081788,bounded_pilot,2
1,2.9412954330444334,2.9456915855407715,bounded_expanded_pilot,0
2,2.857244682312012,2.8198559284210205,bounded_expanded_pilot,0
3,2.6808543682098387,2.4676172733306885,bounded_expanded_pilot,0
4,2.194553518295288,1.6111997365951538,bounded_expanded_pilot,0
5,1.5679738521575928,1.675320744514465,bounded_expanded_pilot,0
6,1.4648110628128053,1.4427626132965088,bounded_expanded_pilot,0
7,0.9814370393753052,0.8188560605049133,bounded_expanded_pilot,0
8,0.7514915704727173,0.6792212724685669,bounded_expanded_pilot,0
9,0.6169732570648193,0.5158007740974426,bounded_expanded_pilot,0
10,0.5319653272628784,0.4564867317676544,bounded_expanded_pilot,0
11,0.4890243470668792,0.445607453584671,bounded_expanded_pilot,0
12,0.4677726209163665,0.4493866264820099,bounded_expanded_pilot,0
13,0.4610289394855499,0.4131843149662018,bounded_expanded_pilot,0
14,0.4488877654075622,0.423183798789978,bounded_expanded_pilot,0
15,0.4395407855510712,0.4494993090629577,bounded_expanded_pilot,0
16,0.4302296698093414,0.4192538261413574,bounded_expanded_pilot,0
17,0.429062819480896,0.4099347293376922,bounded_expanded_pilot,0
18,0.4239749073982238,0.3905987441539764,bounded_expanded_pilot,0
19,0.411174076795578,0.4077955782413482,bounded_expanded_pilot,0
20,0.4122404038906097,0.4207892119884491,bounded_expanded_pilot,0
21,0.4124305486679077,0.4004721343517303,bounded_expanded_pilot,0
22,0.4054247558116913,0.4053157269954681,bounded_expanded_pilot,0
23,0.4137517988681793,0.4017264246940613,bounded_expanded_pilot,0
24,0.4033151924610137,0.3819676041603088,bounded_expanded_pilot,0
25,0.3997456610202789,0.392980694770813,bounded_expanded_pilot,0
26,0.3900034606456756,0.3791156709194183,bounded_expanded_pilot,0
27,0.3975046038627624,0.3850614428520202,bounded_expanded_pilot,0
28,0.4001286685466766,0.3771604597568512,bounded_expanded_pilot,0
29,0.392621248960495,0.3670330643653869,bounded_expanded_pilot,0
30,0.3734733700752258,0.3664011359214782,bounded_expanded_pilot,0
31,0.3884185314178466,0.367537647485733,bounded_expanded_pilot,0
32,0.3804934084415435,0.3616245687007904,bounded_expanded_pilot,0
33,0.3621856868267059,0.343384176492691,bounded_expanded_pilot,0
34,0.3586589336395264,0.3436368405818939,bounded_expanded_pilot,0
35,0.3458125710487366,0.3393225967884063,bounded_expanded_pilot,0
36,0.332792717218399,0.3121998608112335,bounded_expanded_pilot,0
37,0.321144300699234,0.3086941540241241,bounded_expanded_pilot,0
38,0.3180409729480743,0.2888940572738647,bounded_expanded_pilot,0
39,0.3008423030376434,0.2988637685775757,bounded_expanded_pilot,0
40,0.2962133944034576,0.277606338262558,bounded_expanded_pilot,0
41,0.2837917029857635,0.3009253740310669,bounded_expanded_pilot,0
42,0.278595370054245,0.2732411026954651,bounded_expanded_pilot,0
43,0.2762984097003936,0.2937823832035064,bounded_expanded_pilot,0
44,0.2784467101097106,0.2772326171398163,bounded_expanded_pilot,0
45,0.2736401915550231,0.2615029215812683,bounded_expanded_pilot,0
46,0.2582019031047821,0.2858677506446838,bounded_expanded_pilot,0
47,0.2684813499450683,0.268395334482193,bounded_expanded_pilot,0
48,0.2690656244754791,0.2704629004001617,bounded_expanded_pilot,0
49,0.2635642290115356,0.2578982412815094,bounded_expanded_pilot,0
50,0.2657098174095154,0.2720055878162384,bounded_expanded_pilot,0
51,0.2514351963996887,0.2653955519199371,bounded_expanded_pilot,0
52,0.252988800406456,0.2649937272071838,bounded_expanded_pilot,0
53,0.2578401774168014,0.2565512359142303,bounded_expanded_pilot,0
54,0.2655543446540832,0.2664782702922821,bounded_expanded_pilot,0
55,0.2627153933048248,0.2525504231452942,bounded_expanded_pilot,0
56,0.2567246943712234,0.2728144228458404,bounded_expanded_pilot,0
57,0.2623160928487777,0.2685999274253845,bounded_expanded_pilot,0
58,0.2676047027111053,0.2496496587991714,bounded_expanded_pilot,0
59,0.2574520826339722,0.2644475102424621,bounded_expanded_pilot,0
60,0.2515969723463058,0.2532510459423065,bounded_expanded_pilot,0
1,2.912786102294922,2.9382646083831787,bounded_expanded_pilot,1
2,2.837513780593872,2.812291145324707,bounded_expanded_pilot,1
3,2.663422250747681,2.4824228286743164,bounded_expanded_pilot,1
4,2.224457550048828,1.6527179479599,bounded_expanded_pilot,1
5,1.4946645975112915,1.6643863916397097,bounded_expanded_pilot,1
6,1.4792713403701785,1.561757206916809,bounded_expanded_pilot,1
7,1.0291844248771669,0.7457869648933411,bounded_expanded_pilot,1
8,0.7731306314468384,0.621167778968811,bounded_expanded_pilot,1
9,0.636684513092041,0.5685269236564636,bounded_expanded_pilot,1
10,0.5809470772743225,0.5332610607147217,bounded_expanded_pilot,1
11,0.5139067530632019,0.4601769149303436,bounded_expanded_pilot,1
12,0.5096259653568268,0.4717159271240234,bounded_expanded_pilot,1
13,0.4885479688644409,0.441369891166687,bounded_expanded_pilot,1
14,0.4765889585018158,0.4233834445476532,bounded_expanded_pilot,1
15,0.4724267244338989,0.4205321669578552,bounded_expanded_pilot,1
16,0.4362712264060974,0.4125494360923767,bounded_expanded_pilot,1
17,0.4494213044643402,0.4013638496398926,bounded_expanded_pilot,1
18,0.4313836276531219,0.3893200159072876,bounded_expanded_pilot,1
19,0.4240311205387115,0.3927139639854431,bounded_expanded_pilot,1
20,0.416628873348236,0.3855960667133331,bounded_expanded_pilot,1
21,0.4126055777072906,0.3781814575195312,bounded_expanded_pilot,1
22,0.4188627302646637,0.3763120472431183,bounded_expanded_pilot,1
23,0.4093168675899505,0.3771109580993652,bounded_expanded_pilot,1
24,0.3983671426773071,0.3706825375556946,bounded_expanded_pilot,1
25,0.3953428566455841,0.3676643669605255,bounded_expanded_pilot,1
26,0.3980509877204895,0.3676915466785431,bounded_expanded_pilot,1
27,0.3872250258922577,0.3631721436977386,bounded_expanded_pilot,1
28,0.3843430042266845,0.3607151806354522,bounded_expanded_pilot,1
29,0.3800559639930725,0.3491140902042389,bounded_expanded_pilot,1
30,0.378925746679306,0.3416247367858886,bounded_expanded_pilot,1
31,0.3650528490543365,0.338086873292923,bounded_expanded_pilot,1
32,0.3620235502719879,0.336614191532135,bounded_expanded_pilot,1
33,0.3715194463729858,0.3238473534584045,bounded_expanded_pilot,1
34,0.3352871358394623,0.3131915926933288,bounded_expanded_pilot,1
35,0.3233149647712707,0.3029824495315552,bounded_expanded_pilot,1
36,0.3274592041969299,0.3045514225959778,bounded_expanded_pilot,1
37,0.3160085439682006,0.2901138067245483,bounded_expanded_pilot,1
38,0.3011237800121307,0.2811181247234344,bounded_expanded_pilot,1
39,0.2903085529804229,0.2762645184993744,bounded_expanded_pilot,1
40,0.2805841386318207,0.2726703286170959,bounded_expanded_pilot,1
41,0.2784604430198669,0.2710742652416229,bounded_expanded_pilot,1
42,0.2743856191635132,0.2700937986373901,bounded_expanded_pilot,1
43,0.2824848234653473,0.2653764486312866,bounded_expanded_pilot,1
44,0.2840074121952057,0.2652794420719147,bounded_expanded_pilot,1
45,0.2754888772964478,0.2653583288192749,bounded_expanded_pilot,1
46,0.2675562709569931,0.2690776288509369,bounded_expanded_pilot,1
47,0.277762496471405,0.2644142210483551,bounded_expanded_pilot,1
48,0.2739463865756988,0.2593641877174377,bounded_expanded_pilot,1
49,0.2712840259075165,0.2649868428707123,bounded_expanded_pilot,1
50,0.2725895941257477,0.2678862810134887,bounded_expanded_pilot,1
51,0.2600891262292862,0.2601938247680664,bounded_expanded_pilot,1
52,0.2647376805543899,0.2610506415367126,bounded_expanded_pilot,1
53,0.2646198242902756,0.2764908969402313,bounded_expanded_pilot,1
54,0.2599091112613678,0.2581168711185455,bounded_expanded_pilot,1
55,0.2564357846975326,0.2598844766616821,bounded_expanded_pilot,1
56,0.2579430907964706,0.2597966492176056,bounded_expanded_pilot,1
57,0.2564702600240707,0.2613461017608642,bounded_expanded_pilot,1
58,0.2605242520570755,0.2629783451557159,bounded_expanded_pilot,1
59,0.2668063342571258,0.2556314766407013,bounded_expanded_pilot,1
60,0.2516326874494553,0.2572941184043884,bounded_expanded_pilot,1
1,2.936677312850952,2.963780164718628,bounded_expanded_pilot,2
2,2.8736474990844725,2.8814077377319336,bounded_expanded_pilot,2
3,2.7300124168396,2.645963191986084,bounded_expanded_pilot,2
4,2.4338951110839844,1.979676604270935,bounded_expanded_pilot,2
5,1.7693679571151733,1.6326285600662231,bounded_expanded_pilot,2
6,1.554691195487976,1.61580228805542,bounded_expanded_pilot,2
7,1.1458030700683597,0.8560912013053894,bounded_expanded_pilot,2
8,0.820170783996582,0.6756567358970642,bounded_expanded_pilot,2
9,0.6477120995521546,0.5444446206092834,bounded_expanded_pilot,2
10,0.5687860369682312,0.4898533821105957,bounded_expanded_pilot,2
11,0.5060150504112244,0.4657458961009979,bounded_expanded_pilot,2
12,0.4875241219997406,0.4279691576957702,bounded_expanded_pilot,2
13,0.4613992571830749,0.4130846560001373,bounded_expanded_pilot,2
14,0.4410061836242676,0.4307300448417663,bounded_expanded_pilot,2
15,0.4220462262630463,0.422599047422409,bounded_expanded_pilot,2
16,0.4172791421413421,0.391066700220108,bounded_expanded_pilot,2
17,0.4097275257110596,0.378557026386261,bounded_expanded_pilot,2
18,0.4165518522262573,0.3981361985206604,bounded_expanded_pilot,2
19,0.4048368275165558,0.3819666802883148,bounded_expanded_pilot,2
20,0.3881962835788727,0.3671226799488067,bounded_expanded_pilot,2
21,0.3851942837238312,0.3534747958183288,bounded_expanded_pilot,2
22,0.3694528400897979,0.3453349173069,bounded_expanded_pilot,2
23,0.360620254278183,0.344115674495697,bounded_expanded_pilot,2
24,0.3511207103729248,0.3433727324008941,bounded_expanded_pilot,2
25,0.3424703001976013,0.3231751620769501,bounded_expanded_pilot,2
26,0.3305562913417816,0.3279761075973511,bounded_expanded_pilot,2
27,0.3181967616081237,0.3061550557613373,bounded_expanded_pilot,2
28,0.3087960600852966,0.3017476201057434,bounded_expanded_pilot,2
29,0.3012706696987152,0.3028558790683746,bounded_expanded_pilot,2
30,0.2846881210803985,0.2890841364860534,bounded_expanded_pilot,2
31,0.2849814057350158,0.2836118042469024,bounded_expanded_pilot,2
32,0.2690738916397094,0.2859598398208618,bounded_expanded_pilot,2
33,0.2856732964515686,0.2736978828907013,bounded_expanded_pilot,2
34,0.297435438632965,0.274046242237091,bounded_expanded_pilot,2
35,0.2778076648712158,0.2699359357357025,bounded_expanded_pilot,2
36,0.2705103158950805,0.2819496095180511,bounded_expanded_pilot,2
37,0.2744778752326965,0.2644448578357696,bounded_expanded_pilot,2
38,0.2749813318252563,0.2712792158126831,bounded_expanded_pilot,2
39,0.2529498010873794,0.2675652801990509,bounded_expanded_pilot,2
40,0.2676961481571197,0.2666052877902984,bounded_expanded_pilot,2
41,0.2606186479330062,0.2649850249290466,bounded_expanded_pilot,2
42,0.2691593289375305,0.2634577751159668,bounded_expanded_pilot,2
43,0.2559678763151168,0.2686079442501068,bounded_expanded_pilot,2
44,0.2561326414346695,0.2618637382984161,bounded_expanded_pilot,2
45,0.2564879655838012,0.2678063213825226,bounded_expanded_pilot,2
46,0.268464919924736,0.2707054913043976,bounded_expanded_pilot,2
47,0.2616172760725021,0.2678705751895904,bounded_expanded_pilot,2
48,0.2478385716676712,0.2697315216064453,bounded_expanded_pilot,2
49,0.2509074330329895,0.2526872754096985,bounded_expanded_pilot,2
50,0.2606263935565948,0.2534055709838867,bounded_expanded_pilot,2
51,0.2380894750356674,0.2471937239170074,bounded_expanded_pilot,2
52,0.2440805315971374,0.2664174735546112,bounded_expanded_pilot,2
53,0.2559114754199981,0.2503547370433807,bounded_expanded_pilot,2
54,0.2453035116195678,0.261242926120758,bounded_expanded_pilot,2
55,0.2497530102729797,0.253008097410202,bounded_expanded_pilot,2
56,0.251536226272583,0.2571219503879547,bounded_expanded_pilot,2
57,0.2389824420213699,0.2544500529766083,bounded_expanded_pilot,2
58,0.2364249467849731,0.2487348765134811,bounded_expanded_pilot,2
59,0.2457108169794082,0.2637601792812347,bounded_expanded_pilot,2
60,0.2487482696771621,0.2458737939596176,bounded_expanded_pilot,2
1,2.8453999042510985,2.836002826690674,bounded_omitted_speed,0
2,2.7750715255737304,2.704262971878052,bounded_omitted_speed,0
3,2.581471252441406,2.339388370513916,bounded_omitted_speed,0
4,2.124225687980652,1.529149889945984,bounded_omitted_speed,0
5,1.529676365852356,1.715620517730713,bounded_omitted_speed,0
6,1.4499844789505003,1.3549230098724363,bounded_omitted_speed,0
7,0.9384591698646544,0.7555294036865234,bounded_omitted_speed,0
8,0.7008449077606201,0.6390555500984192,bounded_omitted_speed,0
9,0.5841142296791076,0.4689323604106903,bounded_omitted_speed,0
10,0.5210587024688721,0.4443124234676361,bounded_omitted_speed,0
11,0.4843977689743042,0.4418865144252777,bounded_omitted_speed,0
12,0.4671481788158417,0.4510787427425384,bounded_omitted_speed,0
13,0.4529435455799103,0.3964026868343353,bounded_omitted_speed,0
14,0.4295196950435638,0.4056013822555542,bounded_omitted_speed,0
15,0.4291718780994415,0.4211851060390472,bounded_omitted_speed,0
16,0.4176439166069031,0.4051876068115234,bounded_omitted_speed,0
17,0.4147674262523651,0.4059578776359558,bounded_omitted_speed,0
18,0.41729097366333,0.3820230662822723,bounded_omitted_speed,0
19,0.4088611364364624,0.3861044049263,bounded_omitted_speed,0
20,0.4017760872840881,0.3965148329734802,bounded_omitted_speed,0
21,0.3880837440490722,0.3742375373840332,bounded_omitted_speed,0
22,0.3916144669055938,0.4080703854560852,bounded_omitted_speed,0
23,0.3977591633796692,0.3685382008552551,bounded_omitted_speed,0
24,0.3840897500514984,0.3548049926757812,bounded_omitted_speed,0
25,0.3739182710647583,0.3566751182079315,bounded_omitted_speed,0
26,0.3788667678833007,0.3396064937114715,bounded_omitted_speed,0
27,0.3868439674377441,0.3495315611362457,bounded_omitted_speed,0
28,0.3796339154243469,0.3439524471759796,bounded_omitted_speed,0
29,0.3727888226509094,0.3579299747943878,bounded_omitted_speed,0
30,0.3659698903560638,0.3381987810134887,bounded_omitted_speed,0
31,0.3732497274875641,0.3500668704509735,bounded_omitted_speed,0
32,0.378652149438858,0.336607426404953,bounded_omitted_speed,0
33,0.3660892188549042,0.3432008624076843,bounded_omitted_speed,0
34,0.3769519686698913,0.3348391652107239,bounded_omitted_speed,0
35,0.3714232742786407,0.325975239276886,bounded_omitted_speed,0
36,0.3675218999385833,0.3219177424907684,bounded_omitted_speed,0
37,0.360864520072937,0.3201670348644256,bounded_omitted_speed,0
38,0.3674687623977661,0.3277783691883087,bounded_omitted_speed,0
39,0.3608371019363403,0.3253235220909118,bounded_omitted_speed,0
40,0.3675832331180572,0.3221792876720428,bounded_omitted_speed,0
41,0.3588509738445282,0.3282335698604584,bounded_omitted_speed,0
42,0.3662104368209838,0.3212238252162933,bounded_omitted_speed,0
43,0.3543761968612671,0.3245307505130768,bounded_omitted_speed,0
44,0.3595556020736694,0.3090594708919525,bounded_omitted_speed,0
45,0.36351900100708,0.3237172961235046,bounded_omitted_speed,0
46,0.3468792676925659,0.3088440001010895,bounded_omitted_speed,0
47,0.3500333786010742,0.3225862681865692,bounded_omitted_speed,0
48,0.3522476315498352,0.3228385150432586,bounded_omitted_speed,0
49,0.3504415333271026,0.3149701058864593,bounded_omitted_speed,0
50,0.3487116694450378,0.313755989074707,bounded_omitted_speed,0
51,0.3397069692611694,0.3121808469295501,bounded_omitted_speed,0
52,0.3373233079910278,0.3062734007835388,bounded_omitted_speed,0
53,0.3349609494209289,0.3052851855754852,bounded_omitted_speed,0
54,0.3451652407646179,0.3136251270771026,bounded_omitted_speed,0
55,0.3388532400131225,0.3079160451889038,bounded_omitted_speed,0
56,0.3414745688438415,0.3425448834896087,bounded_omitted_speed,0
57,0.3349073350429535,0.2903111577033996,bounded_omitted_speed,0
58,0.3323405206203461,0.3252057433128357,bounded_omitted_speed,0
59,0.3343309283256531,0.2857997715473175,bounded_omitted_speed,0
60,0.3254626750946044,0.3122052252292633,bounded_omitted_speed,0
1,2.831066608428955,2.8233208656311035,bounded_omitted_speed,1
2,2.748932456970215,2.688997745513916,bounded_omitted_speed,1
3,2.60542254447937,2.3649327754974365,bounded_omitted_speed,1
4,2.156678414344788,1.6354820728302002,bounded_omitted_speed,1
5,1.4872251510620118,1.5807350873947144,bounded_omitted_speed,1
6,1.4068325519561768,1.4576278924942017,bounded_omitted_speed,1
7,0.9890790462493896,0.7473672032356262,bounded_omitted_speed,1
8,0.7237422585487365,0.579093873500824,bounded_omitted_speed,1
9,0.5969571709632874,0.505567729473114,bounded_omitted_speed,1
10,0.5257758140563965,0.45823934674263,bounded_omitted_speed,1
11,0.480523020029068,0.4219309985637665,bounded_omitted_speed,1
12,0.4692538142204284,0.4175210893154144,bounded_omitted_speed,1
13,0.4648728132247924,0.40823495388031,bounded_omitted_speed,1
14,0.4403144359588623,0.4050968289375305,bounded_omitted_speed,1
15,0.4525806844234467,0.4076163172721863,bounded_omitted_speed,1
16,0.4238021612167358,0.3969835340976715,bounded_omitted_speed,1
17,0.4354230463504791,0.3855080902576446,bounded_omitted_speed,1
18,0.4230936646461486,0.384842187166214,bounded_omitted_speed,1
19,0.418150371313095,0.3710275590419769,bounded_omitted_speed,1
20,0.4132543623447418,0.3751805126667022,bounded_omitted_speed,1
21,0.4131798565387726,0.3555124402046203,bounded_omitted_speed,1
22,0.4090497076511383,0.3498153388500213,bounded_omitted_speed,1
23,0.3944908082485199,0.3624556362628937,bounded_omitted_speed,1
24,0.3936335027217865,0.3402620553970337,bounded_omitted_speed,1
25,0.3789702594280243,0.3399803936481476,bounded_omitted_speed,1
26,0.3860324084758758,0.3583597242832184,bounded_omitted_speed,1
27,0.3794324338436127,0.3330543339252472,bounded_omitted_speed,1
28,0.3768722414970398,0.3373927772045135,bounded_omitted_speed,1
29,0.377465146780014,0.3361230194568634,bounded_omitted_speed,1
30,0.3788887798786163,0.3245333731174469,bounded_omitted_speed,1
31,0.3669442057609558,0.3303933143615722,bounded_omitted_speed,1
32,0.3687179267406463,0.3218103349208832,bounded_omitted_speed,1
33,0.3804370760917663,0.3267744779586792,bounded_omitted_speed,1
34,0.3618121206760406,0.3172936737537384,bounded_omitted_speed,1
35,0.3627664029598236,0.3196254670619964,bounded_omitted_speed,1
36,0.3621464252471923,0.3184431791305542,bounded_omitted_speed,1
37,0.3640752851963043,0.325260579586029,bounded_omitted_speed,1
38,0.3654217064380646,0.3166431784629822,bounded_omitted_speed,1
39,0.3592093706130981,0.310447096824646,bounded_omitted_speed,1
40,0.3544692516326904,0.3162866532802582,bounded_omitted_speed,1
41,0.3502376139163971,0.3075532913208008,bounded_omitted_speed,1
42,0.3542237758636474,0.3139585256576538,bounded_omitted_speed,1
43,0.3535368859767914,0.3075302839279175,bounded_omitted_speed,1
44,0.3536442995071411,0.302861601114273,bounded_omitted_speed,1
45,0.338924890756607,0.2974218130111694,bounded_omitted_speed,1
46,0.3373159945011139,0.2905295491218567,bounded_omitted_speed,1
47,0.3262146830558777,0.2905169129371643,bounded_omitted_speed,1
48,0.3328672528266906,0.2829437255859375,bounded_omitted_speed,1
49,0.324746173620224,0.2853880226612091,bounded_omitted_speed,1
50,0.3341122984886169,0.2919036149978637,bounded_omitted_speed,1
51,0.3152176558971405,0.2758122682571411,bounded_omitted_speed,1
52,0.3129200160503387,0.2744178175926208,bounded_omitted_speed,1
53,0.3042605459690094,0.2707734107971191,bounded_omitted_speed,1
54,0.3042458713054657,0.2713898122310638,bounded_omitted_speed,1
55,0.3096640467643737,0.2838305532932281,bounded_omitted_speed,1
56,0.3007749855518341,0.2659994661808014,bounded_omitted_speed,1
57,0.3029394567012787,0.2644918859004974,bounded_omitted_speed,1
58,0.3056468963623047,0.2611587941646576,bounded_omitted_speed,1
59,0.3186023890972137,0.2665528953075409,bounded_omitted_speed,1
60,0.2850713491439819,0.2563402652740478,bounded_omitted_speed,1
1,2.8216793537139893,2.855343818664551,bounded_omitted_speed,2
2,2.7897178173065185,2.7751710414886475,bounded_omitted_speed,2
3,2.687612581253052,2.56542444229126,bounded_omitted_speed,2
4,2.4005714416503907,2.004359245300293,bounded_omitted_speed,2
5,1.7988793134689331,1.562576413154602,bounded_omitted_speed,2
6,1.520862627029419,1.6040443181991575,bounded_omitted_speed,2
7,1.1731449842453003,0.8884153962135315,bounded_omitted_speed,2
8,0.8308905124664306,0.6740211844444275,bounded_omitted_speed,2
9,0.6543985843658447,0.5360190868377686,bounded_omitted_speed,2
10,0.5783014535903931,0.4830492436885834,bounded_omitted_speed,2
11,0.5107073903083801,0.4500153958797455,bounded_omitted_speed,2
12,0.481583970785141,0.4301809966564178,bounded_omitted_speed,2
13,0.4676641464233398,0.4023450016975403,bounded_omitted_speed,2
14,0.4465236604213715,0.4180371165275574,bounded_omitted_speed,2
15,0.445108038187027,0.4136811792850494,bounded_omitted_speed,2
16,0.4323709428310394,0.3943553566932678,bounded_omitted_speed,2
17,0.4169523477554321,0.378033846616745,bounded_omitted_speed,2
18,0.4195461571216583,0.4133866727352142,bounded_omitted_speed,2
19,0.4109532833099365,0.382242202758789,bounded_omitted_speed,2
20,0.4035443007946014,0.3794720470905304,bounded_omitted_speed,2
21,0.4049679696559906,0.3575993776321411,bounded_omitted_speed,2
22,0.3964967846870422,0.3700653314590454,bounded_omitted_speed,2
23,0.3932456135749816,0.3685144782066345,bounded_omitted_speed,2
24,0.3882138609886169,0.3738170862197876,bounded_omitted_speed,2
25,0.3826626062393188,0.3568298518657684,bounded_omitted_speed,2
26,0.3815345406532288,0.3465728163719177,bounded_omitted_speed,2
27,0.3818110227584839,0.3387343287467956,bounded_omitted_speed,2
28,0.3744406342506409,0.3357855081558227,bounded_omitted_speed,2
29,0.380036836862564,0.340912252664566,bounded_omitted_speed,2
30,0.3651514291763306,0.3342995345592499,bounded_omitted_speed,2
31,0.3713381230831146,0.3370210230350494,bounded_omitted_speed,2
32,0.3620146512985229,0.3481813371181488,bounded_omitted_speed,2
33,0.3777137637138367,0.3356315493583679,bounded_omitted_speed,2
34,0.3680874407291412,0.3224278688430786,bounded_omitted_speed,2
35,0.3688404262065887,0.3328685164451599,bounded_omitted_speed,2
36,0.3537399411201477,0.3206306397914886,bounded_omitted_speed,2
37,0.3612518906593323,0.3290082514286041,bounded_omitted_speed,2
38,0.3744399547576904,0.3296200037002563,bounded_omitted_speed,2
39,0.3563100755214691,0.3149771392345428,bounded_omitted_speed,2
40,0.3622436881065368,0.3273493349552154,bounded_omitted_speed,2
41,0.3545403897762298,0.3178398013114929,bounded_omitted_speed,2
42,0.361621206998825,0.3245621025562286,bounded_omitted_speed,2
43,0.3414787530899048,0.315667450428009,bounded_omitted_speed,2
44,0.3469207882881164,0.3209413886070251,bounded_omitted_speed,2
45,0.3501557469367981,0.320280522108078,bounded_omitted_speed,2
46,0.3542250275611877,0.3157362341880798,bounded_omitted_speed,2
47,0.358359158039093,0.3433225750923157,bounded_omitted_speed,2
48,0.345847737789154,0.3130820989608764,bounded_omitted_speed,2
49,0.3399356067180633,0.3083973824977875,bounded_omitted_speed,2
50,0.3370280921459198,0.3008219301700592,bounded_omitted_speed,2
51,0.3392749309539795,0.3261296451091766,bounded_omitted_speed,2
52,0.3371934354305267,0.294308453798294,bounded_omitted_speed,2
53,0.3361717581748962,0.312420517206192,bounded_omitted_speed,2
54,0.3268915295600891,0.2993052303791046,bounded_omitted_speed,2
55,0.3289130806922912,0.3045145273208618,bounded_omitted_speed,2
56,0.3372454047203064,0.2969490587711334,bounded_omitted_speed,2
57,0.3270923376083374,0.3109495341777801,bounded_omitted_speed,2
58,0.3136288821697235,0.2848211824893951,bounded_omitted_speed,2
59,0.3149039030075073,0.2963649332523346,bounded_omitted_speed,2
60,0.3258121311664581,0.2921857237815857,bounded_omitted_speed,2
