speed_mm_s,direction_deg,nominal_force_N,specimens,repeat_log_mae,repeat_log_mae_max
20,0,1.0,10,0.30411363160548127,0.763501179252628
20,45,0.5,10,0.14738910589289306,0.25866107164848445
20,45,1.0,10,0.2570791466998882,1.110273896253091
20,90,0.5,10,0.12871405386152396,0.15094423268418855
20,90,1.0,10,0.1512226383573768,0.18816638142500283
20,135,0.5,10,0.13367014293343274,0.19094024717483207
20,135,1.0,10,0.13687058875830194,0.16419517864904928
20,180,0.5,10,0.1641119330108463,0.27561036626105323
20,180,1.0,10,0.16948996457310425,0.26113153551834817
20,225,0.5,10,0.2430616431862945,1.2350595486391975
20,225,1.0,10,0.1558989145786981,0.2020531057707937
20,270,0.5,10,0.15836637443507792,0.22229990731708638
20,270,1.0,10,0.18216300945979402,0.26140060287670236
20,315,0.5,10,0.15544490126876287,0.4471068311946163
20,315,1.0,10,0.2854474495072611,1.6506125682866504
40,45,0.5,10,0.20601060554893835,0.8617634198706475
40,45,1.0,10,0.2636333657293787,0.7848582960052299
40,90,1.0,10,0.12479463251495546,0.22787814333732123
40,135,0.5,10,0.12288174276459489,0.22799614005908397
40,135,1.0,10,0.15136622238842373,0.24672533915582706
40,180,0.5,10,0.19519840377752826,0.703633141291946
40,180,1.0,10,0.2956618721400856,1.7130515429103503
40,225,0.5,10,0.16882644198426675,0.29086385181329416
40,225,1.0,10,0.14009236517885063,0.1805171644933188
40,270,0.5,10,0.1568955900596134,0.2517195420210845
40,270,1.0,10,0.15228788422527725,0.23271201429021962
40,315,0.5,10,0.12880557401640855,0.1846053475297611
40,315,1.0,10,0.14736055510930882,0.2362595714335568
60,0,0.5,10,0.2139564505674994,0.8758071337130359
60,0,1.0,10,0.2191215610317372,0.8815634010439061
60,45,0.5,10,0.168998649179725,0.4636669792401087
60,45,1.0,10,0.16322226960928563,0.4022272067877278
60,90,0.5,10,0.14683106521241732,0.2066485965708751
60,90,1.0,10,0.16135437568604763,0.3499484573139388
60,135,0.5,10,0.12593466421201266,0.18034660348644482
60,135,1.0,10,0.16066338926145812,0.381045393346199
60,180,0.5,10,0.13760231897055095,0.18698813415188628
60,180,1.0,10,0.22297733201401365,0.8647074825088165
60,225,0.5,10,0.13235452549223506,0.1471446510419051
60,225,1.0,10,0.14975281252518624,0.2313229517454719
60,270,0.5,10,0.15047853029615038,0.20617651642555315
60,270,1.0,10,0.15586609565343496,0.2000459210398998
60,315,0.5,10,0.11898752971977748,0.24052257425429283
60,315,1.0,10,0.15581721980848492,0.2848180776029807
