surface_id,query_pairs,repeat_log_mae,repeat_rms_symmetric_relative_difference
0,44,0.14112600317477886,0.06588600558497439
38,44,0.14504421709641557,0.05689045392164779
49,44,0.12907225343424628,0.042195515786317424
65,44,0.14332342596742173,0.07127658394031895
74,44,0.12934204944036226,0.051610729092014515
79,44,0.139355588234824,0.05831464401417336
82,44,0.136703771152613,0.05441114048666545
87,44,0.14238028472995926,0.06754788957649802
102,44,0.2935681634527313,0.3188712075557038
103,44,0.3298064121362804,0.29092225482622786
