run_root,surface_id,role,recording_triplets,prepared_windows,query_episodes,query_speeds_mm_s,config_hash,run_manifest_sha256,recording_manifest_sha256,windows_manifest_sha256,episodes_sha256
.,0,training,10,9,8,30|40|50|60,c6f6d8425cf15e5845f5377062566e73ecf12cb8fd3604fe9601dfffdb401d85,1126abcc941f874c0f49cd6a57f0ed1753222ddbe5354594dc992355bf723561,d0f6327d08e9b0b0e8760e4bf18b3dfac210083133326c9ad8ceafe73aa1bd42,23fa93c9580db93c3bd613abd6ed3d2f1e9ec927135596f1758dd54895e49af1,ca4fa81911b10d6ff38afe949f5d23e5eb5c673ec439d97139e52e1a5ab3280a
.,10,selection_and_exploratory_scoring,10,5,4,30|40|50|60,c6f6d8425cf15e5845f5377062566e73ecf12cb8fd3604fe9601dfffdb401d85,1126abcc941f874c0f49cd6a57f0ed1753222ddbe5354594dc992355bf723561,d0f6327d08e9b0b0e8760e4bf18b3dfac210083133326c9ad8ceafe73aa1bd42,23fa93c9580db93c3bd613abd6ed3d2f1e9ec927135596f1758dd54895e49af1,ca4fa81911b10d6ff38afe949f5d23e5eb5c673ec439d97139e52e1a5ab3280a
.,38,training,10,9,8,30|40|50|60,c6f6d8425cf15e5845f5377062566e73ecf12cb8fd3604fe9601dfffdb401d85,1126abcc941f874c0f49cd6a57f0ed1753222ddbe5354594dc992355bf723561,d0f6327d08e9b0b0e8760e4bf18b3dfac210083133326c9ad8ceafe73aa1bd42,23fa93c9580db93c3bd613abd6ed3d2f1e9ec927135596f1758dd54895e49af1,ca4fa81911b10d6ff38afe949f5d23e5eb5c673ec439d97139e52e1a5ab3280a
.,49,training,10,9,8,30|40|50|60,c6f6d8425cf15e5845f5377062566e73ecf12cb8fd3604fe9601dfffdb401d85,1126abcc941f874c0f49cd6a57f0ed1753222ddbe5354594dc992355bf723561,d0f6327d08e9b0b0e8760e4bf18b3dfac210083133326c9ad8ceafe73aa1bd42,23fa93c9580db93c3bd613abd6ed3d2f1e9ec927135596f1758dd54895e49af1,ca4fa81911b10d6ff38afe949f5d23e5eb5c673ec439d97139e52e1a5ab3280a
.,57,selection_and_exploratory_scoring,10,5,4,30|40|50|60,c6f6d8425cf15e5845f5377062566e73ecf12cb8fd3604fe9601dfffdb401d85,1126abcc941f874c0f49cd6a57f0ed1753222ddbe5354594dc992355bf723561,d0f6327d08e9b0b0e8760e4bf18b3dfac210083133326c9ad8ceafe73aa1bd42,23fa93c9580db93c3bd613abd6ed3d2f1e9ec927135596f1758dd54895e49af1,ca4fa81911b10d6ff38afe949f5d23e5eb5c673ec439d97139e52e1a5ab3280a
.,65,training,10,9,8,30|40|50|60,c6f6d8425cf15e5845f5377062566e73ecf12cb8fd3604fe9601dfffdb401d85,1126abcc941f874c0f49cd6a57f0ed1753222ddbe5354594dc992355bf723561,d0f6327d08e9b0b0e8760e4bf18b3dfac210083133326c9ad8ceafe73aa1bd42,23fa93c9580db93c3bd613abd6ed3d2f1e9ec927135596f1758dd54895e49af1,ca4fa81911b10d6ff38afe949f5d23e5eb5c673ec439d97139e52e1a5ab3280a
.,74,training,10,9,8,30|40|50|60,c6f6d8425cf15e5845f5377062566e73ecf12cb8fd3604fe9601dfffdb401d85,1126abcc941f874c0f49cd6a57f0ed1753222ddbe5354594dc992355bf723561,d0f6327d08e9b0b0e8760e4bf18b3dfac210083133326c9ad8ceafe73aa1bd42,23fa93c9580db93c3bd613abd6ed3d2f1e9ec927135596f1758dd54895e49af1,ca4fa81911b10d6ff38afe949f5d23e5eb5c673ec439d97139e52e1a5ab3280a
.,79,training,10,9,8,30|40|50|60,c6f6d8425cf15e5845f5377062566e73ecf12cb8fd3604fe9601dfffdb401d85,1126abcc941f874c0f49cd6a57f0ed1753222ddbe5354594dc992355bf723561,d0f6327d08e9b0b0e8760e4bf18b3dfac210083133326c9ad8ceafe73aa1bd42,23fa93c9580db93c3bd613abd6ed3d2f1e9ec927135596f1758dd54895e49af1,ca4fa81911b10d6ff38afe949f5d23e5eb5c673ec439d97139e52e1a5ab3280a
.,82,training,10,9,8,30|40|50|60,c6f6d8425cf15e5845f5377062566e73ecf12cb8fd3604fe9601dfffdb401d85,1126abcc941f874c0f49cd6a57f0ed1753222ddbe5354594dc992355bf723561,d0f6327d08e9b0b0e8760e4bf18b3dfac210083133326c9ad8ceafe73aa1bd42,23fa93c9580db93c3bd613abd6ed3d2f1e9ec927135596f1758dd54895e49af1,ca4fa81911b10d6ff38afe949f5d23e5eb5c673ec439d97139e52e1a5ab3280a
.,87,training,10,9,8,30|40|50|60,c6f6d8425cf15e5845f5377062566e73ecf12cb8fd3604fe9601dfffdb401d85,1126abcc941f874c0f49cd6a57f0ed1753222ddbe5354594dc992355bf723561,d0f6327d08e9b0b0e8760e4bf18b3dfac210083133326c9ad8ceafe73aa1bd42,23fa93c9580db93c3bd613abd6ed3d2f1e9ec927135596f1758dd54895e49af1,ca4fa81911b10d6ff38afe949f5d23e5eb5c673ec439d97139e52e1a5ab3280a
.,102,training,10,9,8,30|40|50|60,c6f6d8425cf15e5845f5377062566e73ecf12cb8fd3604fe9601dfffdb401d85,1126abcc941f874c0f49cd6a57f0ed1753222ddbe5354594dc992355bf723561,d0f6327d08e9b0b0e8760e4bf18b3dfac210083133326c9ad8ceafe73aa1bd42,23fa93c9580db93c3bd613abd6ed3d2f1e9ec927135596f1758dd54895e49af1,ca4fa81911b10d6ff38afe949f5d23e5eb5c673ec439d97139e52e1a5ab3280a
.,103,training,10,9,8,30|40|50|60,c6f6d8425cf15e5845f5377062566e73ecf12cb8fd3604fe9601dfffdb401d85,1126abcc941f874c0f49cd6a57f0ed1753222ddbe5354594dc992355bf723561,d0f6327d08e9b0b0e8760e4bf18b3dfac210083133326c9ad8ceafe73aa1bd42,23fa93c9580db93c3bd613abd6ed3d2f1e9ec927135596f1758dd54895e49af1,ca4fa81911b10d6ff38afe949f5d23e5eb5c673ec439d97139e52e1a5ab3280a
runs/expanded_pilot,0,training,16,23,120,30|40|50|60,51383ab427be947c8e636230b15493013bf3849325b90c52e5fe4bc574766407,83c8af8909512366d1dea7d6a7436642b9d7604f7bbf9d470e0e576b3d8b6e0f,ae3958644b5789ef9377830cc79900121a5dda2bc74474883c3e1f46d2f6db1b,0c9a4c2bf2504e7ba71e173214b20092b14ae362d841a11b2015442b5700e0f8,2ec5d0c658ce9aa1522ec29a1c36995f5655fa6a5984f0fb275c33452f869760
runs/expanded_pilot,10,selection_and_exploratory_scoring,16,19,60,30|40|50|60,51383ab427be947c8e636230b15493013bf3849325b90c52e5fe4bc574766407,83c8af8909512366d1dea7d6a7436642b9d7604f7bbf9d470e0e576b3d8b6e0f,ae3958644b5789ef9377830cc79900121a5dda2bc74474883c3e1f46d2f6db1b,0c9a4c2bf2504e7ba71e173214b20092b14ae362d841a11b2015442b5700e0f8,2ec5d0c658ce9aa1522ec29a1c36995f5655fa6a5984f0fb275c33452f869760
runs/expanded_pilot,38,training,16,23,120,30|40|50|60,51383ab427be947c8e636230b15493013bf3849325b90c52e5fe4bc574766407,83c8af8909512366d1dea7d6a7436642b9d7604f7bbf9d470e0e576b3d8b6e0f,ae3958644b5789ef9377830cc79900121a5dda2bc74474883c3e1f46d2f6db1b,0c9a4c2bf2504e7ba71e173214b20092b14ae362d841a11b2015442b5700e0f8,2ec5d0c658ce9aa1522ec29a1c36995f5655fa6a5984f0fb275c33452f869760
runs/expanded_pilot,49,training,16,23,120,30|40|50|60,51383ab427be947c8e636230b15493013bf3849325b90c52e5fe4bc574766407,83c8af8909512366d1dea7d6a7436642b9d7604f7bbf9d470e0e576b3d8b6e0f,ae3958644b5789ef9377830cc79900121a5dda2bc74474883c3e1f46d2f6db1b,0c9a4c2bf2504e7ba71e173214b20092b14ae362d841a11b2015442b5700e0f8,2ec5d0c658ce9aa1522ec29a1c36995f5655fa6a5984f0fb275c33452f869760
runs/expanded_pilot,57,selection_and_exploratory_scoring,16,19,60,30|40|50|60,51383ab427be947c8e636230b15493013bf3849325b90c52e5fe4bc574766407,83c8af8909512366d1dea7d6a7436642b9d7604f7bbf9d470e0e576b3d8b6e0f,ae3958644b5789ef9377830cc79900121a5dda2bc74474883c3e1f46d2f6db1b,0c9a4c2bf2504e7ba71e173214b20092b14ae362d841a11b2015442b5700e0f8,2ec5d0c658ce9aa1522ec29a1c36995f5655fa6a5984f0fb275c33452f869760
runs/expanded_pilot,65,training,16,23,120,30|40|50|60,51383ab427be947c8e636230b15493013bf3849325b90c52e5fe4bc574766407,83c8af8909512366d1dea7d6a7436642b9d7604f7bbf9d470e0e576b3d8b6e0f,ae3958644b5789ef9377830cc79900121a5dda2bc74474883c3e1f46d2f6db1b,0c9a4c2bf2504e7ba71e173214b20092b14ae362d841a11b2015442b5700e0f8,2ec5d0c658ce9aa1522ec29a1c36995f5655fa6a5984f0fb275c33452f869760
runs/expanded_pilot,74,training,16,23,120,30|40|50|60,51383ab427be947c8e636230b15493013bf3849325b90c52e5fe4bc574766407,83c8af8909512366d1dea7d6a7436642b9d7604f7bbf9d470e0e576b3d8b6e0f,ae3958644b5789ef9377830cc79900121a5dda2bc74474883c3e1f46d2f6db1b,0c9a4c2bf2504e7ba71e173214b20092b14ae362d841a11b2015442b5700e0f8,2ec5d0c658ce9aa1522ec29a1c36995f5655fa6a5984f0fb275c33452f869760
runs/expanded_pilot,79,training,16,23,120,30|40|50|60,51383ab427be947c8e636230b15493013bf3849325b90c52e5fe4bc574766407,83c8af8909512366d1dea7d6a7436642b9d7604f7bbf9d470e0e576b3d8b6e0f,ae3958644b5789ef9377830cc79900121a5dda2bc74474883c3e1f46d2f6db1b,0c9a4c2bf2504e7ba71e173214b20092b14ae362d841a11b2015442b5700e0f8,2ec5d0c658ce9aa1522ec29a1c36995f5655fa6a5984f0fb275c33452f869760
runs/expanded_pilot,82,training,16,23,120,30|40|50|60,51383ab427be947c8e636230b15493013bf3849325b90c52e5fe4bc574766407,83c8af8909512366d1dea7d6a7436642b9d7604f7bbf9d470e0e576b3d8b6e0f,ae3958644b5789ef9377830cc79900121a5dda2bc74474883c3e1f46d2f6db1b,0c9a4c2bf2504e7ba71e173214b20092b14ae362d841a11b2015442b5700e0f8,2ec5d0c658ce9aa1522ec29a1c36995f5655fa6a5984f0fb275c33452f869760
runs/expanded_pilot,87,training,16,23,120,30|40|50|60,51383ab427be947c8e636230b15493013bf3849325b90c52e5fe4bc574766407,83c8af8909512366d1dea7d6a7436642b9d7604f7bbf9d470e0e576b3d8b6e0f,ae3958644b5789ef9377830cc79900121a5dda2bc74474883c3e1f46d2f6db1b,0c9a4c2bf2504e7ba71e173214b20092b14ae362d841a11b2015442b5700e0f8,2ec5d0c658ce9aa1522ec29a1c36995f5655fa6a5984f0fb275c33452f869760
runs/expanded_pilot,102,training,16,23,120,30|40|50|60,51383ab427be947c8e636230b15493013bf3849325b90c52e5fe4bc574766407,83c8af8909512366d1dea7d6a7436642b9d7604f7bbf9d470e0e576b3d8b6e0f,ae3958644b5789ef9377830cc79900121a5dda2bc74474883c3e1f46d2f6db1b,0c9a4c2bf2504e7ba71e173214b20092b14ae362d841a11b2015442b5700e0f8,2ec5d0c658ce9aa1522ec29a1c36995f5655fa6a5984f0fb275c33452f869760
runs/expanded_pilot,103,training,16,23,120,30|40|50|60,51383ab427be947c8e636230b15493013bf3849325b90c52e5fe4bc574766407,83c8af8909512366d1dea7d6a7436642b9d7604f7bbf9d470e0e576b3d8b6e0f,ae3958644b5789ef9377830cc79900121a5dda2bc74474883c3e1f46d2f6db1b,0c9a4c2bf2504e7ba71e173214b20092b14ae362d841a11b2015442b5700e0f8,2ec5d0c658ce9aa1522ec29a1c36995f5655fa6a5984f0fb275c33452f869760
runs/omitted_speed,0,training,20,27,180,20|40|60,40470ec0d981b8e7f6f5e4e9c8d721a698afb2076900f246fd5d9ea4898f1bfb,7af0b0f392175ee57010240abadd5ef9ac3818ef5bb94bcec3309abae80dbfd3,59065c977fe2c9da496df912c7eeb4bbd2373aa82db299f38fff8d62ccd74afc,24f8e04c467850d606fa716f91d1457fa7b85b6c395d183d89951ee2ed71770d,86eb705168cffb9ab5f6737f33cd9d66ea41cdbefe4203e54891e6b1ba4a22fe
runs/omitted_speed,10,selection_and_exploratory_scoring,28,25,150,20|30|40|50|60,40470ec0d981b8e7f6f5e4e9c8d721a698afb2076900f246fd5d9ea4898f1bfb,7af0b0f392175ee57010240abadd5ef9ac3818ef5bb94bcec3309abae80dbfd3,59065c977fe2c9da496df912c7eeb4bbd2373aa82db299f38fff8d62ccd74afc,24f8e04c467850d606fa716f91d1457fa7b85b6c395d183d89951ee2ed71770d,86eb705168cffb9ab5f6737f33cd9d66ea41cdbefe4203e54891e6b1ba4a22fe
runs/omitted_speed,38,training,20,27,180,20|40|60,40470ec0d981b8e7f6f5e4e9c8d721a698afb2076900f246fd5d9ea4898f1bfb,7af0b0f392175ee57010240abadd5ef9ac3818ef5bb94bcec3309abae80dbfd3,59065c977fe2c9da496df912c7eeb4bbd2373aa82db299f38fff8d62ccd74afc,24f8e04c467850d606fa716f91d1457fa7b85b6c395d183d89951ee2ed71770d,86eb705168cffb9ab5f6737f33cd9d66ea41cdbefe4203e54891e6b1ba4a22fe
runs/omitted_speed,49,training,20,27,180,20|40|60,40470ec0d981b8e7f6f5e4e9c8d721a698afb2076900f246fd5d9ea4898f1bfb,7af0b0f392175ee57010240abadd5ef9ac3818ef5bb94bcec3309abae80dbfd3,59065c977fe2c9da496df912c7eeb4bbd2373aa82db299f38fff8d62ccd74afc,24f8e04c467850d606fa716f91d1457fa7b85b6c395d183d89951ee2ed71770d,86eb705168cffb9ab5f6737f33cd9d66ea41cdbefe4203e54891e6b1ba4a22fe
runs/omitted_speed,57,selection_and_exploratory_scoring,28,25,150,20|30|40|50|60,40470ec0d981b8e7f6f5e4e9c8d721a698afb2076900f246fd5d9ea4898f1bfb,7af0b0f392175ee57010240abadd5ef9ac3818ef5bb94bcec3309abae80dbfd3,59065c977fe2c9da496df912c7eeb4bbd2373aa82db299f38fff8d62ccd74afc,24f8e04c467850d606fa716f91d1457fa7b85b6c395d183d89951ee2ed71770d,86eb705168cffb9ab5f6737f33cd9d66ea41cdbefe4203e54891e6b1ba4a22fe
runs/omitted_speed,65,training,20,27,180,20|40|60,40470ec0d981b8e7f6f5e4e9c8d721a698afb2076900f246fd5d9ea4898f1bfb,7af0b0f392175ee57010240abadd5ef9ac3818ef5bb94bcec3309abae80dbfd3,59065c977fe2c9da496df912c7eeb4bbd2373aa82db299f38fff8d62ccd74afc,24f8e04c467850d606fa716f91d1457fa7b85b6c395d183d89951ee2ed71770d,86eb705168cffb9ab5f6737f33cd9d66ea41cdbefe4203e54891e6b1ba4a22fe
runs/omitted_speed,74,training,20,27,180,20|40|60,40470ec0d981b8e7f6f5e4e9c8d721a698afb2076900f246fd5d9ea4898f1bfb,7af0b0f392175ee57010240abadd5ef9ac3818ef5bb94bcec3309abae80dbfd3,59065c977fe2c9da496df912c7eeb4bbd2373aa82db299f38fff8d62ccd74afc,24f8e04c467850d606fa716f91d1457fa7b85b6c395d183d89951ee2ed71770d,86eb705168cffb9ab5f6737f33cd9d66ea41cdbefe4203e54891e6b1ba4a22fe
runs/omitted_speed,79,training,20,27,180,20|40|60,40470ec0d981b8e7f6f5e4e9c8d721a698afb2076900f246fd5d9ea4898f1bfb,7af0b0f392175ee57010240abadd5ef9ac3818ef5bb94bcec3309abae80dbfd3,59065c977fe2c9da496df912c7eeb4bbd2373aa82db299f38fff8d62ccd74afc,24f8e04c467850d606fa716f91d1457fa7b85b6c395d183d89951ee2ed71770d,86eb705168cffb9ab5f6737f33cd9d66ea41cdbefe4203e54891e6b1ba4a22fe
runs/omitted_speed,82,training,20,27,180,20|40|60,40470ec0d981b8e7f6f5e4e9c8d721a698afb2076900f246fd5d9ea4898f1bfb,7af0b0f392175ee57010240abadd5ef9ac3818ef5bb94bcec3309abae80dbfd3,59065c977fe2c9da496df912c7eeb4bbd2373aa82db299f38fff8d62ccd74afc,24f8e04c467850d606fa716f91d1457fa7b85b6c395d183d89951ee2ed71770d,86eb705168cffb9ab5f6737f33cd9d66ea41cdbefe4203e54891e6b1ba4a22fe
runs/omitted_speed,87,training,20,27,180,20|40|60,40470ec0d981b8e7f6f5e4e9c8d721a698afb2076900f246fd5d9ea4898f1bfb,7af0b0f392175ee57010240abadd5ef9ac3818ef5bb94bcec3309abae80dbfd3,59065c977fe2c9da496df912c7eeb4bbd2373aa82db299f38fff8d62ccd74afc,24f8e04c467850d606fa716f91d1457fa7b85b6c395d183d89951ee2ed71770d,86eb705168cffb9ab5f6737f33cd9d66ea41cdbefe4203e54891e6b1ba4a22fe
runs/omitted_speed,102,training,20,27,180,20|40|60,40470ec0d981b8e7f6f5e4e9c8d721a698afb2076900f246fd5d9ea4898f1bfb,7af0b0f392175ee57010240abadd5ef9ac3818ef5bb94bcec3309abae80dbfd3,59065c977fe2c9da496df912c7eeb4bbd2373aa82db299f38fff8d62ccd74afc,24f8e04c467850d606fa716f91d1457fa7b85b6c395d183d89951ee2ed71770d,86eb705168cffb9ab5f6737f33cd9d66ea41cdbefe4203e54891e6b1ba4a22fe
runs/omitted_speed,103,training,20,27,180,20|40|60,40470ec0d981b8e7f6f5e4e9c8d721a698afb2076900f246fd5d9ea4898f1bfb,7af0b0f392175ee57010240abadd5ef9ac3818ef5bb94bcec3309abae80dbfd3,59065c977fe2c9da496df912c7eeb4bbd2373aa82db299f38fff8d62ccd74afc,24f8e04c467850d606fa716f91d1457fa7b85b6c395d183d89951ee2ed71770d,86eb705168cffb9ab5f6737f33cd9d66ea41cdbefe4203e54891e6b1ba4a22fe
runs/bounded_pilot,0,training,10,9,8,30|40|50|60,c6f6d8425cf15e5845f5377062566e73ecf12cb8fd3604fe9601dfffdb401d85,9e251c33966e80a9a001b6ec449f95c2ad8171ed73b440baa28a06818a029167,67329e4d246cc456f18daf78f97139906fafadf8c27c7e6105f50397d34a8672,ed368841b4e049f4dc46a3c011f2f3fba4bc30d0c25ef37168b290d2158ccfad,c718159b00e41cd6b0bfa3d509ab6fbd3a8d8b3cbcd37274efcaff2b4605e948
runs/bounded_pilot,10,selection_and_exploratory_scoring,10,5,4,30|40|50|60,c6f6d8425cf15e5845f5377062566e73ecf12cb8fd3604fe9601dfffdb401d85,9e251c33966e80a9a001b6ec449f95c2ad8171ed73b440baa28a06818a029167,67329e4d246cc456f18daf78f97139906fafadf8c27c7e6105f50397d34a8672,ed368841b4e049f4dc46a3c011f2f3fba4bc30d0c25ef37168b290d2158ccfad,c718159b00e41cd6b0bfa3d509ab6fbd3a8d8b3cbcd37274efcaff2b4605e948
runs/bounded_pilot,38,training,10,9,8,30|40|50|60,c6f6d8425cf15e5845f5377062566e73ecf12cb8fd3604fe9601dfffdb401d85,9e251c33966e80a9a001b6ec449f95c2ad8171ed73b440baa28a06818a029167,67329e4d246cc456f18daf78f97139906fafadf8c27c7e6105f50397d34a8672,ed368841b4e049f4dc46a3c011f2f3fba4bc30d0c25ef37168b290d2158ccfad,c718159b00e41cd6b0bfa3d509ab6fbd3a8d8b3cbcd37274efcaff2b4605e948
runs/bounded_pilot,49,training,10,9,8,30|40|50|60,c6f6d8425cf15e5845f5377062566e73ecf12cb8fd3604fe9601dfffdb401d85,9e251c33966e80a9a001b6ec449f95c2ad8171ed73b440baa28a06818a029167,67329e4d246cc456f18daf78f97139906fafadf8c27c7e6105f50397d34a8672,ed368841b4e049f4dc46a3c011f2f3fba4bc30d0c25ef37168b290d2158ccfad,c718159b00e41cd6b0bfa3d509ab6fbd3a8d8b3cbcd37274efcaff2b4605e948
runs/bounded_pilot,57,selection_and_exploratory_scoring,10,5,4,30|40|50|60,c6f6d8425cf15e5845f5377062566e73ecf12cb8fd3604fe9601dfffdb401d85,9e251c33966e80a9a001b6ec449f95c2ad8171ed73b440baa28a06818a029167,67329e4d246cc456f18daf78f97139906fafadf8c27c7e6105f50397d34a8672,ed368841b4e049f4dc46a3c011f2f3fba4bc30d0c25ef37168b290d2158ccfad,c718159b00e41cd6b0bfa3d509ab6fbd3a8d8b3cbcd37274efcaff2b4605e948
runs/bounded_pilot,65,training,10,9,8,30|40|50|60,c6f6d8425cf15e5845f5377062566e73ecf12cb8fd3604fe9601dfffdb401d85,9e251c33966e80a9a001b6ec449f95c2ad8171ed73b440baa28a06818a029167,67329e4d246cc456f18daf78f97139906fafadf8c27c7e6105f50397d34a8672,ed368841b4e049f4dc46a3c011f2f3fba4bc30d0c25ef37168b290d2158ccfad,c718159b00e41cd6b0bfa3d509ab6fbd3a8d8b3cbcd37274efcaff2b4605e948
runs/bounded_pilot,74,training,10,9,8,30|40|50|60,c6f6d8425cf15e5845f5377062566e73ecf12cb8fd3604fe9601dfffdb401d85,9e251c33966e80a9a001b6ec449f95c2ad8171ed73b440baa28a06818a029167,67329e4d246cc456f18daf78f97139906fafadf8c27c7e6105f50397d34a8672,ed368841b4e049f4dc46a3c011f2f3fba4bc30d0c25ef37168b290d2158ccfad,c718159b00e41cd6b0bfa3d509ab6fbd3a8d8b3cbcd37274efcaff2b4605e948
runs/bounded_pilot,79,training,10,9,8,30|40|50|60,c6f6d8425cf15e5845f5377062566e73ecf12cb8fd3604fe9601dfffdb401d85,9e251c33966e80a9a001b6ec449f95c2ad8171ed73b440baa28a06818a029167,67329e4d246cc456f18daf78f97139906fafadf8c27c7e6105f50397d34a8672,ed368841b4e049f4dc46a3c011f2f3fba4bc30d0c25ef37168b290d2158ccfad,c718159b00e41cd6b0bfa3d509ab6fbd3a8d8b3cbcd37274efcaff2b4605e948
runs/bounded_pilot,82,training,10,9,8,30|40|50|60,c6f6d8425cf15e5845f5377062566e73ecf12cb8fd3604fe9601dfffdb401d85,9e251c33966e80a9a001b6ec449f95c2ad8171ed73b440baa28a06818a029167,67329e4d246cc456f18daf78f97139906fafadf8c27c7e6105f50397d34a8672,ed368841b4e049f4dc46a3c011f2f3fba4bc30d0c25ef37168b290d2158ccfad,c718159b00e41cd6b0bfa3d509ab6fbd3a8d8b3cbcd37274efcaff2b4605e948
runs/bounded_pilot,87,training,10,9,8,30|40|50|60,c6f6d8425cf15e5845f5377062566e73ecf12cb8fd3604fe9601dfffdb401d85,9e251c33966e80a9a001b6ec449f95c2ad8171ed73b440baa28a06818a029167,67329e4d246cc456f18daf78f97139906fafadf8c27c7e6105f50397d34a8672,ed368841b4e049f4dc46a3c011f2f3fba4bc30d0c25ef37168b290d2158ccfad,c718159b00e41cd6b0bfa3d509ab6fbd3a8d8b3cbcd37274efcaff2b4605e948
runs/bounded_pilot,102,training,10,9,8,30|40|50|60,c6f6d8425cf15e5845f5377062566e73ecf12cb8fd3604fe9601dfffdb401d85,9e251c33966e80a9a001b6ec449f95c2ad8171ed73b440baa28a06818a029167,67329e4d246cc456f18daf78f97139906fafadf8c27c7e6105f50397d34a8672,ed368841b4e049f4dc46a3c011f2f3fba4bc30d0c25ef37168b290d2158ccfad,c718159b00e41cd6b0bfa3d509ab6fbd3a8d8b3cbcd37274efcaff2b4605e948
runs/bounded_pilot,103,training,10,9,8,30|40|50|60,c6f6d8425cf15e5845f5377062566e73ecf12cb8fd3604fe9601dfffdb401d85,9e251c33966e80a9a001b6ec449f95c2ad8171ed73b440baa28a06818a029167,67329e4d246cc456f18daf78f97139906fafadf8c27c7e6105f50397d34a8672,ed368841b4e049f4dc46a3c011f2f3fba4bc30d0c25ef37168b290d2158ccfad,c718159b00e41cd6b0bfa3d509ab6fbd3a8d8b3cbcd37274efcaff2b4605e948
runs/bounded_expanded_pilot,0,training,16,23,120,30|40|50|60,51383ab427be947c8e636230b15493013bf3849325b90c52e5fe4bc574766407,0455cb33aefc01d04354f44f2c7a7cf3d88006c78a88a079243ec225bd975a73,ae3958644b5789ef9377830cc79900121a5dda2bc74474883c3e1f46d2f6db1b,9db64505a17f02979e2ee4060ae6b4d9d6a48769bf9ba2474ec822a34f3d053a,0d1408d0c08640df93526f90d2bf3d3095c82af445fc43513830d47cc2213467
runs/bounded_expanded_pilot,10,selection_and_exploratory_scoring,16,19,60,30|40|50|60,51383ab427be947c8e636230b15493013bf3849325b90c52e5fe4bc574766407,0455cb33aefc01d04354f44f2c7a7cf3d88006c78a88a079243ec225bd975a73,ae3958644b5789ef9377830cc79900121a5dda2bc74474883c3e1f46d2f6db1b,9db64505a17f02979e2ee4060ae6b4d9d6a48769bf9ba2474ec822a34f3d053a,0d1408d0c08640df93526f90d2bf3d3095c82af445fc43513830d47cc2213467
runs/bounded_expanded_pilot,38,training,16,23,120,30|40|50|60,51383ab427be947c8e636230b15493013bf3849325b90c52e5fe4bc574766407,0455cb33aefc01d04354f44f2c7a7cf3d88006c78a88a079243ec225bd975a73,ae3958644b5789ef9377830cc79900121a5dda2bc74474883c3e1f46d2f6db1b,9db64505a17f02979e2ee4060ae6b4d9d6a48769bf9ba2474ec822a34f3d053a,0d1408d0c08640df93526f90d2bf3d3095c82af445fc43513830d47cc2213467
runs/bounded_expanded_pilot,49,training,16,23,120,30|40|50|60,51383ab427be947c8e636230b15493013bf3849325b90c52e5fe4bc574766407,0455cb33aefc01d04354f44f2c7a7cf3d88006c78a88a079243ec225bd975a73,ae3958644b5789ef9377830cc79900121a5dda2bc74474883c3e1f46d2f6db1b,9db64505a17f02979e2ee4060ae6b4d9d6a48769bf9ba2474ec822a34f3d053a,0d1408d0c08640df93526f90d2bf3d3095c82af445fc43513830d47cc2213467
runs/bounded_expanded_pilot,57,selection_and_exploratory_scoring,16,19,60,30|40|50|60,51383ab427be947c8e636230b15493013bf3849325b90c52e5fe4bc574766407,0455cb33aefc01d04354f44f2c7a7cf3d88006c78a88a079243ec225bd975a73,ae3958644b5789ef9377830cc79900121a5dda2bc74474883c3e1f46d2f6db1b,9db64505a17f02979e2ee4060ae6b4d9d6a48769bf9ba2474ec822a34f3d053a,0d1408d0c08640df93526f90d2bf3d3095c82af445fc43513830d47cc2213467
runs/bounded_expanded_pilot,65,training,16,23,120,30|40|50|60,51383ab427be947c8e636230b15493013bf3849325b90c52e5fe4bc574766407,0455cb33aefc01d04354f44f2c7a7cf3d88006c78a88a079243ec225bd975a73,ae3958644b5789ef9377830cc79900121a5dda2bc74474883c3e1f46d2f6db1b,9db64505a17f02979e2ee4060ae6b4d9d6a48769bf9ba2474ec822a34f3d053a,0d1408d0c08640df93526f90d2bf3d3095c82af445fc43513830d47cc2213467
runs/bounded_expanded_pilot,74,training,16,23,120,30|40|50|60,51383ab427be947c8e636230b15493013bf3849325b90c52e5fe4bc574766407,0455cb33aefc01d04354f44f2c7a7cf3d88006c78a88a079243ec225bd975a73,ae3958644b5789ef9377830cc79900121a5dda2bc74474883c3e1f46d2f6db1b,9db64505a17f02979e2ee4060ae6b4d9d6a48769bf9ba2474ec822a34f3d053a,0d1408d0c08640df93526f90d2bf3d3095c82af445fc43513830d47cc2213467
runs/bounded_expanded_pilot,79,training,16,23,120,30|40|50|60,51383ab427be947c8e636230b15493013bf3849325b90c52e5fe4bc574766407,0455cb33aefc01d04354f44f2c7a7cf3d88006c78a88a079243ec225bd975a73,ae3958644b5789ef9377830cc79900121a5dda2bc74474883c3e1f46d2f6db1b,9db64505a17f02979e2ee4060ae6b4d9d6a48769bf9ba2474ec822a34f3d053a,0d1408d0c08640df93526f90d2bf3d3095c82af445fc43513830d47cc2213467
runs/bounded_expanded_pilot,82,training,16,23,120,30|40|50|60,51383ab427be947c8e636230b15493013bf3849325b90c52e5fe4bc574766407,0455cb33aefc01d04354f44f2c7a7cf3d88006c78a88a079243ec225bd975a73,ae3958644b5789ef9377830cc79900121a5dda2bc74474883c3e1f46d2f6db1b,9db64505a17f02979e2ee4060ae6b4d9d6a48769bf9ba2474ec822a34f3d053a,0d1408d0c08640df93526f90d2bf3d3095c82af445fc43513830d47cc2213467
runs/bounded_expanded_pilot,87,training,16,23,120,30|40|50|60,51383ab427be947c8e636230b15493013bf3849325b90c52e5fe4bc574766407,0455cb33aefc01d04354f44f2c7a7cf3d88006c78a88a079243ec225bd975a73,ae3958644b5789ef9377830cc79900121a5dda2bc74474883c3e1f46d2f6db1b,9db64505a17f02979e2ee4060ae6b4d9d6a48769bf9ba2474ec822a34f3d053a,0d1408d0c08640df93526f90d2bf3d3095c82af445fc43513830d47cc2213467
runs/bounded_expanded_pilot,102,training,16,23,120,30|40|50|60,51383ab427be947c8e636230b15493013bf3849325b90c52e5fe4bc574766407,0455cb33aefc01d04354f44f2c7a7cf3d88006c78a88a079243ec225bd975a73,ae3958644b5789ef9377830cc79900121a5dda2bc74474883c3e1f46d2f6db1b,9db64505a17f02979e2ee4060ae6b4d9d6a48769bf9ba2474ec822a34f3d053a,0d1408d0c08640df93526f90d2bf3d3095c82af445fc43513830d47cc2213467
runs/bounded_expanded_pilot,103,training,16,23,120,30|40|50|60,51383ab427be947c8e636230b15493013bf3849325b90c52e5fe4bc574766407,0455cb33aefc01d04354f44f2c7a7cf3d88006c78a88a079243ec225bd975a73,ae3958644b5789ef9377830cc79900121a5dda2bc74474883c3e1f46d2f6db1b,9db64505a17f02979e2ee4060ae6b4d9d6a48769bf9ba2474ec822a34f3d053a,0d1408d0c08640df93526f90d2bf3d3095c82af445fc43513830d47cc2213467
runs/bounded_omitted_speed,0,training,20,27,180,20|40|60,40470ec0d981b8e7f6f5e4e9c8d721a698afb2076900f246fd5d9ea4898f1bfb,a3ac3a5f1397d5e45e862b60b41173a33f223d3fca459bef6dfd8b7b0741cd91,59065c977fe2c9da496df912c7eeb4bbd2373aa82db299f38fff8d62ccd74afc,32eb2e389da85552ff84e6089b5bc2283d1be0792b01822d6867a1a438c78f99,86eb705168cffb9ab5f6737f33cd9d66ea41cdbefe4203e54891e6b1ba4a22fe
runs/bounded_omitted_speed,10,selection_and_exploratory_scoring,28,25,150,20|30|40|50|60,40470ec0d981b8e7f6f5e4e9c8d721a698afb2076900f246fd5d9ea4898f1bfb,a3ac3a5f1397d5e45e862b60b41173a33f223d3fca459bef6dfd8b7b0741cd91,59065c977fe2c9da496df912c7eeb4bbd2373aa82db299f38fff8d62ccd74afc,32eb2e389da85552ff84e6089b5bc2283d1be0792b01822d6867a1a438c78f99,86eb705168cffb9ab5f6737f33cd9d66ea41cdbefe4203e54891e6b1ba4a22fe
runs/bounded_omitted_speed,38,training,20,27,180,20|40|60,40470ec0d981b8e7f6f5e4e9c8d721a698afb2076900f246fd5d9ea4898f1bfb,a3ac3a5f1397d5e45e862b60b41173a33f223d3fca459bef6dfd8b7b0741cd91,59065c977fe2c9da496df912c7eeb4bbd2373aa82db299f38fff8d62ccd74afc,32eb2e389da85552ff84e6089b5bc2283d1be0792b01822d6867a1a438c78f99,86eb705168cffb9ab5f6737f33cd9d66ea41cdbefe4203e54891e6b1ba4a22fe
runs/bounded_omitted_speed,49,training,20,27,180,20|40|60,40470ec0d981b8e7f6f5e4e9c8d721a698afb2076900f246fd5d9ea4898f1bfb,a3ac3a5f1397d5e45e862b60b41173a33f223d3fca459bef6dfd8b7b0741cd91,59065c977fe2c9da496df912c7eeb4bbd2373aa82db299f38fff8d62ccd74afc,32eb2e389da85552ff84e6089b5bc2283d1be0792b01822d6867a1a438c78f99,86eb705168cffb9ab5f6737f33cd9d66ea41cdbefe4203e54891e6b1ba4a22fe
runs/bounded_omitted_speed,57,selection_and_exploratory_scoring,28,25,150,20|30|40|50|60,40470ec0d981b8e7f6f5e4e9c8d721a698afb2076900f246fd5d9ea4898f1bfb,a3ac3a5f1397d5e45e862b60b41173a33f223d3fca459bef6dfd8b7b0741cd91,59065c977fe2c9da496df912c7eeb4bbd2373aa82db299f38fff8d62ccd74afc,32eb2e389da85552ff84e6089b5bc2283d1be0792b01822d6867a1a438c78f99,86eb705168cffb9ab5f6737f33cd9d66ea41cdbefe4203e54891e6b1ba4a22fe
runs/bounded_omitted_speed,65,training,20,27,180,20|40|60,40470ec0d981b8e7f6f5e4e9c8d721a698afb2076900f246fd5d9ea4898f1bfb,a3ac3a5f1397d5e45e862b60b41173a33f223d3fca459bef6dfd8b7b0741cd91,59065c977fe2c9da496df912c7eeb4bbd2373aa82db299f38fff8d62ccd74afc,32eb2e389da85552ff84e6089b5bc2283d1be0792b01822d6867a1a438c78f99,86eb705168cffb9ab5f6737f33cd9d66ea41cdbefe4203e54891e6b1ba4a22fe
runs/bounded_omitted_speed,74,training,20,27,180,20|40|60,40470ec0d981b8e7f6f5e4e9c8d721a698afb2076900f246fd5d9ea4898f1bfb,a3ac3a5f1397d5e45e862b60b41173a33f223d3fca459bef6dfd8b7b0741cd91,59065c977fe2c9da496df912c7eeb4bbd2373aa82db299f38fff8d62ccd74afc,32eb2e389da85552ff84e6089b5bc2283d1be0792b01822d6867a1a438c78f99,86eb705168cffb9ab5f6737f33cd9d66ea41cdbefe4203e54891e6b1ba4a22fe
runs/bounded_omitted_speed,79,training,20,27,180,20|40|60,40470ec0d981b8e7f6f5e4e9c8d721a698afb2076900f246fd5d9ea4898f1bfb,a3ac3a5f1397d5e45e862b60b41173a33f223d3fca459bef6dfd8b7b0741cd91,59065c977fe2c9da496df912c7eeb4bbd2373aa82db299f38fff8d62ccd74afc,32eb2e389da85552ff84e6089b5bc2283d1be0792b01822d6867a1a438c78f99,86eb705168cffb9ab5f6737f33cd9d66ea41cdbefe4203e54891e6b1ba4a22fe
runs/bounded_omitted_speed,82,training,20,27,180,20|40|60,40470ec0d981b8e7f6f5e4e9c8d721a698afb2076900f246fd5d9ea4898f1bfb,a3ac3a5f1397d5e45e862b60b41173a33f223d3fca459bef6dfd8b7b0741cd91,59065c977fe2c9da496df912c7eeb4bbd2373aa82db299f38fff8d62ccd74afc,32eb2e389da85552ff84e6089b5bc2283d1be0792b01822d6867a1a438c78f99,86eb705168cffb9ab5f6737f33cd9d66ea41cdbefe4203e54891e6b1ba4a22fe
runs/bounded_omitted_speed,87,training,20,27,180,20|40|60,40470ec0d981b8e7f6f5e4e9c8d721a698afb2076900f246fd5d9ea4898f1bfb,a3ac3a5f1397d5e45e862b60b41173a33f223d3fca459bef6dfd8b7b0741cd91,59065c977fe2c9da496df912c7eeb4bbd2373aa82db299f38fff8d62ccd74afc,32eb2e389da85552ff84e6089b5bc2283d1be0792b01822d6867a1a438c78f99,86eb705168cffb9ab5f6737f33cd9d66ea41cdbefe4203e54891e6b1ba4a22fe
runs/bounded_omitted_speed,102,training,20,27,180,20|40|60,40470ec0d981b8e7f6f5e4e9c8d721a698afb2076900f246fd5d9ea4898f1bfb,a3ac3a5f1397d5e45e862b60b41173a33f223d3fca459bef6dfd8b7b0741cd91,59065c977fe2c9da496df912c7eeb4bbd2373aa82db299f38fff8d62ccd74afc,32eb2e389da85552ff84e6089b5bc2283d1be0792b01822d6867a1a438c78f99,86eb705168cffb9ab5f6737f33cd9d66ea41cdbefe4203e54891e6b1ba4a22fe
runs/bounded_omitted_speed,103,training,20,27,180,20|40|60,40470ec0d981b8e7f6f5e4e9c8d721a698afb2076900f246fd5d9ea4898f1bfb,a3ac3a5f1397d5e45e862b60b41173a33f223d3fca459bef6dfd8b7b0741cd91,59065c977fe2c9da496df912c7eeb4bbd2373aa82db299f38fff8d62ccd74afc,32eb2e389da85552ff84e6089b5bc2283d1be0792b01822d6867a1a438c78f99,86eb705168cffb9ab5f6737f33cd9d66ea41cdbefe4203e54891e6b1ba4a22fe
