run,seed,epochs_run,epoch_cap,selected_epoch,reached_cap,best_equal_cell_mae,best_before_tail_mae,tail_best_improvement,tail_relative_improvement,selected_within_tail,primary_history_available
bounded_pilot,0,19,60,9,False,0.801308274269104,0.801308274269104,0.0,0.0,False,False
bounded_pilot,1,19,60,9,False,0.6973122954368591,0.6973122954368591,0.0,0.0,False,False
bounded_pilot,2,19,60,9,False,0.8287029266357422,0.8287029266357422,0.0,0.0,False,False
bounded_expanded_pilot,0,60,60,58,True,0.2496496587991714,0.2578982412815094,0.008248582482338007,0.031983864804003254,True,False
bounded_expanded_pilot,1,60,60,59,True,0.2556314766407013,0.2593641877174377,0.0037327110767363947,0.014391775169835582,True,False
bounded_expanded_pilot,2,60,60,60,True,0.2458737939596176,0.2526872754096985,0.006813481450080899,0.02696408609825625,True,False
bounded_omitted_speed,0,60,60,59,True,0.2857997715473175,0.3088440001010895,0.023044228553771973,0.07461446084828986,True,False
bounded_omitted_speed,1,60,60,60,True,0.2563402652740478,0.2829437255859375,0.026603460311889704,0.09402385671142768,True,False
bounded_omitted_speed,2,60,60,58,True,0.2848211824893951,0.3008219301700592,0.016000747680664118,0.053190097116984296,True,False
