epoch,train_loss,validation_equal_cell_mae,validation_primary_mae,best_equal_cell_mae,selected_epoch,stale_epochs,experiment,seed
1,2.997152042388916,2.964447498321533,2.966862201690674,2.964447498321533,1,0,familiar,0
2,2.9241942882537844,2.8327367305755615,2.83787202835083,2.8327367305755615,2,0,familiar,0
3,2.7381240367889403,2.44023060798645,2.4488577842712402,2.44023060798645,3,0,familiar,0
4,2.181063985824585,1.4916329383850098,1.4911808967590332,1.4916329383850098,4,0,familiar,0
5,1.5326431274414063,1.825500249862671,1.8432023525238037,1.4916329383850098,4,1,familiar,0
6,1.4741901636123658,1.4016191959381104,1.4722726345062256,1.4016191959381104,6,0,familiar,0
7,0.9433570742607117,0.7597766518592834,0.8120021224021912,0.7597766518592834,7,0,familiar,0
8,0.6995875477790833,0.6585184931755066,0.6985594630241394,0.6585184931755066,8,0,familiar,0
9,0.6027935862541198,0.5116239786148071,0.5254998207092285,0.5116239786148071,9,0,familiar,0
10,0.5314905405044555,0.48484006524086,0.5135452747344971,0.48484006524086,10,0,familiar,0
11,0.4919014573097229,0.4676222801208496,0.4821116328239441,0.4676222801208496,11,0,familiar,0
12,0.47301230430603025,0.49305933713912964,0.5174503326416016,0.4676222801208496,11,1,familiar,0
13,0.4654459416866302,0.4359014332294464,0.44414156675338745,0.4359014332294464,13,0,familiar,0
14,0.45343366265296936,0.4763202369213104,0.4997609853744507,0.4359014332294464,13,1,familiar,0
15,0.44223846197128297,0.47566381096839905,0.5027047991752625,0.4359014332294464,13,2,familiar,0
16,0.4343947947025299,0.43868955969810486,0.4551723003387451,0.4359014332294464,13,3,familiar,0
17,0.43599219918251036,0.46235522627830505,0.4914298951625824,0.4359014332294464,13,4,familiar,0
18,0.4312722682952881,0.47118863463401794,0.4874264895915985,0.4359014332294464,13,5,familiar,0
19,0.42568808794021606,0.4340738356113434,0.4562174677848816,0.4340738356113434,19,0,familiar,0
20,0.42392290830612184,0.43116989731788635,0.4584351181983948,0.43116989731788635,20,0,familiar,0
21,0.41861467957496645,0.43337583541870117,0.45475059747695923,0.43116989731788635,20,1,familiar,0
22,0.406918877363205,0.4496076703071594,0.47113165259361267,0.43116989731788635,20,2,familiar,0
23,0.4113795042037964,0.41006767749786377,0.42971932888031006,0.41006767749786377,23,0,familiar,0
24,0.403341943025589,0.39016133546829224,0.397905170917511,0.39016133546829224,24,0,familiar,0
25,0.415445077419281,0.4508480429649353,0.4932768642902374,0.39016133546829224,24,1,familiar,0
26,0.4114444375038147,0.4477841258049011,0.4792238771915436,0.39016133546829224,24,2,familiar,0
27,0.4111596405506134,0.41853633522987366,0.44545912742614746,0.39016133546829224,24,3,familiar,0
28,0.395182865858078,0.40660062432289124,0.43159109354019165,0.39016133546829224,24,4,familiar,0
29,0.398069828748703,0.4025493860244751,0.42443913221359253,0.39016133546829224,24,5,familiar,0
30,0.3959143698215485,0.41955292224884033,0.44797152280807495,0.39016133546829224,24,6,familiar,0
31,0.39521045088768003,0.3887820839881897,0.40719419717788696,0.3887820839881897,31,0,familiar,0
32,0.3960027635097504,0.43171170353889465,0.4688876271247864,0.3887820839881897,31,1,familiar,0
33,0.38993399143218993,0.4112412631511688,0.4366411566734314,0.3887820839881897,31,2,familiar,0
34,0.38759116530418397,0.41554418206214905,0.4490857720375061,0.3887820839881897,31,3,familiar,0
35,0.38188032507896424,0.4015178680419922,0.430450439453125,0.3887820839881897,31,4,familiar,0
36,0.377002614736557,0.4014710783958435,0.4238353967666626,0.3887820839881897,31,5,familiar,0
37,0.3800374150276184,0.40071389079093933,0.4321141839027405,0.3887820839881897,31,6,familiar,0
38,0.38568089008331297,0.39589837193489075,0.4242783188819885,0.3887820839881897,31,7,familiar,0
39,0.38375181555747984,0.41214320063591003,0.4424200654029846,0.3887820839881897,31,8,familiar,0
40,0.37888556718826294,0.39184704422950745,0.4219464063644409,0.3887820839881897,31,9,familiar,0
41,0.36913732886314393,0.396563321352005,0.42308902740478516,0.3887820839881897,31,10,familiar,0
1,2.9683860778808593,2.9670674800872803,2.9688467979431152,2.9670674800872803,1,0,familiar,1
2,2.9051231861114504,2.840758800506592,2.844454765319824,2.840758800506592,2,0,familiar,1
3,2.7132843017578123,2.4865472316741943,2.489780902862549,2.4865472316741943,3,0,familiar,1
4,2.2309684276580812,1.5995460748672485,1.6024543046951294,1.5995460748672485,4,0,familiar,1
5,1.4792664527893067,1.8438947200775146,1.953137755393982,1.5995460748672485,4,1,familiar,1
6,1.5157838106155395,1.4371603727340698,1.503934383392334,1.4371603727340698,6,0,familiar,1
7,0.9671262621879577,0.7578661441802979,0.7803099155426025,0.7578661441802979,7,0,familiar,1
8,0.779442036151886,0.6049705743789673,0.6271817684173584,0.6049705743789673,8,0,familiar,1
9,0.6091708183288574,0.5538933873176575,0.5450228452682495,0.5538933873176575,9,0,familiar,1
10,0.5345021247863769,0.5165430903434753,0.5337056517601013,0.5165430903434753,10,0,familiar,1
11,0.49917914271354674,0.47333717346191406,0.4642801284790039,0.47333717346191406,11,0,familiar,1
12,0.4954829216003418,0.4631328582763672,0.451200932264328,0.4631328582763672,12,0,familiar,1
13,0.4754492282867432,0.4607894718647003,0.4630981683731079,0.4607894718647003,13,0,familiar,1
14,0.4643755853176117,0.4505263566970825,0.43417954444885254,0.4505263566970825,14,0,familiar,1
15,0.46854534149169924,0.44328129291534424,0.440108060836792,0.44328129291534424,15,0,familiar,1
16,0.44760276675224303,0.43731582164764404,0.4410017728805542,0.43731582164764404,16,0,familiar,1
17,0.45278614163398745,0.4376715123653412,0.4351638853549957,0.43731582164764404,16,1,familiar,1
18,0.44748886823654177,0.4256981313228607,0.427525132894516,0.4256981313228607,18,0,familiar,1
19,0.4401344180107117,0.41842398047447205,0.4150394797325134,0.41842398047447205,19,0,familiar,1
20,0.4355846047401428,0.42187201976776123,0.4272806644439697,0.41842398047447205,19,1,familiar,1
21,0.4149720847606659,0.4174972176551819,0.42457446455955505,0.4174972176551819,21,0,familiar,1
22,0.43500334620475767,0.40888866782188416,0.40748828649520874,0.40888866782188416,22,0,familiar,1
23,0.420020204782486,0.4227192997932434,0.44226112961769104,0.40888866782188416,22,1,familiar,1
24,0.42374955415725707,0.4058975279331207,0.39784157276153564,0.4058975279331207,24,0,familiar,1
25,0.4095156192779541,0.4120073914527893,0.43091481924057007,0.4058975279331207,24,1,familiar,1
26,0.40020724534988406,0.40293535590171814,0.4162452816963196,0.40293535590171814,26,0,familiar,1
27,0.4102106630802155,0.3942766487598419,0.39921972155570984,0.3942766487598419,27,0,familiar,1
28,0.40507722496986387,0.3994090259075165,0.4122466444969177,0.3942766487598419,27,1,familiar,1
29,0.3990663945674896,0.3801285922527313,0.37360984086990356,0.3801285922527313,29,0,familiar,1
30,0.40013017058372496,0.38205021619796753,0.3860752284526825,0.3801285922527313,29,1,familiar,1
31,0.3955230116844177,0.38083264231681824,0.3869948983192444,0.3801285922527313,29,2,familiar,1
32,0.3966900706291199,0.3757564425468445,0.37058764696121216,0.3757564425468445,32,0,familiar,1
33,0.38894082903862,0.38160043954849243,0.3886812925338745,0.3757564425468445,32,1,familiar,1
34,0.38835659623146057,0.382627934217453,0.39401713013648987,0.3757564425468445,32,2,familiar,1
35,0.3856308162212372,0.3768998980522156,0.3883746862411499,0.3757564425468445,32,3,familiar,1
36,0.39924933314323424,0.37064117193222046,0.37325310707092285,0.37064117193222046,36,0,familiar,1
37,0.39468740820884707,0.38469934463500977,0.40778008103370667,0.37064117193222046,36,1,familiar,1
38,0.3881355345249176,0.3704823851585388,0.37496089935302734,0.3704823851585388,38,0,familiar,1
39,0.37991148233413696,0.37622547149658203,0.37615108489990234,0.3704823851585388,38,1,familiar,1
40,0.37314574122428895,0.36418911814689636,0.3580644726753235,0.36418911814689636,40,0,familiar,1
41,0.3776075839996338,0.374491423368454,0.3838156461715698,0.36418911814689636,40,1,familiar,1
42,0.38276909589767455,0.3964209258556366,0.3860766291618347,0.36418911814689636,40,2,familiar,1
43,0.3895020842552185,0.3912811279296875,0.39844268560409546,0.36418911814689636,40,3,familiar,1
44,0.391640305519104,0.36718666553497314,0.3611525893211365,0.36418911814689636,40,4,familiar,1
45,0.3792458474636078,0.36834314465522766,0.37260985374450684,0.36418911814689636,40,5,familiar,1
46,0.37417333126068114,0.36167067289352417,0.3618967533111572,0.36167067289352417,46,0,familiar,1
47,0.36190086603164673,0.36117297410964966,0.3554074168205261,0.36117297410964966,47,0,familiar,1
48,0.3788583278656006,0.3824698328971863,0.40636515617370605,0.36117297410964966,47,1,familiar,1
49,0.3801278233528137,0.3582965135574341,0.3503059148788452,0.3582965135574341,49,0,familiar,1
50,0.37544918060302734,0.368778258562088,0.3812687397003174,0.3582965135574341,49,1,familiar,1
51,0.36872961521148684,0.36321479082107544,0.3603469133377075,0.3582965135574341,49,2,familiar,1
52,0.3834472060203552,0.3793094754219055,0.3924482464790344,0.3582965135574341,49,3,familiar,1
53,0.37745319604873656,0.35739994049072266,0.3523976504802704,0.35739994049072266,53,0,familiar,1
54,0.35794875025749207,0.36514538526535034,0.3729898929595947,0.35739994049072266,53,1,familiar,1
55,0.37994714379310607,0.36463671922683716,0.37297648191452026,0.35739994049072266,53,2,familiar,1
56,0.37466431260108946,0.3646841049194336,0.36163684725761414,0.35739994049072266,53,3,familiar,1
57,0.3728764772415161,0.3740439713001251,0.36400890350341797,0.35739994049072266,53,4,familiar,1
58,0.36899330019950866,0.3657188415527344,0.35568660497665405,0.35739994049072266,53,5,familiar,1
59,0.3804840624332428,0.36542317271232605,0.3754042088985443,0.35739994049072266,53,6,familiar,1
60,0.36689605712890627,0.3582795262336731,0.3524009585380554,0.35739994049072266,53,7,familiar,1
61,0.3686636447906494,0.3602348566055298,0.36796268820762634,0.35739994049072266,53,8,familiar,1
62,0.3701879620552063,0.35692110657691956,0.34864041209220886,0.35692110657691956,62,0,familiar,1
63,0.3673157036304474,0.3571024537086487,0.35971879959106445,0.35692110657691956,62,1,familiar,1
64,0.37732654213905337,0.3577267825603485,0.35108065605163574,0.35692110657691956,62,2,familiar,1
65,0.37186856269836427,0.36246344447135925,0.3660169243812561,0.35692110657691956,62,3,familiar,1
66,0.3647462844848633,0.35644495487213135,0.3474348187446594,0.35644495487213135,66,0,familiar,1
67,0.37232035398483276,0.3563423156738281,0.3485230803489685,0.3563423156738281,67,0,familiar,1
68,0.3679141104221344,0.3564116060733795,0.34935253858566284,0.3563423156738281,67,1,familiar,1
69,0.3739202916622162,0.366350382566452,0.37423813343048096,0.3563423156738281,67,2,familiar,1
70,0.35879639387130735,0.3599008023738861,0.35709911584854126,0.3563423156738281,67,3,familiar,1
71,0.36388580203056337,0.3559531569480896,0.35930174589157104,0.3559531569480896,71,0,familiar,1
72,0.36649410128593446,0.35489434003829956,0.35843318700790405,0.35489434003829956,72,0,familiar,1
73,0.3673448920249939,0.35467711091041565,0.3586616814136505,0.35467711091041565,73,0,familiar,1
74,0.3673852741718292,0.3514130413532257,0.3436732292175293,0.3514130413532257,74,0,familiar,1
75,0.35740710496902467,0.35912957787513733,0.36096394062042236,0.3514130413532257,74,1,familiar,1
76,0.3579451382160187,0.34974411129951477,0.34062743186950684,0.34974411129951477,76,0,familiar,1
77,0.3516027808189392,0.35292109847068787,0.3559708595275879,0.34974411129951477,76,1,familiar,1
78,0.3551631987094879,0.3518993556499481,0.35487204790115356,0.34974411129951477,76,2,familiar,1
79,0.3439032554626465,0.3474929928779602,0.34636712074279785,0.3474929928779602,79,0,familiar,1
80,0.3574218153953552,0.35882651805877686,0.3756906986236572,0.3474929928779602,79,1,familiar,1
81,0.3527692496776581,0.35020163655281067,0.33441871404647827,0.3474929928779602,79,2,familiar,1
82,0.3618275046348572,0.35359716415405273,0.36327600479125977,0.3474929928779602,79,3,familiar,1
83,0.3584990680217743,0.3473495543003082,0.3379952609539032,0.3473495543003082,83,0,familiar,1
84,0.3498267292976379,0.3533135652542114,0.36763399839401245,0.3473495543003082,83,1,familiar,1
85,0.3506868898868561,0.3414975702762604,0.33831071853637695,0.3414975702762604,85,0,familiar,1
86,0.35544167160987855,0.3576916456222534,0.3653564751148224,0.3414975702762604,85,1,familiar,1
87,0.3570323705673218,0.3501497805118561,0.34500446915626526,0.3414975702762604,85,2,familiar,1
88,0.35030229687690734,0.3407411575317383,0.3421371281147003,0.3407411575317383,88,0,familiar,1
89,0.36198564767837527,0.3424704670906067,0.3461305499076843,0.3407411575317383,88,1,familiar,1
90,0.35820000767707827,0.34834468364715576,0.34943220019340515,0.3407411575317383,88,2,familiar,1
91,0.3548875331878662,0.3555717170238495,0.362138569355011,0.3407411575317383,88,3,familiar,1
92,0.34053381681442263,0.3478463292121887,0.3413925766944885,0.3407411575317383,88,4,familiar,1
93,0.3479148387908936,0.34626853466033936,0.35078155994415283,0.3407411575317383,88,5,familiar,1
94,0.34211123585700987,0.33334240317344666,0.3308587670326233,0.33334240317344666,94,0,familiar,1
95,0.34311593174934385,0.34169092774391174,0.3473910093307495,0.33334240317344666,94,1,familiar,1
96,0.3458110272884369,0.34502485394477844,0.3489994406700134,0.33334240317344666,94,2,familiar,1
97,0.35059521794319154,0.3336884677410126,0.32781749963760376,0.33334240317344666,94,3,familiar,1
98,0.34743117690086367,0.3342662453651428,0.3347187638282776,0.33334240317344666,94,4,familiar,1
99,0.3435676097869873,0.33369672298431396,0.3344992995262146,0.33334240317344666,94,5,familiar,1
100,0.34492849707603457,0.3383600115776062,0.34716349840164185,0.33334240317344666,94,6,familiar,1
101,0.34166138172149657,0.3302527964115143,0.3197559118270874,0.3302527964115143,101,0,familiar,1
102,0.3384481132030487,0.3426750898361206,0.35404738783836365,0.3302527964115143,101,1,familiar,1
103,0.34300836324691775,0.3318670392036438,0.3252522945404053,0.3302527964115143,101,2,familiar,1
104,0.3368708252906799,0.3389655351638794,0.35104110836982727,0.3302527964115143,101,3,familiar,1
105,0.3475287318229675,0.3380628526210785,0.3474907875061035,0.3302527964115143,101,4,familiar,1
106,0.34840362071990966,0.3309642970561981,0.33316561579704285,0.3302527964115143,101,5,familiar,1
107,0.34949156641960144,0.33078888058662415,0.3323039710521698,0.3302527964115143,101,6,familiar,1
108,0.3360275387763977,0.33650052547454834,0.32863539457321167,0.3302527964115143,101,7,familiar,1
109,0.339396995306015,0.339240163564682,0.34099873900413513,0.3302527964115143,101,8,familiar,1
110,0.32497710585594175,0.3292081654071808,0.3252023458480835,0.3292081654071808,110,0,familiar,1
111,0.33955960869789126,0.32496681809425354,0.3220922350883484,0.32496681809425354,111,0,familiar,1
112,0.33872811794281005,0.3283948302268982,0.32959675788879395,0.32496681809425354,111,1,familiar,1
113,0.34916151165962217,0.32893016934394836,0.329915851354599,0.32496681809425354,111,2,familiar,1
114,0.3426742792129517,0.3232278823852539,0.3185211420059204,0.3232278823852539,114,0,familiar,1
115,0.32654122114181516,0.3260492980480194,0.3288915157318115,0.3232278823852539,114,1,familiar,1
116,0.3368446946144104,0.32622769474983215,0.32396990060806274,0.3232278823852539,114,2,familiar,1
117,0.3331059515476227,0.32991501688957214,0.33370211720466614,0.3232278823852539,114,3,familiar,1
118,0.34481348395347594,0.32861799001693726,0.3304845094680786,0.3232278823852539,114,4,familiar,1
119,0.32436794638633726,0.33113834261894226,0.32293862104415894,0.3232278823852539,114,5,familiar,1
120,0.3292986214160919,0.32668718695640564,0.3161275386810303,0.3232278823852539,114,6,familiar,1
1,2.964338779449463,2.9875853061676025,2.987678050994873,2.9875853061676025,1,0,familiar,2
2,2.9367019653320314,2.9057276248931885,2.9070940017700195,2.9057276248931885,2,0,familiar,2
3,2.832907485961914,2.6723012924194336,2.6735281944274902,2.6723012924194336,3,0,familiar,2
4,2.509723424911499,1.99603271484375,1.9884724617004395,1.99603271484375,4,0,familiar,2
5,1.7871011972427369,1.6563547849655151,1.6968321800231934,1.6563547849655151,5,0,familiar,2
6,1.5762621402740478,1.6596665382385254,1.6894460916519165,1.6563547849655151,5,1,familiar,2
7,1.1439527869224548,0.8152865171432495,0.8270397782325745,0.8152865171432495,7,0,familiar,2
8,0.7920865178108215,0.6175695061683655,0.6165388822555542,0.6175695061683655,8,0,familiar,2
9,0.6282475829124451,0.572368860244751,0.5403152108192444,0.572368860244751,9,0,familiar,2
10,0.5414027154445649,0.5201287269592285,0.5265365839004517,0.5201287269592285,10,0,familiar,2
11,0.5135741651058197,0.4962141811847687,0.480220228433609,0.4962141811847687,11,0,familiar,2
12,0.48519105315208433,0.4476580023765564,0.4367528557777405,0.4476580023765564,12,0,familiar,2
13,0.4650481462478638,0.45637983083724976,0.45079612731933594,0.4476580023765564,12,1,familiar,2
14,0.45207397937774657,0.47290733456611633,0.4716368317604065,0.4476580023765564,12,2,familiar,2
15,0.4334875702857971,0.4476110339164734,0.44705724716186523,0.4476110339164734,15,0,familiar,2
16,0.4334700107574463,0.4315791726112366,0.42368975281715393,0.4315791726112366,16,0,familiar,2
17,0.4355973184108734,0.4783335030078888,0.49511653184890747,0.4315791726112366,16,1,familiar,2
18,0.4343210577964783,0.43116089701652527,0.43302518129348755,0.43116089701652527,18,0,familiar,2
19,0.4266590356826782,0.4172798693180084,0.4178602695465088,0.4172798693180084,19,0,familiar,2
20,0.40335315465927124,0.4118662476539612,0.41447168588638306,0.4118662476539612,20,0,familiar,2
21,0.4170040965080261,0.4223242998123169,0.4262712597846985,0.4118662476539612,20,1,familiar,2
22,0.40251587629318236,0.4355410933494568,0.4483646750450134,0.4118662476539612,20,2,familiar,2
23,0.40938968658447267,0.4081096053123474,0.4044063985347748,0.4081096053123474,23,0,familiar,2
24,0.3960286021232605,0.4310353398323059,0.45012152194976807,0.4081096053123474,23,1,familiar,2
25,0.39043413996696474,0.3883906602859497,0.3874332904815674,0.3883906602859497,25,0,familiar,2
26,0.3906392455101013,0.38975510001182556,0.3966052234172821,0.3883906602859497,25,1,familiar,2
27,0.39033558368682864,0.3887968063354492,0.3954949975013733,0.3883906602859497,25,2,familiar,2
28,0.39029889106750487,0.40373170375823975,0.4159832298755646,0.3883906602859497,25,3,familiar,2
29,0.3969488263130188,0.3904464542865753,0.3993188142776489,0.3883906602859497,25,4,familiar,2
30,0.3848106861114502,0.39581212401390076,0.408217191696167,0.3883906602859497,25,5,familiar,2
31,0.3810512602329254,0.37818220257759094,0.38232865929603577,0.37818220257759094,31,0,familiar,2
32,0.3764773905277252,0.376901239156723,0.3834991157054901,0.376901239156723,32,0,familiar,2
33,0.3867179095745087,0.37590667605400085,0.3802222013473511,0.37590667605400085,33,0,familiar,2
34,0.38526721596717833,0.38510021567344666,0.39326411485671997,0.37590667605400085,33,1,familiar,2
35,0.38425283432006835,0.37817198038101196,0.38266730308532715,0.37590667605400085,33,2,familiar,2
36,0.37189879417419436,0.3898884952068329,0.4062304198741913,0.37590667605400085,33,3,familiar,2
37,0.36959661841392516,0.3767322599887848,0.3877778649330139,0.37590667605400085,33,4,familiar,2
38,0.37838042378425596,0.3835251033306122,0.39420628547668457,0.37590667605400085,33,5,familiar,2
39,0.36522597074508667,0.3806447982788086,0.39254075288772583,0.37590667605400085,33,6,familiar,2
40,0.38718873262405396,0.36934152245521545,0.3731621205806732,0.36934152245521545,40,0,familiar,2
41,0.373246830701828,0.37464407086372375,0.3798184394836426,0.36934152245521545,40,1,familiar,2
42,0.3725685000419617,0.3641037046909332,0.3663144111633301,0.3641037046909332,42,0,familiar,2
43,0.3815982758998871,0.37181732058525085,0.3790586590766907,0.3641037046909332,42,1,familiar,2
44,0.37875619530677795,0.355654776096344,0.346964031457901,0.355654776096344,44,0,familiar,2
45,0.3634085595607758,0.37704312801361084,0.3839166760444641,0.355654776096344,44,1,familiar,2
46,0.3657021462917328,0.35771626234054565,0.3578178286552429,0.355654776096344,44,2,familiar,2
47,0.3710854411125183,0.3727821409702301,0.38128674030303955,0.355654776096344,44,3,familiar,2
48,0.3685512900352478,0.3578742444515228,0.35620391368865967,0.355654776096344,44,4,familiar,2
49,0.3676212191581726,0.3788619637489319,0.3936806321144104,0.355654776096344,44,5,familiar,2
50,0.3715831935405731,0.37812817096710205,0.3931717872619629,0.355654776096344,44,6,familiar,2
51,0.3608729064464569,0.36518386006355286,0.37873348593711853,0.355654776096344,44,7,familiar,2
52,0.36905646324157715,0.35996192693710327,0.3698393702507019,0.355654776096344,44,8,familiar,2
53,0.3582897424697876,0.35395658016204834,0.3557308316230774,0.35395658016204834,53,0,familiar,2
54,0.374542373418808,0.3776128590106964,0.39351123571395874,0.35395658016204834,53,1,familiar,2
55,0.3621110558509827,0.36655744910240173,0.38048452138900757,0.35395658016204834,53,2,familiar,2
56,0.3641008198261261,0.3674755394458771,0.3718341588973999,0.35395658016204834,53,3,familiar,2
57,0.36191241145133973,0.3624463379383087,0.3688790202140808,0.35395658016204834,53,4,familiar,2
58,0.36123800873756406,0.34888550639152527,0.3512394428253174,0.34888550639152527,58,0,familiar,2
59,0.35850569009780886,0.3716987073421478,0.3845795691013336,0.34888550639152527,58,1,familiar,2
60,0.3562395632266998,0.3536262512207031,0.35566484928131104,0.34888550639152527,58,2,familiar,2
61,0.3505746304988861,0.38198667764663696,0.39977967739105225,0.34888550639152527,58,3,familiar,2
62,0.35395280718803407,0.3694790005683899,0.3825041353702545,0.34888550639152527,58,4,familiar,2
63,0.3549225389957428,0.37002435326576233,0.3820878565311432,0.34888550639152527,58,5,familiar,2
64,0.3482235074043274,0.37834712862968445,0.3919603228569031,0.34888550639152527,58,6,familiar,2
65,0.35217302441596987,0.37294870615005493,0.385031521320343,0.34888550639152527,58,7,familiar,2
66,0.35128442049026487,0.35609039664268494,0.3654870390892029,0.34888550639152527,58,8,familiar,2
67,0.3524734556674957,0.360948771238327,0.37054842710494995,0.34888550639152527,58,9,familiar,2
68,0.3462535798549652,0.362678200006485,0.3720698356628418,0.34888550639152527,58,10,familiar,2
1,3.014366292953491,2.9644775390625,2.966855525970459,2.9644775390625,1,0,omitted,0
2,2.933959627151489,2.8329555988311768,2.837773561477661,2.8329555988311768,2,0,omitted,0
3,2.7372395038604735,2.4382729530334473,2.445866823196411,2.4382729530334473,3,0,omitted,0
4,2.179320287704468,1.4863947629928589,1.484433889389038,1.4863947629928589,4,0,omitted,0
5,1.531134343147278,1.8155474662780762,1.8341920375823975,1.4863947629928589,4,1,omitted,0
6,1.4704349517822266,1.383370280265808,1.4551239013671875,1.383370280265808,6,0,omitted,0
7,0.9403767108917236,0.7586600184440613,0.810379683971405,0.7586600184440613,7,0,omitted,0
8,0.713772988319397,0.6628333926200867,0.7042299509048462,0.6628333926200867,8,0,omitted,0
9,0.6167678356170654,0.5230944156646729,0.5283479690551758,0.5230944156646729,9,0,omitted,0
10,0.544236958026886,0.4966074526309967,0.5333888530731201,0.4966074526309967,10,0,omitted,0
11,0.5031943142414093,0.4689210057258606,0.4918563961982727,0.4689210057258606,11,0,omitted,0
12,0.4785187005996704,0.48229435086250305,0.5005972981452942,0.4689210057258606,11,1,omitted,0
13,0.46905027627944945,0.43860486149787903,0.44899582862854004,0.43860486149787903,13,0,omitted,0
14,0.45003711581230166,0.4649767577648163,0.4904513955116272,0.43860486149787903,13,1,omitted,0
15,0.441217315196991,0.4717361629009247,0.4869813919067383,0.43860486149787903,13,2,omitted,0
16,0.4525668978691101,0.44790923595428467,0.47065335512161255,0.43860486149787903,13,3,omitted,0
17,0.4327954053878784,0.4563427269458771,0.48768994212150574,0.43860486149787903,13,4,omitted,0
18,0.4327188491821289,0.43590375781059265,0.4397943615913391,0.43590375781059265,18,0,omitted,0
19,0.4198191285133362,0.4460609555244446,0.47059524059295654,0.43590375781059265,18,1,omitted,0
20,0.42208765149116517,0.41658100485801697,0.43319249153137207,0.41658100485801697,20,0,omitted,0
21,0.4171227395534515,0.4197133183479309,0.4362514019012451,0.41658100485801697,20,1,omitted,0
22,0.4129613995552063,0.4543173015117645,0.48625510931015015,0.41658100485801697,20,2,omitted,0
23,0.4094197988510132,0.4208478331565857,0.4443885087966919,0.41658100485801697,20,3,omitted,0
24,0.3914304733276367,0.40043672919273376,0.4222303330898285,0.40043672919273376,24,0,omitted,0
25,0.3993911623954773,0.4131894111633301,0.4478355646133423,0.40043672919273376,24,1,omitted,0
26,0.39994760751724245,0.40538498759269714,0.4369935989379883,0.40043672919273376,24,2,omitted,0
27,0.3933640122413635,0.4286026656627655,0.45776402950286865,0.40043672919273376,24,3,omitted,0
28,0.3833127200603485,0.44163328409194946,0.48493853211402893,0.40043672919273376,24,4,omitted,0
29,0.38464912176132204,0.4154455065727234,0.4445229172706604,0.40043672919273376,24,5,omitted,0
30,0.38123513460159303,0.4399969279766083,0.47700631618499756,0.40043672919273376,24,6,omitted,0
31,0.38989543318748476,0.40079984068870544,0.4230654239654541,0.40043672919273376,24,7,omitted,0
32,0.3963355660438538,0.43059131503105164,0.47463011741638184,0.40043672919273376,24,8,omitted,0
33,0.38361712694168093,0.3869120180606842,0.4053763151168823,0.3869120180606842,33,0,omitted,0
34,0.3764976918697357,0.3988061547279358,0.432212233543396,0.3869120180606842,33,1,omitted,0
35,0.3758462369441986,0.4154165983200073,0.4560551047325134,0.3869120180606842,33,2,omitted,0
36,0.37388131618499754,0.3729492127895355,0.3802446126937866,0.3729492127895355,36,0,omitted,0
37,0.37498008012771605,0.3979339003562927,0.4321589469909668,0.3729492127895355,36,1,omitted,0
38,0.38757506012916565,0.3715757131576538,0.38900405168533325,0.3715757131576538,38,0,omitted,0
39,0.37155556082725527,0.38941749930381775,0.4157218039035797,0.3715757131576538,38,1,omitted,0
40,0.37505189776420594,0.3832279443740845,0.4062546193599701,0.3715757131576538,38,2,omitted,0
41,0.3649814248085022,0.3853708505630493,0.41008394956588745,0.3715757131576538,38,3,omitted,0
42,0.37154223322868346,0.38985520601272583,0.41565972566604614,0.3715757131576538,38,4,omitted,0
43,0.37472605109214785,0.4074850380420685,0.44412142038345337,0.3715757131576538,38,5,omitted,0
44,0.37599084377288816,0.372732013463974,0.39037296175956726,0.3715757131576538,38,6,omitted,0
45,0.3731557488441467,0.43175843358039856,0.4832867383956909,0.3715757131576538,38,7,omitted,0
46,0.3781571686267853,0.3649161756038666,0.37044206261634827,0.3649161756038666,46,0,omitted,0
47,0.3724544048309326,0.39462947845458984,0.430581271648407,0.3649161756038666,46,1,omitted,0
48,0.36889182925224306,0.37226343154907227,0.3910056948661804,0.3649161756038666,46,2,omitted,0
49,0.35999745726585386,0.3710518181324005,0.3909660279750824,0.3649161756038666,46,3,omitted,0
50,0.3653836131095886,0.3816003203392029,0.4090816378593445,0.3649161756038666,46,4,omitted,0
51,0.36931471824645995,0.3780549168586731,0.40114542841911316,0.3649161756038666,46,5,omitted,0
52,0.36473039388656614,0.3653154671192169,0.38100874423980713,0.3649161756038666,46,6,omitted,0
53,0.37035986185073855,0.3628775477409363,0.3786301612854004,0.3628775477409363,53,0,omitted,0
54,0.36040821075439455,0.3801325261592865,0.40593528747558594,0.3628775477409363,53,1,omitted,0
55,0.3667958080768585,0.3603978157043457,0.3712984323501587,0.3603978157043457,55,0,omitted,0
56,0.3734434127807617,0.36236557364463806,0.37879088521003723,0.3603978157043457,55,1,omitted,0
57,0.3608320474624634,0.36555036902427673,0.38487815856933594,0.3603978157043457,55,2,omitted,0
58,0.36362709403038024,0.38933804631233215,0.42438411712646484,0.3603978157043457,55,3,omitted,0
59,0.35977885127067566,0.3530331552028656,0.3621961772441864,0.3530331552028656,59,0,omitted,0
60,0.3553753674030304,0.3787614703178406,0.40635934472084045,0.3530331552028656,59,1,omitted,0
61,0.3491998314857483,0.3536504805088043,0.3632516860961914,0.3530331552028656,59,2,omitted,0
62,0.3589638710021973,0.3624590337276459,0.3796422481536865,0.3530331552028656,59,3,omitted,0
63,0.37104091644287107,0.3696337342262268,0.39531153440475464,0.3530331552028656,59,4,omitted,0
64,0.3719567358493805,0.38565337657928467,0.4141795337200165,0.3530331552028656,59,5,omitted,0
65,0.3529996991157532,0.3880348801612854,0.41982775926589966,0.3530331552028656,59,6,omitted,0
66,0.3508727729320526,0.3884238600730896,0.42386502027511597,0.3530331552028656,59,7,omitted,0
67,0.3405219793319702,0.3704390823841095,0.3984641432762146,0.3530331552028656,59,8,omitted,0
68,0.34936159253120425,0.37173739075660706,0.3991278409957886,0.3530331552028656,59,9,omitted,0
69,0.34317387342453004,0.3694969415664673,0.3949125409126282,0.3530331552028656,59,10,omitted,0
1,2.98423228263855,2.9674925804138184,2.9692583084106445,2.9674925804138184,1,0,omitted,1
2,2.9190669536590574,2.8416736125946045,2.8453989028930664,2.8416736125946045,2,0,omitted,1
3,2.726398801803589,2.488760471343994,2.49223256111145,2.488760471343994,3,0,omitted,1
4,2.2370302438735963,1.5941203832626343,1.5949609279632568,1.5941203832626343,4,0,omitted,1
5,1.4754074573516847,1.8462096452713013,1.9451956748962402,1.5941203832626343,4,1,omitted,1
6,1.5214167356491088,1.463215708732605,1.5225101709365845,1.463215708732605,6,0,omitted,1
7,0.9919369220733643,0.7402092814445496,0.7609573602676392,0.7402092814445496,7,0,omitted,1
8,0.7643479228019714,0.5974849462509155,0.6136674880981445,0.5974849462509155,8,0,omitted,1
9,0.6112785696983337,0.5481805801391602,0.5320974588394165,0.5481805801391602,9,0,omitted,1
10,0.5468971490859985,0.5071496367454529,0.5215950012207031,0.5071496367454529,10,0,omitted,1
11,0.5120098769664765,0.468506395816803,0.4580393433570862,0.468506395816803,11,0,omitted,1
12,0.49308325052261354,0.45669442415237427,0.44345948100090027,0.45669442415237427,12,0,omitted,1
13,0.49492459297180175,0.4698571562767029,0.4748166799545288,0.45669442415237427,12,1,omitted,1
14,0.4852845072746277,0.45018044114112854,0.4322323799133301,0.45018044114112854,14,0,omitted,1
15,0.4830160617828369,0.44031158089637756,0.43821680545806885,0.44031158089637756,15,0,omitted,1
16,0.45732675194740297,0.43219664692878723,0.42960047721862793,0.43219664692878723,16,0,omitted,1
17,0.45640809535980226,0.4289413392543793,0.4221266806125641,0.4289413392543793,17,0,omitted,1
18,0.4496867537498474,0.44196435809135437,0.4479130506515503,0.4289413392543793,17,1,omitted,1
19,0.451761269569397,0.4255000948905945,0.41937118768692017,0.4255000948905945,19,0,omitted,1
20,0.4446616888046265,0.4164772033691406,0.417133629322052,0.4164772033691406,20,0,omitted,1
21,0.4281783223152161,0.4091750383377075,0.40410202741622925,0.4091750383377075,21,0,omitted,1
22,0.44007444381713867,0.4115027189254761,0.40418264269828796,0.4091750383377075,21,1,omitted,1
23,0.4184331178665161,0.4128510057926178,0.42486268281936646,0.4091750383377075,21,2,omitted,1
24,0.42361865043640134,0.3984442353248596,0.3861600160598755,0.3984442353248596,24,0,omitted,1
25,0.4199480950832367,0.4065890610218048,0.4218846559524536,0.3984442353248596,24,1,omitted,1
26,0.4018023133277893,0.3950648605823517,0.39733660221099854,0.3950648605823517,26,0,omitted,1
27,0.41518272161483766,0.3947819769382477,0.40057963132858276,0.3947819769382477,27,0,omitted,1
28,0.41240598559379577,0.38542646169662476,0.38390523195266724,0.38542646169662476,28,0,omitted,1
29,0.39971580505371096,0.37961530685424805,0.37156951427459717,0.37961530685424805,29,0,omitted,1
30,0.40940932631492616,0.37815824151039124,0.38186198472976685,0.37815824151039124,30,0,omitted,1
31,0.39977744221687317,0.37632015347480774,0.37334123253822327,0.37632015347480774,31,0,omitted,1
32,0.3975683987140656,0.38205158710479736,0.39065682888031006,0.37632015347480774,31,1,omitted,1
33,0.39170292019844055,0.37052658200263977,0.36397647857666016,0.37052658200263977,33,0,omitted,1
34,0.382001656293869,0.3705441653728485,0.3785378932952881,0.37052658200263977,33,1,omitted,1
35,0.384286230802536,0.3683886229991913,0.3705633282661438,0.3683886229991913,35,0,omitted,1
36,0.38802197575569153,0.3722745478153229,0.3573579788208008,0.3683886229991913,35,1,omitted,1
37,0.3919591665267944,0.3831843137741089,0.39075082540512085,0.3683886229991913,35,2,omitted,1
38,0.3810818731784821,0.36477312445640564,0.358721524477005,0.36477312445640564,38,0,omitted,1
39,0.3873300075531006,0.36066871881484985,0.3649838864803314,0.36066871881484985,39,0,omitted,1
40,0.37584280371665957,0.3631538450717926,0.37653571367263794,0.36066871881484985,39,1,omitted,1
41,0.3808532178401947,0.3705298602581024,0.38934803009033203,0.36066871881484985,39,2,omitted,1
42,0.38016400933265687,0.3668838441371918,0.36609140038490295,0.36066871881484985,39,3,omitted,1
43,0.3868874669075012,0.38265830278396606,0.371378630399704,0.36066871881484985,39,4,omitted,1
44,0.390071964263916,0.3681436777114868,0.35452377796173096,0.36066871881484985,39,5,omitted,1
45,0.38100016713142393,0.36093348264694214,0.3638386130332947,0.36066871881484985,39,6,omitted,1
46,0.36729525923728945,0.35814258456230164,0.34821492433547974,0.35814258456230164,46,0,omitted,1
47,0.36243516206741333,0.3571491539478302,0.34918212890625,0.3571491539478302,47,0,omitted,1
48,0.37470372319221495,0.36603692173957825,0.3806265592575073,0.3571491539478302,47,1,omitted,1
49,0.372952800989151,0.3560080826282501,0.35197746753692627,0.3560080826282501,49,0,omitted,1
50,0.3812309801578522,0.3646593391895294,0.37554875016212463,0.3560080826282501,49,1,omitted,1
51,0.3677045702934265,0.3553834557533264,0.35336989164352417,0.3553834557533264,51,0,omitted,1
52,0.3739544630050659,0.3510097861289978,0.3480794429779053,0.3510097861289978,52,0,omitted,1
53,0.36940383315086367,0.3521728515625,0.35199496150016785,0.3510097861289978,52,1,omitted,1
54,0.35198171734809874,0.3609163463115692,0.3415813744068146,0.3510097861289978,52,2,omitted,1
55,0.366230833530426,0.3738937973976135,0.39444613456726074,0.3510097861289978,52,3,omitted,1
56,0.35816521048545835,0.3534097373485565,0.34142130613327026,0.3510097861289978,52,4,omitted,1
57,0.37452876567840576,0.35685575008392334,0.3594285845756531,0.3510097861289978,52,5,omitted,1
58,0.3732002735137939,0.35186824202537537,0.3391004800796509,0.3510097861289978,52,6,omitted,1
59,0.36834668517112734,0.35116368532180786,0.34404805302619934,0.3510097861289978,52,7,omitted,1
60,0.36770120859146116,0.3491378128528595,0.3473743200302124,0.3491378128528595,60,0,omitted,1
61,0.3681940495967865,0.3531891107559204,0.353049099445343,0.3491378128528595,60,1,omitted,1
62,0.3650348484516144,0.3532060384750366,0.3561033308506012,0.3491378128528595,60,2,omitted,1
63,0.36343889832496645,0.34778308868408203,0.34200775623321533,0.34778308868408203,63,0,omitted,1
64,0.3861098766326904,0.34691622853279114,0.3364017605781555,0.34691622853279114,64,0,omitted,1
65,0.36791257858276366,0.3442789316177368,0.3346828818321228,0.3442789316177368,65,0,omitted,1
66,0.37532883882522583,0.3503531813621521,0.35734933614730835,0.3442789316177368,65,1,omitted,1
67,0.3590295255184174,0.34883737564086914,0.3404238820075989,0.3442789316177368,65,2,omitted,1
68,0.36150422096252444,0.34480515122413635,0.3434433937072754,0.3442789316177368,65,3,omitted,1
69,0.36748098134994506,0.34695523977279663,0.34199994802474976,0.3442789316177368,65,4,omitted,1
70,0.3556830048561096,0.34102028608322144,0.3322169780731201,0.34102028608322144,70,0,omitted,1
71,0.3560624420642853,0.3469621241092682,0.3532138764858246,0.34102028608322144,70,1,omitted,1
72,0.3594263195991516,0.33970850706100464,0.33603814244270325,0.33970850706100464,72,0,omitted,1
73,0.36752769947052,0.3450208008289337,0.3463388681411743,0.33970850706100464,72,1,omitted,1
74,0.35180039405822755,0.3475426137447357,0.33059993386268616,0.33970850706100464,72,2,omitted,1
75,0.36472234725952146,0.3544537425041199,0.34944918751716614,0.33970850706100464,72,3,omitted,1
76,0.3583585679531097,0.3430366516113281,0.32712140679359436,0.33970850706100464,72,4,omitted,1
77,0.36435874700546267,0.3553867042064667,0.3668559789657593,0.33970850706100464,72,5,omitted,1
78,0.3493692874908447,0.3344363868236542,0.3225405514240265,0.3344363868236542,78,0,omitted,1
79,0.3374100923538208,0.34007397294044495,0.34773480892181396,0.3344363868236542,78,1,omitted,1
80,0.34542361497879026,0.33549991250038147,0.3367938995361328,0.3344363868236542,78,2,omitted,1
81,0.33890588879585265,0.3350428640842438,0.3229120969772339,0.3344363868236542,78,3,omitted,1
82,0.34712457060813906,0.3406534194946289,0.3511623740196228,0.3344363868236542,78,4,omitted,1
83,0.34220499992370607,0.3256159722805023,0.3216118812561035,0.3256159722805023,83,0,omitted,1
84,0.34661121368408204,0.3368442952632904,0.34301134943962097,0.3256159722805023,83,1,omitted,1
85,0.3358253240585327,0.3268199861049652,0.320676326751709,0.3256159722805023,83,2,omitted,1
86,0.3456187665462494,0.3325508236885071,0.33135730028152466,0.3256159722805023,83,3,omitted,1
87,0.35014697909355164,0.32830730080604553,0.32385706901550293,0.3256159722805023,83,4,omitted,1
88,0.3442276418209076,0.32844358682632446,0.33216550946235657,0.3256159722805023,83,5,omitted,1
89,0.3416178643703461,0.3242782950401306,0.32124900817871094,0.3242782950401306,89,0,omitted,1
90,0.35744543075561525,0.346260130405426,0.36664336919784546,0.3242782950401306,89,1,omitted,1
91,0.35883974432945254,0.33942192792892456,0.35156792402267456,0.3242782950401306,89,2,omitted,1
92,0.34921584129333494,0.32834532856941223,0.3333015441894531,0.3242782950401306,89,3,omitted,1
93,0.34004870653152464,0.33074575662612915,0.34162434935569763,0.3242782950401306,89,4,omitted,1
94,0.33827821612358094,0.3198379576206207,0.31468892097473145,0.3198379576206207,94,0,omitted,1
95,0.33737340569496155,0.32412803173065186,0.32149454951286316,0.3198379576206207,94,1,omitted,1
96,0.3320959985256195,0.3218455910682678,0.31312429904937744,0.3198379576206207,94,2,omitted,1
97,0.3352815270423889,0.32124048471450806,0.31363409757614136,0.3198379576206207,94,3,omitted,1
98,0.33626283407211305,0.32093414664268494,0.3158041536808014,0.3198379576206207,94,4,omitted,1
99,0.32911654114723204,0.32577815651893616,0.31823045015335083,0.3198379576206207,94,5,omitted,1
100,0.3283166646957397,0.32695478200912476,0.3257405757904053,0.3198379576206207,94,6,omitted,1
101,0.3369951546192169,0.32079365849494934,0.32170671224594116,0.3198379576206207,94,7,omitted,1
102,0.33586918115615844,0.3187014162540436,0.3172718286514282,0.3187014162540436,102,0,omitted,1
103,0.3369587540626526,0.31783968210220337,0.30958518385887146,0.31783968210220337,103,0,omitted,1
104,0.33469719290733335,0.32509946823120117,0.3308512568473816,0.31783968210220337,103,1,omitted,1
105,0.3305541455745697,0.3214993178844452,0.32685184478759766,0.31783968210220337,103,2,omitted,1
106,0.3441980183124542,0.32386651635169983,0.33372777700424194,0.31783968210220337,103,3,omitted,1
107,0.34277894496917727,0.32116758823394775,0.32272589206695557,0.31783968210220337,103,4,omitted,1
108,0.33136422038078306,0.3167298436164856,0.3172152638435364,0.3167298436164856,108,0,omitted,1
109,0.32636394500732424,0.32143765687942505,0.3218558430671692,0.3167298436164856,108,1,omitted,1
110,0.32408124804496763,0.31620141863822937,0.30610477924346924,0.31620141863822937,110,0,omitted,1
111,0.341987270116806,0.3196224868297577,0.32353219389915466,0.31620141863822937,110,1,omitted,1
112,0.3412172794342041,0.31265586614608765,0.3085736632347107,0.31265586614608765,112,0,omitted,1
113,0.33479297161102295,0.3157481849193573,0.3149271011352539,0.31265586614608765,112,1,omitted,1
114,0.33222547769546507,0.3139282166957855,0.30227625370025635,0.31265586614608765,112,2,omitted,1
115,0.3224980294704437,0.31843358278274536,0.3187045454978943,0.31265586614608765,112,3,omitted,1
116,0.3328524112701416,0.3125223219394684,0.3109915256500244,0.3125223219394684,116,0,omitted,1
117,0.3321893155574799,0.3166895806789398,0.3142884373664856,0.3125223219394684,116,1,omitted,1
118,0.32913669347763064,0.3190440237522125,0.31769517064094543,0.3125223219394684,116,2,omitted,1
119,0.32710878252983094,0.31310003995895386,0.3071025013923645,0.3125223219394684,116,3,omitted,1
120,0.3219450652599335,0.3268161714076996,0.33912667632102966,0.3125223219394684,116,4,omitted,1
1,2.9732086658477783,2.9872477054595947,2.9873502254486084,2.9872477054595947,1,0,omitted,2
2,2.948852777481079,2.903974771499634,2.905395746231079,2.903974771499634,2,0,omitted,2
3,2.8476558208465574,2.6649575233459473,2.6663148403167725,2.6649575233459473,3,0,omitted,2
4,2.5199310779571533,1.971606969833374,1.9643548727035522,1.971606969833374,4,0,omitted,2
5,1.7879478454589843,1.661116123199463,1.6960153579711914,1.661116123199463,5,0,omitted,2
6,1.563824200630188,1.6754382848739624,1.697405457496643,1.661116123199463,5,1,omitted,2
7,1.1317781448364257,0.7837851643562317,0.7873634099960327,0.7837851643562317,7,0,omitted,2
8,0.7845150113105774,0.6106818318367004,0.6099522113800049,0.6106818318367004,8,0,omitted,2
9,0.6320020914077759,0.5697199106216431,0.5452221632003784,0.5697199106216431,9,0,omitted,2
10,0.5474949240684509,0.4925124943256378,0.48962271213531494,0.4925124943256378,10,0,omitted,2
11,0.497559130191803,0.48290687799453735,0.4689497649669647,0.48290687799453735,11,0,omitted,2
12,0.4779181957244873,0.4532438814640045,0.44592586159706116,0.4532438814640045,12,0,omitted,2
13,0.4641754746437073,0.42604130506515503,0.4141077399253845,0.42604130506515503,13,0,omitted,2
14,0.45515578985214233,0.4739578664302826,0.4735567569732666,0.42604130506515503,13,1,omitted,2
15,0.44014737010002136,0.4595547318458557,0.45228442549705505,0.42604130506515503,13,2,omitted,2
16,0.42117618322372435,0.43959811329841614,0.4400104880332947,0.42604130506515503,13,3,omitted,2
17,0.42310585379600524,0.431352823972702,0.4384085536003113,0.42604130506515503,13,4,omitted,2
18,0.4240837335586548,0.41079434752464294,0.41157349944114685,0.41079434752464294,18,0,omitted,2
19,0.4337788701057434,0.4561389684677124,0.4567309617996216,0.41079434752464294,18,1,omitted,2
20,0.4093636989593506,0.39408668875694275,0.3896403908729553,0.39408668875694275,20,0,omitted,2
21,0.4177877426147461,0.3997460603713989,0.4031568169593811,0.39408668875694275,20,1,omitted,2
22,0.39876670241355894,0.43698999285697937,0.4562615156173706,0.39408668875694275,20,2,omitted,2
23,0.4039511263370514,0.42329204082489014,0.4244875907897949,0.39408668875694275,20,3,omitted,2
24,0.39040144085884093,0.4108666479587555,0.4257560968399048,0.39408668875694275,20,4,omitted,2
25,0.38319216966629027,0.3905624747276306,0.399491548538208,0.3905624747276306,25,0,omitted,2
26,0.3826658546924591,0.3825397789478302,0.39027050137519836,0.3825397789478302,26,0,omitted,2
27,0.3878500580787659,0.38767319917678833,0.39667752385139465,0.3825397789478302,26,1,omitted,2
28,0.38624542355537417,0.3883682191371918,0.39729827642440796,0.3825397789478302,26,2,omitted,2
29,0.3860172152519226,0.40420809388160706,0.4258127510547638,0.3825397789478302,26,3,omitted,2
30,0.37610913515090943,0.3895038068294525,0.40238136053085327,0.3825397789478302,26,4,omitted,2
31,0.3935940682888031,0.3948154151439667,0.41073793172836304,0.3825397789478302,26,5,omitted,2
32,0.3774601459503174,0.39743563532829285,0.41700923442840576,0.3825397789478302,26,6,omitted,2
33,0.3769388496875763,0.4135003387928009,0.4343274235725403,0.3825397789478302,26,7,omitted,2
34,0.38296321630477903,0.4015141725540161,0.41933441162109375,0.3825397789478302,26,8,omitted,2
35,0.38177030086517333,0.3634576201438904,0.37200677394866943,0.3634576201438904,35,0,omitted,2
36,0.3673367738723755,0.3601788580417633,0.36237043142318726,0.3601788580417633,36,0,omitted,2
37,0.36832140684127807,0.36320799589157104,0.3685739040374756,0.3601788580417633,36,1,omitted,2
38,0.37071114778518677,0.36729320883750916,0.37983304262161255,0.3601788580417633,36,2,omitted,2
39,0.3612566709518433,0.38183844089508057,0.40103471279144287,0.3601788580417633,36,3,omitted,2
40,0.38224260210990907,0.36250293254852295,0.3702995181083679,0.3601788580417633,36,4,omitted,2
41,0.3754676282405853,0.3744009733200073,0.3844444453716278,0.3601788580417633,36,5,omitted,2
42,0.3676207959651947,0.37970197200775146,0.40115517377853394,0.3601788580417633,36,6,omitted,2
43,0.3814315915107727,0.38334208726882935,0.40511295199394226,0.3601788580417633,36,7,omitted,2
44,0.37000071406364443,0.3819751441478729,0.39683249592781067,0.3601788580417633,36,8,omitted,2
45,0.3635491967201233,0.38078728318214417,0.39626866579055786,0.3601788580417633,36,9,omitted,2
46,0.360327935218811,0.3888656497001648,0.4128938913345337,0.3601788580417633,36,10,omitted,2
