partition,orientation,model,protocol,duration_s,contrast,mean_difference,ci95_low,ci95_high,groups,experiment
selection,forward,conditions_only,direction,0.25,omitted_minus_familiar,-0.005234756109506383,-0.013260482267625329,0.002790970048612562,2,
selection,forward,conditions_only,direction,0.5,omitted_minus_familiar,-0.005234756109506383,-0.013260482267625329,0.002790970048612562,2,
selection,forward,conditions_only,direction,1.0,omitted_minus_familiar,-0.005234756109506383,-0.013260482267625329,0.002790970048612562,2,
selection,forward,conditions_only,load,0.25,omitted_minus_familiar,-0.005234756109506383,-0.013260482267625329,0.002790970048612562,2,
selection,forward,conditions_only,load,0.5,omitted_minus_familiar,-0.005234756109506383,-0.013260482267625329,0.002790970048612562,2,
selection,forward,conditions_only,load,1.0,omitted_minus_familiar,-0.005234756109506383,-0.013260482267625329,0.002790970048612562,2,
selection,forward,conditions_only,repeat,0.25,omitted_minus_familiar,-0.005234756109506383,-0.013260482267625329,0.002790970048612562,2,
selection,forward,conditions_only,repeat,0.5,omitted_minus_familiar,-0.005234756109506383,-0.013260482267625329,0.002790970048612562,2,
selection,forward,conditions_only,repeat,1.0,omitted_minus_familiar,-0.005234756109506383,-0.013260482267625329,0.002790970048612562,2,
selection,forward,conditions_only,single,0.25,omitted_minus_familiar,-0.005234756109506383,-0.013260482267625329,0.002790970048612562,2,
selection,forward,conditions_only,single,0.5,omitted_minus_familiar,-0.005234756109506383,-0.013260482267625329,0.002790970048612562,2,
selection,forward,conditions_only,single,1.0,omitted_minus_familiar,-0.005234756109506383,-0.013260482267625329,0.002790970048612562,2,
selection,forward,conditions_only,speed,0.25,omitted_minus_familiar,-0.005234756109506383,-0.013260482267625329,0.002790970048612562,2,
selection,forward,conditions_only,speed,0.5,omitted_minus_familiar,-0.005234756109506383,-0.013260482267625329,0.002790970048612562,2,
selection,forward,conditions_only,speed,1.0,omitted_minus_familiar,-0.005234756109506383,-0.013260482267625329,0.002790970048612562,2,
selection,forward,copy,direction,0.25,omitted_minus_familiar,0.0,0.0,0.0,2,
selection,forward,copy,direction,0.5,omitted_minus_familiar,0.0,0.0,0.0,2,
selection,forward,copy,direction,1.0,omitted_minus_familiar,0.0,0.0,0.0,2,
selection,forward,copy,load,0.25,omitted_minus_familiar,0.0,0.0,0.0,2,
selection,forward,copy,load,0.5,omitted_minus_familiar,0.0,0.0,0.0,2,
selection,forward,copy,load,1.0,omitted_minus_familiar,0.0,0.0,0.0,2,
selection,forward,copy,repeat,0.25,omitted_minus_familiar,0.0,0.0,0.0,2,
selection,forward,copy,repeat,0.5,omitted_minus_familiar,0.0,0.0,0.0,2,
selection,forward,copy,repeat,1.0,omitted_minus_familiar,0.0,0.0,0.0,2,
selection,forward,copy,single,0.25,omitted_minus_familiar,0.0,0.0,0.0,2,
selection,forward,copy,single,0.5,omitted_minus_familiar,0.0,0.0,0.0,2,
selection,forward,copy,single,1.0,omitted_minus_familiar,0.0,0.0,0.0,2,
selection,forward,copy,speed,0.25,omitted_minus_familiar,0.0,0.0,0.0,2,
selection,forward,copy,speed,0.5,omitted_minus_familiar,0.0,0.0,0.0,2,
selection,forward,copy,speed,1.0,omitted_minus_familiar,0.0,0.0,0.0,2,
selection,forward,encoder,direction,0.25,omitted_minus_familiar,-0.020220729550628924,-0.02432530644265085,-0.016116152658606997,2,
selection,forward,encoder,direction,0.5,omitted_minus_familiar,-0.014318759920019047,-0.014376875916213672,-0.014260643923824423,2,
selection,forward,encoder,direction,1.0,omitted_minus_familiar,-0.01042743061076512,-0.010880552683815825,-0.009974308537714416,2,
selection,forward,encoder,load,0.25,omitted_minus_familiar,-0.015725420900818077,-0.01741047993753897,-0.014040361864097184,2,
selection,forward,encoder,load,0.5,omitted_minus_familiar,-0.010809700936079025,-0.016491160361152724,-0.005128241511005327,2,
selection,forward,encoder,load,1.0,omitted_minus_familiar,-0.005239174052169865,-0.014615839742349868,0.004137491638010138,2,
selection,forward,encoder,repeat,0.25,omitted_minus_familiar,-0.004350117548848648,-0.010157750298579515,0.00145751520088222,2,
selection,forward,encoder,repeat,0.5,omitted_minus_familiar,-0.009714446002335314,-0.023143825657440054,0.0037149336527694254,2,
selection,forward,encoder,repeat,1.0,omitted_minus_familiar,-0.009464043785225251,-0.016442305436640103,-0.002485782133810399,2,
selection,forward,encoder,single,0.25,omitted_minus_familiar,-0.02395910018998562,-0.028876002313512672,-0.01904219806645857,2,
selection,forward,encoder,single,0.5,omitted_minus_familiar,-0.01379887144448183,-0.01628190166119381,-0.011315841227769852,2,
selection,forward,encoder,single,1.0,omitted_minus_familiar,-0.008522278601021477,-0.016238616158564867,-0.0008059410434780867,2,
selection,forward,encoder,speed,0.25,omitted_minus_familiar,-0.017029224471612397,-0.024520979460441683,-0.009537469482783112,2,
selection,forward,encoder,speed,0.5,omitted_minus_familiar,-0.007389682881308313,-0.027168956218343754,0.012389590455727129,2,
selection,forward,encoder,speed,1.0,omitted_minus_familiar,-0.004836888983845683,-0.02296499445131328,0.013291216483621915,2,
selection,forward,encoder_wrong_support,direction,0.25,omitted_minus_familiar,3.660340426547837e-05,-0.004067760186664993,0.004140966995195949,2,
selection,forward,encoder_wrong_support,direction,0.5,omitted_minus_familiar,-0.0011366586003339618,-0.009321607649326324,0.007048290448658401,2,
selection,forward,encoder_wrong_support,direction,1.0,omitted_minus_familiar,-0.0007042515119820292,-0.008484975745280565,0.007076472721316507,2,
selection,forward,encoder_wrong_support,load,0.25,omitted_minus_familiar,0.004584289748560372,-0.008600246725660288,0.01776882622278103,2,
selection,forward,encoder_wrong_support,load,0.5,omitted_minus_familiar,0.005844823000105914,-0.011384291179252437,0.023073937179464266,2,
selection,forward,encoder_wrong_support,load,1.0,omitted_minus_familiar,0.0075343163176016525,-0.013349788432771459,0.028418421067974764,2,
selection,forward,encoder_wrong_support,repeat,0.25,omitted_minus_familiar,0.006824495665954805,-0.027965899669762873,0.04161489100167248,2,
selection,forward,encoder_wrong_support,repeat,0.5,omitted_minus_familiar,0.009363743843454342,-0.023308562284166112,0.042036049971074796,2,
selection,forward,encoder_wrong_support,repeat,1.0,omitted_minus_familiar,0.00449973785064442,-0.023103986951437838,0.03210346265272668,2,
selection,forward,encoder_wrong_support,single,0.25,omitted_minus_familiar,0.0016963533266927122,0.0011415243374578443,0.00225118231592758,2,
selection,forward,encoder_wrong_support,single,0.5,omitted_minus_familiar,0.0059389512647282094,-0.0028154165907339213,0.01469331912019034,2,
selection,forward,encoder_wrong_support,single,1.0,omitted_minus_familiar,0.005843618828238806,-0.004483438576712739,0.01617067623319035,2,
selection,forward,encoder_wrong_support,speed,0.25,omitted_minus_familiar,0.0064357229028686735,-0.013050804761323143,0.02592225056706049,2,
selection,forward,encoder_wrong_support,speed,0.5,omitted_minus_familiar,0.006457355776519513,-0.023127719985716277,0.036042431538755304,2,
selection,forward,encoder_wrong_support,speed,1.0,omitted_minus_familiar,0.006993028137719903,-0.018811402447296066,0.03279745872273587,2,
selection,forward,fixed_features,direction,0.25,omitted_minus_familiar,-0.005307679154267803,-0.009200402190202184,-0.0014149561183334214,2,
selection,forward,fixed_features,direction,0.5,omitted_minus_familiar,-0.005389240366743514,-0.008153410188940058,-0.00262507054454697,2,
selection,forward,fixed_features,direction,1.0,omitted_minus_familiar,-0.004465675202640518,-0.007250042047045213,-0.0016813083582358224,2,
selection,forward,fixed_features,load,0.25,omitted_minus_familiar,-0.004201325666454897,-0.007249527731099936,-0.0011531236018098578,2,
selection,forward,fixed_features,load,0.5,omitted_minus_familiar,-0.0029940115169145576,-0.004841856120312682,-0.0011461669135164332,2,
selection,forward,fixed_features,load,1.0,omitted_minus_familiar,-0.003253815615934491,-0.004439470064828033,-0.0020681611670409494,2,
selection,forward,fixed_features,repeat,0.25,omitted_minus_familiar,-0.0027986161635776274,-0.005243078778308596,-0.0003541535488466585,2,
selection,forward,fixed_features,repeat,0.5,omitted_minus_familiar,-0.0020635335479149974,-0.005674509780890846,0.0015474426850608514,2,
selection,forward,fixed_features,repeat,1.0,omitted_minus_familiar,-0.003928491529812367,-0.0059670848103366425,-0.0018898982492880911,2,
selection,forward,fixed_features,single,0.25,omitted_minus_familiar,-0.0056525974321154915,-0.009607502546247926,-0.0016976923179830572,2,
selection,forward,fixed_features,single,0.5,omitted_minus_familiar,-0.004571236814682439,-0.007218134791636022,-0.0019243388377288562,2,
selection,forward,fixed_features,single,1.0,omitted_minus_familiar,-0.0034987338434457615,-0.005079242898323233,-0.0019182247885682902,2,
selection,forward,fixed_features,speed,0.25,omitted_minus_familiar,-0.0014832592445923332,-0.0031462535547578385,0.0001797350655731722,2,
selection,forward,fixed_features,speed,0.5,omitted_minus_familiar,-0.002265756274042935,-0.003318883662111638,-0.0012126288859742318,2,
selection,forward,fixed_features,speed,1.0,omitted_minus_familiar,-0.002955142691957846,-0.004051663728620369,-0.0018586216552953227,2,
selection,forward,retrieval,direction,0.25,omitted_minus_familiar,0.0,0.0,0.0,2,
selection,forward,retrieval,direction,0.5,omitted_minus_familiar,0.0,0.0,0.0,2,
selection,forward,retrieval,direction,1.0,omitted_minus_familiar,0.0,0.0,0.0,2,
selection,forward,retrieval,load,0.25,omitted_minus_familiar,0.0,0.0,0.0,2,
selection,forward,retrieval,load,0.5,omitted_minus_familiar,0.0,0.0,0.0,2,
selection,forward,retrieval,load,1.0,omitted_minus_familiar,0.0,0.0,0.0,2,
selection,forward,retrieval,repeat,0.25,omitted_minus_familiar,0.0,0.0,0.0,2,
selection,forward,retrieval,repeat,0.5,omitted_minus_familiar,0.0,0.0,0.0,2,
selection,forward,retrieval,repeat,1.0,omitted_minus_familiar,0.0,0.0,0.0,2,
selection,forward,retrieval,single,0.25,omitted_minus_familiar,0.0,0.0,0.0,2,
selection,forward,retrieval,single,0.5,omitted_minus_familiar,0.0,0.0,0.0,2,
selection,forward,retrieval,single,1.0,omitted_minus_familiar,0.0,0.0,0.0,2,
selection,forward,retrieval,speed,0.25,omitted_minus_familiar,0.0,0.0,0.0,2,
selection,forward,retrieval,speed,0.5,omitted_minus_familiar,0.0,0.0,0.0,2,
selection,forward,retrieval,speed,1.0,omitted_minus_familiar,0.0,0.0,0.0,2,
selection,forward,speed_rescaling,direction,0.25,omitted_minus_familiar,-0.0008186604807512987,-0.0009979619350596325,-0.0006393590264429649,2,
selection,forward,speed_rescaling,direction,0.5,omitted_minus_familiar,-0.0007677346167285215,-0.0007929617348748641,-0.0007425074985821789,2,
selection,forward,speed_rescaling,direction,1.0,omitted_minus_familiar,-0.0006637498423455734,-0.0007131876562328499,-0.000614312028458297,2,
selection,forward,speed_rescaling,load,0.25,omitted_minus_familiar,-0.0002344101960192746,-0.0007757719286142217,0.00030695153657567253,2,
selection,forward,speed_rescaling,load,0.5,omitted_minus_familiar,-0.0001759800387404753,-0.0005575293856953101,0.00020556930821435948,2,
selection,forward,speed_rescaling,load,1.0,omitted_minus_familiar,-9.845314442508135e-05,-0.0003991181745853778,0.0002022118857352151,2,
selection,forward,speed_rescaling,repeat,0.25,omitted_minus_familiar,-0.0002344101960192746,-0.0007757719286142217,0.00030695153657567253,2,
selection,forward,speed_rescaling,repeat,0.5,omitted_minus_familiar,-0.0001759800387404753,-0.0005575293856953101,0.00020556930821435948,2,
selection,forward,speed_rescaling,repeat,1.0,omitted_minus_familiar,-9.845314442508135e-05,-0.0003991181745853778,0.0002022118857352151,2,
selection,forward,speed_rescaling,single,0.25,omitted_minus_familiar,-0.0002344101960192746,-0.0007757719286142217,0.00030695153657567253,2,
selection,forward,speed_rescaling,single,0.5,omitted_minus_familiar,-0.0001759800387404753,-0.0005575293856953101,0.00020556930821435948,2,
selection,forward,speed_rescaling,single,1.0,omitted_minus_familiar,-9.845314442508135e-05,-0.0003991181745853778,0.0002022118857352151,2,
selection,forward,speed_rescaling,speed,0.25,omitted_minus_familiar,-0.00046768900722760076,-0.001560487757987783,0.0006251097435325814,2,
selection,forward,speed_rescaling,speed,0.5,omitted_minus_familiar,-0.0003946137261909288,-0.0013532575413004455,0.0005640300889185879,2,
selection,forward,speed_rescaling,speed,1.0,omitted_minus_familiar,-0.0003162386161190134,-0.001070652400490646,0.00043817516825261915,2,
selection,reverse,conditions_only,direction,0.25,omitted_minus_familiar,-0.004894491293404274,-0.011578533494618182,0.0017895509078096339,2,
selection,reverse,conditions_only,direction,0.5,omitted_minus_familiar,-0.004894491293404274,-0.011578533494618182,0.0017895509078096339,2,
selection,reverse,conditions_only,direction,1.0,omitted_minus_familiar,-0.004894491293404274,-0.011578533494618182,0.0017895509078096339,2,
selection,reverse,conditions_only,load,0.25,omitted_minus_familiar,-0.004894491293404274,-0.011578533494618182,0.0017895509078096339,2,
selection,reverse,conditions_only,load,0.5,omitted_minus_familiar,-0.004894491293404274,-0.011578533494618182,0.0017895509078096339,2,
selection,reverse,conditions_only,load,1.0,omitted_minus_familiar,-0.004894491293404274,-0.011578533494618182,0.0017895509078096339,2,
selection,reverse,conditions_only,repeat,0.25,omitted_minus_familiar,-0.004894491293404274,-0.011578533494618182,0.0017895509078096339,2,
selection,reverse,conditions_only,repeat,0.5,omitted_minus_familiar,-0.004894491293404274,-0.011578533494618182,0.0017895509078096339,2,
selection,reverse,conditions_only,repeat,1.0,omitted_minus_familiar,-0.004894491293404274,-0.011578533494618182,0.0017895509078096339,2,
selection,reverse,conditions_only,single,0.25,omitted_minus_familiar,-0.004894491293404274,-0.011578533494618182,0.0017895509078096339,2,
selection,reverse,conditions_only,single,0.5,omitted_minus_familiar,-0.004894491293404274,-0.011578533494618182,0.0017895509078096339,2,
selection,reverse,conditions_only,single,1.0,omitted_minus_familiar,-0.004894491293404274,-0.011578533494618182,0.0017895509078096339,2,
selection,reverse,conditions_only,speed,0.25,omitted_minus_familiar,-0.004894491293404274,-0.011578533494618182,0.0017895509078096339,2,
selection,reverse,conditions_only,speed,0.5,omitted_minus_familiar,-0.004894491293404274,-0.011578533494618182,0.0017895509078096339,2,
selection,reverse,conditions_only,speed,1.0,omitted_minus_familiar,-0.004894491293404274,-0.011578533494618182,0.0017895509078096339,2,
selection,reverse,copy,direction,0.25,omitted_minus_familiar,0.0,0.0,0.0,2,
selection,reverse,copy,direction,0.5,omitted_minus_familiar,0.0,0.0,0.0,2,
selection,reverse,copy,direction,1.0,omitted_minus_familiar,0.0,0.0,0.0,2,
selection,reverse,copy,load,0.25,omitted_minus_familiar,0.0,0.0,0.0,2,
selection,reverse,copy,load,0.5,omitted_minus_familiar,0.0,0.0,0.0,2,
selection,reverse,copy,load,1.0,omitted_minus_familiar,0.0,0.0,0.0,2,
selection,reverse,copy,repeat,0.25,omitted_minus_familiar,0.0,0.0,0.0,2,
selection,reverse,copy,repeat,0.5,omitted_minus_familiar,0.0,0.0,0.0,2,
selection,reverse,copy,repeat,1.0,omitted_minus_familiar,0.0,0.0,0.0,2,
selection,reverse,copy,single,0.25,omitted_minus_familiar,0.0,0.0,0.0,2,
selection,reverse,copy,single,0.5,omitted_minus_familiar,0.0,0.0,0.0,2,
selection,reverse,copy,single,1.0,omitted_minus_familiar,0.0,0.0,0.0,2,
selection,reverse,copy,speed,0.25,omitted_minus_familiar,0.0,0.0,0.0,2,
selection,reverse,copy,speed,0.5,omitted_minus_familiar,0.0,0.0,0.0,2,
selection,reverse,copy,speed,1.0,omitted_minus_familiar,0.0,0.0,0.0,2,
selection,reverse,encoder,direction,0.25,omitted_minus_familiar,0.0017149511611823376,-0.0059406867984568845,0.00937058912082156,2,
selection,reverse,encoder,direction,0.5,omitted_minus_familiar,-0.005448845356251314,-0.00579415589119453,-0.005103534821308098,2,
selection,reverse,encoder,direction,1.0,omitted_minus_familiar,-0.006981213718201207,-0.010839227361209458,-0.0031232000751929556,2,
selection,reverse,encoder,load,0.25,omitted_minus_familiar,-0.0005473003468730309,-0.01280164887959312,0.011707048185847058,2,
selection,reverse,encoder,load,0.5,omitted_minus_familiar,-0.0021034452048215024,-0.01630510243050981,0.012098212020866805,2,
selection,reverse,encoder,load,1.0,omitted_minus_familiar,-0.005825509006778418,-0.013308468077218916,0.0016574500636620804,2,
selection,reverse,encoder,repeat,0.25,omitted_minus_familiar,-0.0032646010883829457,-0.00903980309764535,0.0025106009208794577,2,
selection,reverse,encoder,repeat,0.5,omitted_minus_familiar,-0.00900537627890255,-0.023060621975949325,0.005049869418144226,2,
selection,reverse,encoder,repeat,1.0,omitted_minus_familiar,-0.00906166987437193,-0.01628012300440762,-0.0018432167443362402,2,
selection,reverse,encoder,single,0.25,omitted_minus_familiar,0.029759470994273896,0.018723894700859667,0.040795047287688124,2,
selection,reverse,encoder,single,0.5,omitted_minus_familiar,0.012047610217423121,-0.005287935223543316,0.02938315565838956,2,
selection,reverse,encoder,single,1.0,omitted_minus_familiar,-0.001970639000787866,-0.0034318215241937455,-0.0005094564773819865,2,
selection,reverse,encoder,speed,0.25,omitted_minus_familiar,0.00687296745000468,-0.009660620806795195,0.023406555706804555,2,
selection,reverse,encoder,speed,0.5,omitted_minus_familiar,-0.006981337217218941,-0.01793382203940186,0.003971147604963976,2,
selection,reverse,encoder,speed,1.0,omitted_minus_familiar,-0.011134060833490278,-0.018924616164330277,-0.003343505502650279,2,
selection,reverse,encoder_wrong_support,direction,0.25,omitted_minus_familiar,0.007837222550403006,-0.015218675701004047,0.03089312080181006,2,
selection,reverse,encoder_wrong_support,direction,0.5,omitted_minus_familiar,0.009399350393902106,-0.009036651614940605,0.027835352402744817,2,
selection,reverse,encoder_wrong_support,direction,1.0,omitted_minus_familiar,0.004796603186563997,-0.011542175981131442,0.021135382354259435,2,
selection,reverse,encoder_wrong_support,load,0.25,omitted_minus_familiar,0.012067860500378974,-0.025431569552782862,0.04956729055354081,2,
selection,reverse,encoder_wrong_support,load,0.5,omitted_minus_familiar,0.011008434674956546,-0.021001860047831666,0.04301872939774476,2,
selection,reverse,encoder_wrong_support,load,1.0,omitted_minus_familiar,0.0012081841176206087,-0.02270781158497842,0.02512417982021964,2,
selection,reverse,encoder_wrong_support,repeat,0.25,omitted_minus_familiar,0.006448640403422412,-0.02820353796987829,0.041100818776723114,2,
selection,reverse,encoder_wrong_support,repeat,0.5,omitted_minus_familiar,0.009114128509254193,-0.023074826282082128,0.041303083300590515,2,
selection,reverse,encoder_wrong_support,repeat,1.0,omitted_minus_familiar,0.004163514484058689,-0.02303705116113025,0.03136408012924763,2,
selection,reverse,encoder_wrong_support,single,0.25,omitted_minus_familiar,0.023707875756151686,-0.011104032961708143,0.058519784474011516,2,
selection,reverse,encoder_wrong_support,single,0.5,omitted_minus_familiar,0.018747951440287458,-0.017111280989466238,0.054607183870041154,2,
selection,reverse,encoder_wrong_support,single,1.0,omitted_minus_familiar,0.007691676756649307,-0.01751629353472678,0.03289964704802539,2,
selection,reverse,encoder_wrong_support,speed,0.25,omitted_minus_familiar,0.00985215926034888,-0.013039082740292363,0.032743401260990124,2,
selection,reverse,encoder_wrong_support,speed,0.5,omitted_minus_familiar,0.003521165443640756,-0.021890785657998346,0.028933116545279858,2,
selection,reverse,encoder_wrong_support,speed,1.0,omitted_minus_familiar,0.000726346829623914,-0.02153079268155672,0.02298348634080455,2,
selection,reverse,fixed_features,direction,0.25,omitted_minus_familiar,-0.005247399469843095,-0.008490530150878806,-0.002004268788807384,2,
selection,reverse,fixed_features,direction,0.5,omitted_minus_familiar,-0.00802937231930051,-0.010195035930896101,-0.005863708707704918,2,
selection,reverse,fixed_features,direction,1.0,omitted_minus_familiar,-0.007808932086577375,-0.008038505140556262,-0.007579359032598487,2,
selection,reverse,fixed_features,load,0.25,omitted_minus_familiar,-0.003187457269943711,-0.005360175632309172,-0.0010147389075782498,2,
selection,reverse,fixed_features,load,0.5,omitted_minus_familiar,-0.0024042528369128124,-0.005704221663881903,0.0008957159900562783,2,
selection,reverse,fixed_features,load,1.0,omitted_minus_familiar,-0.0030258926856623902,-0.0054002058380822615,-0.0006515795332425189,2,
selection,reverse,fixed_features,repeat,0.25,omitted_minus_familiar,-0.0011635840477357828,-0.004420518274948992,0.0020933501794774267,2,
selection,reverse,fixed_features,repeat,0.5,omitted_minus_familiar,-0.0006046016812817079,-0.004909250821813149,0.0037000474592497334,2,
selection,reverse,fixed_features,repeat,1.0,omitted_minus_familiar,-0.002824551805074238,-0.005232037696594527,-0.00041706591355394895,2,
selection,reverse,fixed_features,single,0.25,omitted_minus_familiar,-0.003715717660310619,-0.004382745422390144,-0.003048689898231094,2,
selection,reverse,fixed_features,single,0.5,omitted_minus_familiar,-0.0046522868017467855,-0.006008288114430382,-0.0032962854890631887,2,
selection,reverse,fixed_features,single,1.0,omitted_minus_familiar,-0.004838040706148405,-0.006709969676884753,-0.002966111735412058,2,
selection,reverse,fixed_features,speed,0.25,omitted_minus_familiar,0.00011269240493996802,-0.0013945484806232034,0.0016199332905031394,2,
selection,reverse,fixed_features,speed,0.5,omitted_minus_familiar,-0.0006536374923942212,-0.001078262127689078,-0.00022901285709936436,2,
selection,reverse,fixed_features,speed,1.0,omitted_minus_familiar,-0.0028477472458648956,-0.0035487163751711237,-0.0021467781165586675,2,
selection,reverse,retrieval,direction,0.25,omitted_minus_familiar,0.0,0.0,0.0,2,
selection,reverse,retrieval,direction,0.5,omitted_minus_familiar,0.0,0.0,0.0,2,
selection,reverse,retrieval,direction,1.0,omitted_minus_familiar,0.0,0.0,0.0,2,
selection,reverse,retrieval,load,0.25,omitted_minus_familiar,0.0,0.0,0.0,2,
selection,reverse,retrieval,load,0.5,omitted_minus_familiar,0.0,0.0,0.0,2,
selection,reverse,retrieval,load,1.0,omitted_minus_familiar,0.0,0.0,0.0,2,
selection,reverse,retrieval,repeat,0.25,omitted_minus_familiar,0.0,0.0,0.0,2,
selection,reverse,retrieval,repeat,0.5,omitted_minus_familiar,0.0,0.0,0.0,2,
selection,reverse,retrieval,repeat,1.0,omitted_minus_familiar,0.0,0.0,0.0,2,
selection,reverse,retrieval,single,0.25,omitted_minus_familiar,0.0,0.0,0.0,2,
selection,reverse,retrieval,single,0.5,omitted_minus_familiar,0.0,0.0,0.0,2,
selection,reverse,retrieval,single,1.0,omitted_minus_familiar,0.0,0.0,0.0,2,
selection,reverse,retrieval,speed,0.25,omitted_minus_familiar,0.0,0.0,0.0,2,
selection,reverse,retrieval,speed,0.5,omitted_minus_familiar,0.0,0.0,0.0,2,
selection,reverse,retrieval,speed,1.0,omitted_minus_familiar,0.0,0.0,0.0,2,
selection,reverse,speed_rescaling,direction,0.25,omitted_minus_familiar,-0.0010660767025801876,-0.0012113119851868692,-0.000920841419973506,2,
selection,reverse,speed_rescaling,direction,0.5,omitted_minus_familiar,-0.000971665151349943,-0.0010612909000057291,-0.0008820394026941569,2,
selection,reverse,speed_rescaling,direction,1.0,omitted_minus_familiar,-0.0008974525749659845,-0.0009175867881400235,-0.0008773183617919456,2,
selection,reverse,speed_rescaling,load,0.25,omitted_minus_familiar,-0.0006110253352248352,-0.0010396846576740115,-0.00018236601277565878,2,
selection,reverse,speed_rescaling,load,0.5,omitted_minus_familiar,-0.00048561792874540766,-0.001009517661321735,3.8281803830919614e-05,2,
selection,reverse,speed_rescaling,load,1.0,omitted_minus_familiar,-0.0004400510023021553,-0.0008729485465781561,-7.153458026154524e-06,2,
selection,reverse,speed_rescaling,repeat,0.25,omitted_minus_familiar,-0.00026908356674887335,-0.0008457304522518916,0.0003075633187541449,2,
selection,reverse,speed_rescaling,repeat,0.5,omitted_minus_familiar,-0.00033287036826373795,-0.0007767769441575645,0.00011103620763008859,2,
selection,reverse,speed_rescaling,repeat,1.0,omitted_minus_familiar,-0.00025968969945777687,-0.000646350781979943,0.00012697138306438926,2,
selection,reverse,speed_rescaling,single,0.25,omitted_minus_familiar,-0.0006110253352248352,-0.0010396846576740115,-0.00018236601277565878,2,
selection,reverse,speed_rescaling,single,0.5,omitted_minus_familiar,-0.00048561792874540766,-0.001009517661321735,3.8281803830919614e-05,2,
selection,reverse,speed_rescaling,single,1.0,omitted_minus_familiar,-0.0004400510023021553,-0.0008729485465781561,-7.153458026154524e-06,2,
selection,reverse,speed_rescaling,speed,0.25,omitted_minus_familiar,-0.0008160491922893365,-0.0016644465683097742,3.2348183731101265e-05,2,
selection,reverse,speed_rescaling,speed,0.5,omitted_minus_familiar,-0.000741612353812815,-0.0016687284946362846,0.00018550378701065462,2,
selection,reverse,speed_rescaling,speed,1.0,omitted_minus_familiar,-0.0006808873557185846,-0.001452622874271503,9.084816283433383e-05,2,
transfer,forward,conditions_only,direction,0.25,omitted_minus_familiar,0.01316770787620472,0.007198299495643934,0.019137116256765507,2,
transfer,forward,conditions_only,direction,0.5,omitted_minus_familiar,0.01316770787620472,0.007198299495643934,0.019137116256765507,2,
transfer,forward,conditions_only,direction,1.0,omitted_minus_familiar,0.01316770787620472,0.007198299495643934,0.019137116256765507,2,
transfer,forward,conditions_only,load,0.25,omitted_minus_familiar,0.01316770787620472,0.007198299495643934,0.019137116256765507,2,
transfer,forward,conditions_only,load,0.5,omitted_minus_familiar,0.01316770787620472,0.007198299495643934,0.019137116256765507,2,
transfer,forward,conditions_only,load,1.0,omitted_minus_familiar,0.01316770787620472,0.007198299495643934,0.019137116256765507,2,
transfer,forward,conditions_only,repeat,0.25,omitted_minus_familiar,0.01316770787620472,0.007198299495643934,0.019137116256765507,2,
transfer,forward,conditions_only,repeat,0.5,omitted_minus_familiar,0.01316770787620472,0.007198299495643934,0.019137116256765507,2,
transfer,forward,conditions_only,repeat,1.0,omitted_minus_familiar,0.01316770787620472,0.007198299495643934,0.019137116256765507,2,
transfer,forward,conditions_only,single,0.25,omitted_minus_familiar,0.01316770787620472,0.007198299495643934,0.019137116256765507,2,
transfer,forward,conditions_only,single,0.5,omitted_minus_familiar,0.01316770787620472,0.007198299495643934,0.019137116256765507,2,
transfer,forward,conditions_only,single,1.0,omitted_minus_familiar,0.01316770787620472,0.007198299495643934,0.019137116256765507,2,
transfer,forward,conditions_only,speed,0.25,omitted_minus_familiar,0.01316770787620472,0.007198299495643934,0.019137116256765507,2,
transfer,forward,conditions_only,speed,0.5,omitted_minus_familiar,0.01316770787620472,0.007198299495643934,0.019137116256765507,2,
transfer,forward,conditions_only,speed,1.0,omitted_minus_familiar,0.01316770787620472,0.007198299495643934,0.019137116256765507,2,
transfer,forward,copy,direction,0.25,omitted_minus_familiar,0.0,0.0,0.0,2,
transfer,forward,copy,direction,0.5,omitted_minus_familiar,0.0,0.0,0.0,2,
transfer,forward,copy,direction,1.0,omitted_minus_familiar,0.0,0.0,0.0,2,
transfer,forward,copy,load,0.25,omitted_minus_familiar,0.0,0.0,0.0,2,
transfer,forward,copy,load,0.5,omitted_minus_familiar,0.0,0.0,0.0,2,
transfer,forward,copy,load,1.0,omitted_minus_familiar,0.0,0.0,0.0,2,
transfer,forward,copy,repeat,0.25,omitted_minus_familiar,0.0,0.0,0.0,2,
transfer,forward,copy,repeat,0.5,omitted_minus_familiar,0.0,0.0,0.0,2,
transfer,forward,copy,repeat,1.0,omitted_minus_familiar,0.0,0.0,0.0,2,
transfer,forward,copy,single,0.25,omitted_minus_familiar,0.0,0.0,0.0,2,
transfer,forward,copy,single,0.5,omitted_minus_familiar,0.0,0.0,0.0,2,
transfer,forward,copy,single,1.0,omitted_minus_familiar,0.0,0.0,0.0,2,
transfer,forward,copy,speed,0.25,omitted_minus_familiar,0.0,0.0,0.0,2,
transfer,forward,copy,speed,0.5,omitted_minus_familiar,0.0,0.0,0.0,2,
transfer,forward,copy,speed,1.0,omitted_minus_familiar,0.0,0.0,0.0,2,
transfer,forward,encoder,direction,0.25,omitted_minus_familiar,-0.004075842216992975,-0.011911277205516102,0.0037595927715301514,2,
transfer,forward,encoder,direction,0.5,omitted_minus_familiar,0.0027023255825043,2.505420110171519e-05,0.005379596963906885,2,
transfer,forward,encoder,direction,1.0,omitted_minus_familiar,0.007032296882990091,0.004618201309289693,0.009446392456690489,2,
transfer,forward,encoder,load,0.25,omitted_minus_familiar,0.0005445038087856791,-0.0010813083022068737,0.002170315919778232,2,
transfer,forward,encoder,load,0.5,omitted_minus_familiar,0.005737810371777979,0.0028080510405393833,0.008667569703016575,2,
transfer,forward,encoder,load,1.0,omitted_minus_familiar,0.011052299959537298,0.004478715169124126,0.01762588474995047,2,
transfer,forward,encoder,repeat,0.25,omitted_minus_familiar,0.009712825218836513,0.0078011642281826665,0.011624486209490359,2,
transfer,forward,encoder,repeat,0.5,omitted_minus_familiar,0.005023370855129716,-0.00461210004794288,0.014658841758202312,2,
transfer,forward,encoder,repeat,1.0,omitted_minus_familiar,0.005879941372535141,0.0020014867186546326,0.00975839602641565,2,
transfer,forward,encoder,single,0.25,omitted_minus_familiar,-0.00654008764869124,-0.014263496184960367,0.0011833208875778878,2,
transfer,forward,encoder,single,0.5,omitted_minus_familiar,0.0032686901589234763,0.002930466181192637,0.0036069141366543156,2,
transfer,forward,encoder,single,1.0,omitted_minus_familiar,0.008419951185202001,0.0036655981571246943,0.013174304213279309,2,
transfer,forward,encoder,speed,0.25,omitted_minus_familiar,-0.002034064382314682,-0.00492377655628401,0.0008556477916546457,2,
transfer,forward,encoder,speed,0.5,omitted_minus_familiar,0.00813229964711723,-0.008648088918282448,0.02491268821251691,2,
transfer,forward,encoder,speed,1.0,omitted_minus_familiar,0.01110473351600838,-0.004006550671198483,0.026216017703215244,2,
transfer,forward,encoder_wrong_support,direction,0.25,omitted_minus_familiar,0.012339739845349224,0.0030933870719028755,0.02158609261879557,2,
transfer,forward,encoder_wrong_support,direction,0.5,omitted_minus_familiar,0.011323629281459718,-0.0036170238103622188,0.026264282373281655,2,
transfer,forward,encoder_wrong_support,direction,1.0,omitted_minus_familiar,0.011693145220096318,-0.002870914263602975,0.02625720470379561,2,
transfer,forward,encoder_wrong_support,load,0.25,omitted_minus_familiar,0.016149805715450855,-0.0032757937144011207,0.03557540514530283,2,
transfer,forward,encoder_wrong_support,load,0.5,omitted_minus_familiar,0.01749328542978329,-0.005853186815212963,0.04083975767477954,2,
transfer,forward,encoder_wrong_support,load,1.0,omitted_minus_familiar,0.018597413523074924,-0.008106989356187588,0.045301816402337436,2,
transfer,forward,encoder_wrong_support,repeat,0.25,omitted_minus_familiar,0.01911900459955901,-0.02099078893661499,0.05922879813573301,2,
transfer,forward,encoder_wrong_support,repeat,0.5,omitted_minus_familiar,0.020084750575897092,-0.01919235785802198,0.059361859009816165,2,
transfer,forward,encoder_wrong_support,repeat,1.0,omitted_minus_familiar,0.015637331666090493,-0.01823209493588185,0.049506758268062834,2,
transfer,forward,encoder_wrong_support,single,0.25,omitted_minus_familiar,0.013314556425962715,0.0067788557364391044,0.019850257115486325,2,
transfer,forward,encoder_wrong_support,single,0.5,omitted_minus_familiar,0.01638441017040837,0.0011616425636487016,0.03160717777716804,2,
transfer,forward,encoder_wrong_support,single,1.0,omitted_minus_familiar,0.016253501749955712,0.001126157931792382,0.03138084556811904,2,
transfer,forward,encoder_wrong_support,speed,0.25,omitted_minus_familiar,0.017703526677229436,-0.009542942811281319,0.04494999616574019,2,
transfer,forward,encoder_wrong_support,speed,0.5,omitted_minus_familiar,0.01603134186604077,-0.02023975895001351,0.05230244268209505,2,
transfer,forward,encoder_wrong_support,speed,1.0,omitted_minus_familiar,0.016689938994554343,-0.015044803802783835,0.04842468179189252,2,
transfer,forward,fixed_features,direction,0.25,omitted_minus_familiar,0.022210937266857106,0.019993659109684925,0.024428215424029287,2,
transfer,forward,fixed_features,direction,0.5,omitted_minus_familiar,0.02121997637092804,0.01988242826759118,0.0225575244742649,2,
transfer,forward,fixed_features,direction,1.0,omitted_minus_familiar,0.020944827108797415,0.018572898795586545,0.023316755422008284,2,
transfer,forward,fixed_features,load,0.25,omitted_minus_familiar,0.020902748994909515,0.018086141118206334,0.023719356871612696,2,
transfer,forward,fixed_features,load,0.5,omitted_minus_familiar,0.022357099341447834,0.02069290672063362,0.024021291962262048,2,
transfer,forward,fixed_features,load,1.0,omitted_minus_familiar,0.021020789225286385,0.01945322647193598,0.02258835197863679,2,
transfer,forward,fixed_features,repeat,0.25,omitted_minus_familiar,0.020725096814139865,0.016639318898299393,0.024810874729980337,2,
transfer,forward,fixed_features,repeat,0.5,omitted_minus_familiar,0.02173363140861634,0.01599596807931336,0.027471294737919316,2,
transfer,forward,fixed_features,repeat,1.0,omitted_minus_familiar,0.01974510785683778,0.01643158763641489,0.023058628077260668,2,
transfer,forward,fixed_features,single,0.25,omitted_minus_familiar,0.018852183627057456,0.015151477240460787,0.022552890013654125,2,
transfer,forward,fixed_features,single,0.5,omitted_minus_familiar,0.02007269225794789,0.017185329286637574,0.022960055229258203,2,
transfer,forward,fixed_features,single,1.0,omitted_minus_familiar,0.020335780601833525,0.01777022693197411,0.02290133427169294,2,
transfer,forward,fixed_features,speed,0.25,omitted_minus_familiar,0.022214916637904758,0.019657815728262307,0.02477201754754721,2,
transfer,forward,fixed_features,speed,0.5,omitted_minus_familiar,0.02065019450442193,0.017535742018327583,0.02376464699051628,2,
transfer,forward,fixed_features,speed,1.0,omitted_minus_familiar,0.019646406028514973,0.01617170730722506,0.02312110474980489,2,
transfer,forward,retrieval,direction,0.25,omitted_minus_familiar,0.16252572399654808,0.122186302375772,0.20286514561732416,2,
transfer,forward,retrieval,direction,0.5,omitted_minus_familiar,0.16252572399654808,0.122186302375772,0.20286514561732416,2,
transfer,forward,retrieval,direction,1.0,omitted_minus_familiar,0.16252572399654808,0.122186302375772,0.20286514561732416,2,
transfer,forward,retrieval,load,0.25,omitted_minus_familiar,0.16252572399654808,0.122186302375772,0.20286514561732416,2,
transfer,forward,retrieval,load,0.5,omitted_minus_familiar,0.16252572399654808,0.122186302375772,0.20286514561732416,2,
transfer,forward,retrieval,load,1.0,omitted_minus_familiar,0.16252572399654808,0.122186302375772,0.20286514561732416,2,
transfer,forward,retrieval,repeat,0.25,omitted_minus_familiar,0.16252572399654808,0.122186302375772,0.20286514561732416,2,
transfer,forward,retrieval,repeat,0.5,omitted_minus_familiar,0.16252572399654808,0.122186302375772,0.20286514561732416,2,
transfer,forward,retrieval,repeat,1.0,omitted_minus_familiar,0.16252572399654808,0.122186302375772,0.20286514561732416,2,
transfer,forward,retrieval,single,0.25,omitted_minus_familiar,0.16252572399654808,0.122186302375772,0.20286514561732416,2,
transfer,forward,retrieval,single,0.5,omitted_minus_familiar,0.16252572399654808,0.122186302375772,0.20286514561732416,2,
transfer,forward,retrieval,single,1.0,omitted_minus_familiar,0.16252572399654808,0.122186302375772,0.20286514561732416,2,
transfer,forward,retrieval,speed,0.25,omitted_minus_familiar,0.16252572399654808,0.122186302375772,0.20286514561732416,2,
transfer,forward,retrieval,speed,0.5,omitted_minus_familiar,0.16252572399654808,0.122186302375772,0.20286514561732416,2,
transfer,forward,retrieval,speed,1.0,omitted_minus_familiar,0.16252572399654808,0.122186302375772,0.20286514561732416,2,
transfer,forward,speed_rescaling,direction,0.25,omitted_minus_familiar,-0.0006847617014649199,-0.000814471898179181,-0.0005550515047506588,2,
transfer,forward,speed_rescaling,direction,0.5,omitted_minus_familiar,-0.0006331647317946998,-0.0006756353504504542,-0.0005906941131389454,2,
transfer,forward,speed_rescaling,direction,1.0,omitted_minus_familiar,-0.0005183345041819831,-0.0005363715964635807,-0.0005002974119003856,2,
transfer,forward,speed_rescaling,load,0.25,omitted_minus_familiar,-0.00020314432271517635,-0.0008117859526206583,0.00040549730719030563,2,
transfer,forward,speed_rescaling,load,0.5,omitted_minus_familiar,-0.00010372902987032528,-0.0006991662028689172,0.0004917081431282666,2,
transfer,forward,speed_rescaling,load,1.0,omitted_minus_familiar,3.105783097728798e-05,-0.00047454452314399376,0.0005366601850985697,2,
transfer,forward,speed_rescaling,repeat,0.25,omitted_minus_familiar,-0.00020314432271517635,-0.0008117859526206583,0.00040549730719030563,2,
transfer,forward,speed_rescaling,repeat,0.5,omitted_minus_familiar,-0.00010372902987032528,-0.0006991662028689172,0.0004917081431282666,2,
transfer,forward,speed_rescaling,repeat,1.0,omitted_minus_familiar,3.105783097728798e-05,-0.00047454452314399376,0.0005366601850985697,2,
transfer,forward,speed_rescaling,single,0.25,omitted_minus_familiar,-0.00020314432271517635,-0.0008117859526206583,0.00040549730719030563,2,
transfer,forward,speed_rescaling,single,0.5,omitted_minus_familiar,-0.00010372902987032528,-0.0006991662028689172,0.0004917081431282666,2,
transfer,forward,speed_rescaling,single,1.0,omitted_minus_familiar,3.105783097728798e-05,-0.00047454452314399376,0.0005366601850985697,2,
transfer,forward,speed_rescaling,speed,0.25,omitted_minus_familiar,-0.00020314432271517635,-0.0008117859526206583,0.00040549730719030563,2,
transfer,forward,speed_rescaling,speed,0.5,omitted_minus_familiar,-0.00010372902987032528,-0.0006991662028689172,0.0004917081431282666,2,
transfer,forward,speed_rescaling,speed,1.0,omitted_minus_familiar,3.105783097728798e-05,-0.00047454452314399376,0.0005366601850985697,2,
transfer,reverse,conditions_only,direction,0.25,omitted_minus_familiar,0.01238086504881189,0.0065440692860064265,0.018217660811617353,2,
transfer,reverse,conditions_only,direction,0.5,omitted_minus_familiar,0.01238086504881189,0.0065440692860064265,0.018217660811617353,2,
transfer,reverse,conditions_only,direction,1.0,omitted_minus_familiar,0.01238086504881189,0.0065440692860064265,0.018217660811617353,2,
transfer,reverse,conditions_only,load,0.25,omitted_minus_familiar,0.01238086504881189,0.0065440692860064265,0.018217660811617353,2,
transfer,reverse,conditions_only,load,0.5,omitted_minus_familiar,0.01238086504881189,0.0065440692860064265,0.018217660811617353,2,
transfer,reverse,conditions_only,load,1.0,omitted_minus_familiar,0.01238086504881189,0.0065440692860064265,0.018217660811617353,2,
transfer,reverse,conditions_only,repeat,0.25,omitted_minus_familiar,0.01238086504881189,0.0065440692860064265,0.018217660811617353,2,
transfer,reverse,conditions_only,repeat,0.5,omitted_minus_familiar,0.01238086504881189,0.0065440692860064265,0.018217660811617353,2,
transfer,reverse,conditions_only,repeat,1.0,omitted_minus_familiar,0.01238086504881189,0.0065440692860064265,0.018217660811617353,2,
transfer,reverse,conditions_only,single,0.25,omitted_minus_familiar,0.01238086504881189,0.0065440692860064265,0.018217660811617353,2,
transfer,reverse,conditions_only,single,0.5,omitted_minus_familiar,0.01238086504881189,0.0065440692860064265,0.018217660811617353,2,
transfer,reverse,conditions_only,single,1.0,omitted_minus_familiar,0.01238086504881189,0.0065440692860064265,0.018217660811617353,2,
transfer,reverse,conditions_only,speed,0.25,omitted_minus_familiar,0.01238086504881189,0.0065440692860064265,0.018217660811617353,2,
transfer,reverse,conditions_only,speed,0.5,omitted_minus_familiar,0.01238086504881189,0.0065440692860064265,0.018217660811617353,2,
transfer,reverse,conditions_only,speed,1.0,omitted_minus_familiar,0.01238086504881189,0.0065440692860064265,0.018217660811617353,2,
transfer,reverse,copy,direction,0.25,omitted_minus_familiar,0.0,0.0,0.0,2,
transfer,reverse,copy,direction,0.5,omitted_minus_familiar,0.0,0.0,0.0,2,
transfer,reverse,copy,direction,1.0,omitted_minus_familiar,0.0,0.0,0.0,2,
transfer,reverse,copy,load,0.25,omitted_minus_familiar,0.0,0.0,0.0,2,
transfer,reverse,copy,load,0.5,omitted_minus_familiar,0.0,0.0,0.0,2,
transfer,reverse,copy,load,1.0,omitted_minus_familiar,0.0,0.0,0.0,2,
transfer,reverse,copy,repeat,0.25,omitted_minus_familiar,0.0,0.0,0.0,2,
transfer,reverse,copy,repeat,0.5,omitted_minus_familiar,0.0,0.0,0.0,2,
transfer,reverse,copy,repeat,1.0,omitted_minus_familiar,0.0,0.0,0.0,2,
transfer,reverse,copy,single,0.25,omitted_minus_familiar,0.0,0.0,0.0,2,
transfer,reverse,copy,single,0.5,omitted_minus_familiar,0.0,0.0,0.0,2,
transfer,reverse,copy,single,1.0,omitted_minus_familiar,0.0,0.0,0.0,2,
transfer,reverse,copy,speed,0.25,omitted_minus_familiar,0.0,0.0,0.0,2,
transfer,reverse,copy,speed,0.5,omitted_minus_familiar,0.0,0.0,0.0,2,
transfer,reverse,copy,speed,1.0,omitted_minus_familiar,0.0,0.0,0.0,2,
transfer,reverse,encoder,direction,0.25,omitted_minus_familiar,0.018393531441688538,0.008192697396645188,0.028594365486731887,2,
transfer,reverse,encoder,direction,0.5,omitted_minus_familiar,0.011276451631998419,0.008696763561322152,0.013856139702674686,2,
transfer,reverse,encoder,direction,1.0,omitted_minus_familiar,0.009974266569583834,0.0034118779958823287,0.01653665514328534,2,
transfer,reverse,encoder,load,0.25,omitted_minus_familiar,0.01608561858152735,0.006639370551476176,0.025531866611578524,2,
transfer,reverse,encoder,load,0.5,omitted_minus_familiar,0.015358223269383103,0.003212365393455152,0.027504081145311055,2,
transfer,reverse,encoder,load,1.0,omitted_minus_familiar,0.012485117006760388,0.006460023614076438,0.018510210399444338,2,
transfer,reverse,encoder,repeat,0.25,omitted_minus_familiar,0.014050819361821176,0.011237960404310465,0.016863678319331887,2,
transfer,reverse,encoder,repeat,0.5,omitted_minus_familiar,0.007899858439579965,-0.003978177905082703,0.019777894784242633,2,
transfer,reverse,encoder,repeat,1.0,omitted_minus_familiar,0.008397627526368828,0.00350914341516978,0.013286111637567877,2,
transfer,reverse,encoder,single,0.25,omitted_minus_familiar,0.04756863940602701,0.03879479032296407,0.05634248848908996,2,
transfer,reverse,encoder,single,0.5,omitted_minus_familiar,0.02943824919370505,0.014510263426181613,0.04436623496122849,2,
transfer,reverse,encoder,single,1.0,omitted_minus_familiar,0.015303079229898875,0.014166538914044624,0.016439619545753126,2,
transfer,reverse,encoder,speed,0.25,omitted_minus_familiar,0.023183068212790398,0.004023938224865908,0.04234219820071489,2,
transfer,reverse,encoder,speed,0.5,omitted_minus_familiar,0.008754837971467255,-0.005319359592902362,0.022829035535836872,2,
transfer,reverse,encoder,speed,1.0,omitted_minus_familiar,0.005014201387380984,-0.005907184993609371,0.01593558776837134,2,
transfer,reverse,encoder_wrong_support,direction,0.25,omitted_minus_familiar,0.022742513949290222,-0.004147068621256467,0.04963209651983691,2,
transfer,reverse,encoder_wrong_support,direction,0.5,omitted_minus_familiar,0.023789301705666066,0.0012352309930019345,0.0463433724183302,2,
transfer,reverse,encoder_wrong_support,direction,1.0,omitted_minus_familiar,0.018776096690159533,-0.0022520986505043528,0.03980429203082342,2,
transfer,reverse,encoder_wrong_support,load,0.25,omitted_minus_familiar,0.02498031111481852,-0.017894603312015644,0.06785522554165269,2,
transfer,reverse,encoder_wrong_support,load,0.5,omitted_minus_familiar,0.023845287756277977,-0.013401225782357695,0.06109180129491365,2,
transfer,reverse,encoder_wrong_support,load,1.0,omitted_minus_familiar,0.013561406005651533,-0.015711177235994578,0.042833989247297644,2,
transfer,reverse,encoder_wrong_support,repeat,0.25,omitted_minus_familiar,0.0198160177813127,-0.0198049910175494,0.0594370265801748,2,
transfer,reverse,encoder_wrong_support,repeat,0.5,omitted_minus_familiar,0.0206733099543131,-0.01810830334822333,0.059454923256849534,2,
transfer,reverse,encoder_wrong_support,repeat,1.0,omitted_minus_familiar,0.01628020635017985,-0.01700367033481598,0.04956408303517568,2,
transfer,reverse,encoder_wrong_support,single,0.25,omitted_minus_familiar,0.03650842626125386,0.0011850175185081357,0.07183183500399959,2,
transfer,reverse,encoder_wrong_support,single,0.5,omitted_minus_familiar,0.03023654165176254,-0.008428421158056976,0.06890150446158205,2,
transfer,reverse,encoder_wrong_support,single,1.0,omitted_minus_familiar,0.02024443132373005,-0.00857537469038594,0.04906423733784604,2,
transfer,reverse,encoder_wrong_support,speed,0.25,omitted_minus_familiar,0.02432704831545171,-0.002777169912289379,0.0514312665431928,2,
transfer,reverse,encoder_wrong_support,speed,0.5,omitted_minus_familiar,0.017990531925207554,-0.01201434681812924,0.04799541066854435,2,
transfer,reverse,encoder_wrong_support,speed,1.0,omitted_minus_familiar,0.014769077109984874,-0.012288819902982473,0.04182697412295222,2,
transfer,reverse,fixed_features,direction,0.25,omitted_minus_familiar,0.016863246494412704,0.013655447359085082,0.020071045629740325,2,
transfer,reverse,fixed_features,direction,0.5,omitted_minus_familiar,0.014499480063656256,0.012518404357834467,0.016480555769478045,2,
transfer,reverse,fixed_features,direction,1.0,omitted_minus_familiar,0.015099930566817826,0.01495718543153951,0.015242675702096142,2,
transfer,reverse,fixed_features,load,0.25,omitted_minus_familiar,0.019374479768848846,0.016665564633982666,0.022083394903715026,2,
transfer,reverse,fixed_features,load,0.5,omitted_minus_familiar,0.01978274317851897,0.01651732163464026,0.02304816472239768,2,
transfer,reverse,fixed_features,load,1.0,omitted_minus_familiar,0.0197236499597524,0.017042046473167427,0.02240525344633737,2,
transfer,reverse,fixed_features,repeat,0.25,omitted_minus_familiar,0.020454553139435505,0.016444763658392814,0.024464342620478197,2,
transfer,reverse,fixed_features,repeat,0.5,omitted_minus_familiar,0.020600027401760673,0.015425884914194443,0.025774169889326903,2,
transfer,reverse,fixed_features,repeat,1.0,omitted_minus_familiar,0.019009072183867243,0.015402068159456717,0.02261607620827777,2,
transfer,reverse,fixed_features,single,0.25,omitted_minus_familiar,0.01795797999480306,0.016656127603489335,0.019259832386116782,2,
transfer,reverse,fixed_features,single,0.5,omitted_minus_familiar,0.017355066907968064,0.015930934701357036,0.018779199114579093,2,
transfer,reverse,fixed_features,single,1.0,omitted_minus_familiar,0.01740839854818585,0.014794351965558228,0.02002244513081347,2,
transfer,reverse,fixed_features,speed,0.25,omitted_minus_familiar,0.02211281582145136,0.021156963715349753,0.023068667927552966,2,
transfer,reverse,fixed_features,speed,0.5,omitted_minus_familiar,0.020836293351202295,0.02068043710484263,0.02099214959756196,2,
transfer,reverse,fixed_features,speed,1.0,omitted_minus_familiar,0.018403751094794946,0.017039978483134044,0.019767523706455847,2,
transfer,reverse,retrieval,direction,0.25,omitted_minus_familiar,0.1627772917424396,0.12221805503980013,0.2033365284450791,2,
transfer,reverse,retrieval,direction,0.5,omitted_minus_familiar,0.1627772917424396,0.12221805503980013,0.2033365284450791,2,
transfer,reverse,retrieval,direction,1.0,omitted_minus_familiar,0.1627772917424396,0.12221805503980013,0.2033365284450791,2,
transfer,reverse,retrieval,load,0.25,omitted_minus_familiar,0.1296173486048961,0.055898168764713096,0.2033365284450791,2,
transfer,reverse,retrieval,load,0.5,omitted_minus_familiar,0.1627772917424396,0.12221805503980013,0.2033365284450791,2,
transfer,reverse,retrieval,load,1.0,omitted_minus_familiar,0.1627772917424396,0.12221805503980013,0.2033365284450791,2,
transfer,reverse,retrieval,repeat,0.25,omitted_minus_familiar,0.1627772917424396,0.12221805503980013,0.2033365284450791,2,
transfer,reverse,retrieval,repeat,0.5,omitted_minus_familiar,0.1627772917424396,0.12221805503980013,0.2033365284450791,2,
transfer,reverse,retrieval,repeat,1.0,omitted_minus_familiar,0.1627772917424396,0.12221805503980013,0.2033365284450791,2,
transfer,reverse,retrieval,single,0.25,omitted_minus_familiar,0.1627772917424396,0.12221805503980013,0.2033365284450791,2,
transfer,reverse,retrieval,single,0.5,omitted_minus_familiar,0.1627772917424396,0.12221805503980013,0.2033365284450791,2,
transfer,reverse,retrieval,single,1.0,omitted_minus_familiar,0.1627772917424396,0.12221805503980013,0.2033365284450791,2,
transfer,reverse,retrieval,speed,0.25,omitted_minus_familiar,0.1627772917424396,0.12221805503980013,0.2033365284450791,2,
transfer,reverse,retrieval,speed,0.5,omitted_minus_familiar,0.1627772917424396,0.12221805503980013,0.2033365284450791,2,
transfer,reverse,retrieval,speed,1.0,omitted_minus_familiar,0.1627772917424396,0.12221805503980013,0.2033365284450791,2,
transfer,reverse,speed_rescaling,direction,0.25,omitted_minus_familiar,-0.0007559916894683272,-0.0008833058796698934,-0.000628677499266761,2,
transfer,reverse,speed_rescaling,direction,0.5,omitted_minus_familiar,-0.00072688019754924,-0.0007700116700861681,-0.000683748725012312,2,
transfer,reverse,speed_rescaling,direction,1.0,omitted_minus_familiar,-0.0006662146896890819,-0.0006672926976811766,-0.0006651366816969873,2,
transfer,reverse,speed_rescaling,load,0.25,omitted_minus_familiar,-0.0003155105921991974,-0.0008987819594302726,0.0002677607750318778,2,
transfer,reverse,speed_rescaling,load,0.5,omitted_minus_familiar,-0.00019576641196800137,-0.0008631336128209766,0.0004716007888849738,2,
transfer,reverse,speed_rescaling,load,1.0,omitted_minus_familiar,-0.000173170416174373,-0.0007453696975934232,0.0003990288652446772,2,
transfer,reverse,speed_rescaling,repeat,0.25,omitted_minus_familiar,-0.00024721729789511926,-0.0009393156075134801,0.00044488101172324157,2,
transfer,reverse,speed_rescaling,repeat,0.5,omitted_minus_familiar,-0.00019073657671364597,-0.0007431402411750554,0.00036166708774776346,2,
transfer,reverse,speed_rescaling,repeat,1.0,omitted_minus_familiar,-5.234820444610655e-05,-0.000574420366634687,0.0004697239577424739,2,
transfer,reverse,speed_rescaling,single,0.25,omitted_minus_familiar,-0.0003155105921991974,-0.0008987819594302726,0.0002677607750318778,2,
transfer,reverse,speed_rescaling,single,0.5,omitted_minus_familiar,-0.00019576641196800137,-0.0008631336128209766,0.0004716007888849738,2,
transfer,reverse,speed_rescaling,single,1.0,omitted_minus_familiar,-0.000173170416174373,-0.0007453696975934232,0.0003990288652446772,2,
transfer,reverse,speed_rescaling,speed,0.25,omitted_minus_familiar,-0.0003155105921991974,-0.0008987819594302726,0.0002677607750318778,2,
transfer,reverse,speed_rescaling,speed,0.5,omitted_minus_familiar,-0.00019576641196800137,-0.0008631336128209766,0.0004716007888849738,2,
transfer,reverse,speed_rescaling,speed,1.0,omitted_minus_familiar,-0.000173170416174373,-0.0007453696975934232,0.0003990288652446772,2,
selection,forward,conditions_only,,0.5,repeat_minus_direction,0.0,0.0,0.0,2,familiar
selection,forward,copy,,0.5,repeat_minus_direction,0.05913679733724431,0.046197457984821,0.07207613668966761,2,familiar
selection,forward,encoder,,0.5,repeat_minus_direction,0.008072994084972362,0.0010027153925462051,0.01514327277739852,2,familiar
selection,forward,encoder_wrong_support,,0.5,repeat_minus_direction,0.07939063306107666,0.057138107491262025,0.1016431586308913,2,familiar
selection,forward,fixed_features,,0.5,repeat_minus_direction,-0.0022683106146813847,-0.0024132502054174387,-0.0021233710239453307,2,familiar
selection,forward,retrieval,,0.5,repeat_minus_direction,0.0,0.0,0.0,2,familiar
selection,forward,speed_rescaling,,0.5,repeat_minus_direction,-0.05531994349741315,-0.06539275113982057,-0.04524713585500573,2,familiar
selection,reverse,conditions_only,,0.5,repeat_minus_direction,0.0,0.0,0.0,2,familiar
selection,reverse,copy,,0.5,repeat_minus_direction,0.050558274904837275,0.03906178557583673,0.06205476423383782,2,familiar
selection,reverse,encoder,,0.5,repeat_minus_direction,0.0020956399314331076,-0.0008381327444856868,0.005029412607351902,2,familiar
selection,reverse,encoder_wrong_support,,0.5,repeat_minus_direction,0.1042279560457576,0.028314676700216257,0.18014123539129895,2,familiar
selection,reverse,fixed_features,,0.5,repeat_minus_direction,-0.014742467387887231,-0.027605209586662516,-0.001879725189111947,2,familiar
selection,reverse,retrieval,,0.5,repeat_minus_direction,0.0,0.0,0.0,2,familiar
selection,reverse,speed_rescaling,,0.5,repeat_minus_direction,-0.05652890604275468,-0.06706649044954216,-0.0459913216359672,2,familiar
transfer,forward,conditions_only,,0.5,repeat_minus_direction,0.0,0.0,0.0,2,familiar
transfer,forward,copy,,0.5,repeat_minus_direction,0.08740151308715652,0.07368766836956159,0.10111535780475145,2,familiar
transfer,forward,encoder,,0.5,repeat_minus_direction,0.00025897635481297865,-0.019008402258921864,0.01952635496854782,2,familiar
transfer,forward,encoder_wrong_support,,0.5,repeat_minus_direction,0.08136720496874586,0.06037599192215837,0.10235841801533335,2,familiar
transfer,forward,fixed_features,,0.5,repeat_minus_direction,-0.0004921523216276369,-0.0012696835706461629,0.0002853789273908891,2,familiar
transfer,forward,retrieval,,0.5,repeat_minus_direction,0.0,0.0,0.0,2,familiar
transfer,forward,speed_rescaling,,0.5,repeat_minus_direction,-0.057931404642459494,-0.06779915198228936,-0.048063657302629625,2,familiar
transfer,reverse,conditions_only,,0.5,repeat_minus_direction,0.0,0.0,0.0,2,familiar
transfer,reverse,copy,,0.5,repeat_minus_direction,0.06998352526589646,0.048195962555336425,0.0917710879764565,2,familiar
transfer,reverse,encoder,,0.5,repeat_minus_direction,-0.0023341181759650442,-0.00467726225272197,9.02590079188137e-06,2,familiar
transfer,reverse,encoder_wrong_support,,0.5,repeat_minus_direction,0.10872267415890327,0.028295997243661164,0.18914935107414538,2,familiar
transfer,reverse,fixed_features,,0.5,repeat_minus_direction,-0.01962474193388286,-0.03541856836866081,-0.0038309154991049144,2,familiar
transfer,reverse,retrieval,,0.5,repeat_minus_direction,0.0,0.0,0.0,2,familiar
transfer,reverse,speed_rescaling,,0.5,repeat_minus_direction,-0.05843168725588321,-0.07377810709981047,-0.04308526741195595,2,familiar
selection,forward,conditions_only,,0.5,repeat_minus_direction,0.0,0.0,0.0,2,omitted
selection,forward,copy,,0.5,repeat_minus_direction,0.05913679733724431,0.046197457984821,0.07207613668966761,2,omitted
selection,forward,encoder,,0.5,repeat_minus_direction,0.012677308002656096,0.006260091043782889,0.019094524961529302,2,omitted
selection,forward,encoder_wrong_support,,0.5,repeat_minus_direction,0.08989103550486496,0.04315115285642224,0.1366309181533077,2,omitted
selection,forward,fixed_features,,0.5,repeat_minus_direction,0.0010573962041471319,0.0003555293841038809,0.0017592630241903828,2,omitted
selection,forward,retrieval,,0.5,repeat_minus_direction,0.0,0.0,0.0,2,omitted
selection,forward,speed_rescaling,,0.5,repeat_minus_direction,-0.0547281889194251,-0.06444467433302403,-0.04501170350582617,2,omitted
selection,reverse,conditions_only,,0.5,repeat_minus_direction,0.0,0.0,0.0,2,omitted
selection,reverse,copy,,0.5,repeat_minus_direction,0.050558274904837275,0.03906178557583673,0.06205476423383782,2,omitted
selection,reverse,encoder,,0.5,repeat_minus_direction,-0.0014608909912181278,-0.018795219899126914,0.015873437916690658,2,omitted
selection,reverse,encoder_wrong_support,,0.5,repeat_minus_direction,0.10394273416110969,0.041782407598061955,0.16610306072415743,2,omitted
selection,reverse,fixed_features,,0.5,repeat_minus_direction,-0.00731769674986843,-0.013710126196516681,-0.0009252673032201786,2,omitted
selection,reverse,retrieval,,0.5,repeat_minus_direction,0.0,0.0,0.0,2,omitted
selection,reverse,speed_rescaling,,0.5,repeat_minus_direction,-0.055890111259668473,-0.06607341483921791,-0.04570680768011903,2,omitted
transfer,forward,conditions_only,,0.5,repeat_minus_direction,0.0,0.0,0.0,2,omitted
transfer,forward,copy,,0.5,repeat_minus_direction,0.08740151308715652,0.07368766836956159,0.10111535780475145,2,omitted
transfer,forward,encoder,,0.5,repeat_minus_direction,0.0025800216274383947,-0.004374614701821267,0.009534657956698056,2,omitted
transfer,forward,encoder_wrong_support,,0.5,repeat_minus_direction,0.09012832626318323,0.044800657874498606,0.13545599465186786,2,omitted
transfer,forward,fixed_features,,0.5,repeat_minus_direction,2.1502716060661786e-05,-0.005156143758923981,0.005199149191045305,2,omitted
transfer,forward,retrieval,,0.5,repeat_minus_direction,0.0,0.0,0.0,2,omitted
transfer,forward,speed_rescaling,,0.5,repeat_minus_direction,-0.05740196894053512,-0.06671674972602215,-0.04808718815504809,2,omitted
transfer,reverse,conditions_only,,0.5,repeat_minus_direction,0.0,0.0,0.0,2,omitted
transfer,reverse,copy,,0.5,repeat_minus_direction,0.06998352526589646,0.048195962555336425,0.0917710879764565,2,omitted
transfer,reverse,encoder,,0.5,repeat_minus_direction,-0.005710711368383498,-0.022511579860479358,0.011090157123712363,2,omitted
transfer,reverse,encoder_wrong_support,,0.5,repeat_minus_direction,0.1056066824075503,0.0414075480821805,0.1698058167329201,2,omitted
transfer,reverse,fixed_features,,0.5,repeat_minus_direction,-0.013524194595778444,-0.02216280283716837,-0.004885586354388516,2,omitted
transfer,reverse,retrieval,,0.5,repeat_minus_direction,0.0,0.0,0.0,2,omitted
transfer,reverse,speed_rescaling,,0.5,repeat_minus_direction,-0.05789554363504762,-0.0727326912870504,-0.04305839598304484,2,omitted
