experiment,model,seed,exact_prediction_reproduction
expanded,conditions_only,-1,True
expanded,copy,-1,True
expanded,fixed_features,-1,True
expanded,speed_rescaling,-1,True
expanded,retrieval,-1,True
expanded,encoder,0,True
expanded,encoder_wrong_support,0,True
expanded,encoder,1,True
expanded,encoder_wrong_support,1,True
expanded,encoder,2,True
expanded,encoder_wrong_support,2,True
omitted,conditions_only,-1,True
omitted,copy,-1,True
omitted,fixed_features,-1,True
omitted,speed_rescaling,-1,True
omitted,retrieval,-1,True
omitted,encoder,0,True
omitted,encoder_wrong_support,0,True
omitted,encoder,1,True
omitted,encoder_wrong_support,1,True
omitted,encoder,2,True
omitted,encoder_wrong_support,2,True
