experiment,evaluation_partition,orientation,model,protocol,duration_s,log_power_mae,modeled_band_total_rms_error,surfaces
expanded,selection,forward,conditions_only,direction,0.25,0.3225057499661472,0.3123353141163484,2
expanded,selection,forward,conditions_only,direction,0.5,0.3225057499661472,0.3123353141163484,2
expanded,selection,forward,conditions_only,direction,1.0,0.3225057499661472,0.3123353141163484,2
expanded,selection,forward,conditions_only,load,0.25,0.3225057499661472,0.3123353141163484,2
expanded,selection,forward,conditions_only,load,0.5,0.3225057499661472,0.3123353141163484,2
expanded,selection,forward,conditions_only,load,1.0,0.3225057499661472,0.3123353141163484,2
expanded,selection,forward,conditions_only,repeat,0.25,0.3225057499661472,0.3123353141163484,2
expanded,selection,forward,conditions_only,repeat,0.5,0.3225057499661472,0.3123353141163484,2
expanded,selection,forward,conditions_only,repeat,1.0,0.3225057499661472,0.3123353141163484,2
expanded,selection,forward,conditions_only,single,0.25,0.3225057499661472,0.3123353141163484,2
expanded,selection,forward,conditions_only,single,0.5,0.3225057499661472,0.3123353141163484,2
expanded,selection,forward,conditions_only,single,1.0,0.3225057499661472,0.3123353141163484,2
expanded,selection,forward,conditions_only,speed,0.25,0.3225057499661472,0.3123353141163484,2
expanded,selection,forward,conditions_only,speed,0.5,0.3225057499661472,0.3123353141163484,2
expanded,selection,forward,conditions_only,speed,1.0,0.3225057499661472,0.3123353141163484,2
expanded,selection,forward,copy,direction,0.25,0.5218409718373416,0.7246495134806273,2
expanded,selection,forward,copy,direction,0.5,0.5108964537419143,0.6891520885728777,2
expanded,selection,forward,copy,direction,1.0,0.5045314817863488,0.6689784083525194,2
expanded,selection,forward,copy,load,0.25,0.46066927198525387,0.5784552480036517,2
expanded,selection,forward,copy,load,0.5,0.4422978760505952,0.6065910576286895,2
expanded,selection,forward,copy,load,1.0,0.43520674394533443,0.6270390865715425,2
expanded,selection,forward,copy,repeat,0.25,0.4592813102083936,0.5798479282074582,2
expanded,selection,forward,copy,repeat,0.5,0.4481220605413486,0.6067870278846288,2
expanded,selection,forward,copy,repeat,1.0,0.4404137342316212,0.628133522266785,2
expanded,selection,forward,copy,single,0.25,0.4860965111586343,0.5851855180221825,2
expanded,selection,forward,copy,single,0.5,0.4606558006254449,0.621623409058136,2
expanded,selection,forward,copy,single,1.0,0.4497234695536079,0.6410328386944539,2
expanded,selection,forward,copy,speed,0.25,0.458834438793013,0.6318620420266658,2
expanded,selection,forward,copy,speed,0.5,0.4526814524356576,0.6583391360902684,2
expanded,selection,forward,copy,speed,1.0,0.4576467582970725,0.687222616994191,2
expanded,selection,forward,encoder,direction,0.25,0.21627618682881194,0.21436263253362808,2
expanded,selection,forward,encoder,direction,0.5,0.20196288141111535,0.2131098850879397,2
expanded,selection,forward,encoder,direction,1.0,0.20362450492878756,0.21004932236338597,2
expanded,selection,forward,encoder,load,0.25,0.20131749535600346,0.21933052131438496,2
expanded,selection,forward,encoder,load,0.5,0.20007568039000034,0.21318953442609195,2
expanded,selection,forward,encoder,load,1.0,0.21200984095533687,0.21371990237507438,2
expanded,selection,forward,encoder,repeat,0.25,0.21432951154808205,0.1967769102932817,2
expanded,selection,forward,encoder,repeat,0.5,0.2048595311741034,0.2250038387275154,2
expanded,selection,forward,encoder,repeat,1.0,0.20243186752001446,0.21309290184035642,2
expanded,selection,forward,encoder,single,0.25,0.20747505376736322,0.22488301252484832,2
expanded,selection,forward,encoder,single,0.5,0.2049092718710502,0.22476531774781844,2
expanded,selection,forward,encoder,single,1.0,0.22005637052158514,0.2083290844750409,2
expanded,selection,forward,encoder,speed,0.25,0.22023038504024345,0.25513235552013025,2
expanded,selection,forward,encoder,speed,0.5,0.229768393561244,0.24400579353153296,2
expanded,selection,forward,encoder,speed,1.0,0.22174108711381751,0.23731796383318166,2
expanded,selection,forward,encoder_wrong_support,direction,0.25,0.4410844768087069,0.25296898451788724,2
expanded,selection,forward,encoder_wrong_support,direction,0.5,0.4967797423402468,0.2740482800531546,2
expanded,selection,forward,encoder_wrong_support,direction,1.0,0.4975714484850565,0.2728936196371141,2
expanded,selection,forward,encoder_wrong_support,load,0.25,0.5213274266570807,0.289243561438384,2
expanded,selection,forward,encoder_wrong_support,load,0.5,0.5356893638769785,0.30223458140214954,2
expanded,selection,forward,encoder_wrong_support,load,1.0,0.5659111551940441,0.32520482203977746,2
expanded,selection,forward,encoder_wrong_support,repeat,0.25,0.48789285495877266,0.27131347604276174,2
expanded,selection,forward,encoder_wrong_support,repeat,0.5,0.5709364687403042,0.32431562783843815,2
expanded,selection,forward,encoder_wrong_support,repeat,1.0,0.5393997319042683,0.3037725023016452,2
expanded,selection,forward,encoder_wrong_support,single,0.25,0.4952655335267385,0.2759227934622398,2
expanded,selection,forward,encoder_wrong_support,single,0.5,0.567924669633309,0.3127249105175217,2
expanded,selection,forward,encoder_wrong_support,single,1.0,0.5705565226574738,0.31943820456936306,2
expanded,selection,forward,encoder_wrong_support,speed,0.25,0.5585019035885732,0.3207805385430815,2
expanded,selection,forward,encoder_wrong_support,speed,0.5,0.6262062080204487,0.36525746803320525,2
expanded,selection,forward,encoder_wrong_support,speed,1.0,0.6022999274233978,0.35140207094313014,2
expanded,selection,forward,fixed_features,direction,0.25,0.20310353129207598,0.209547301319836,2
expanded,selection,forward,fixed_features,direction,0.5,0.20412292801815557,0.20684959788444843,2
expanded,selection,forward,fixed_features,direction,1.0,0.20422610499935295,0.20292385141949013,2
expanded,selection,forward,fixed_features,load,0.25,0.20352051222840917,0.2146840960095964,2
expanded,selection,forward,fixed_features,load,0.5,0.1984549463345902,0.21973877928030075,2
expanded,selection,forward,fixed_features,load,1.0,0.19858532469678192,0.22004835910482018,2
expanded,selection,forward,fixed_features,repeat,0.25,0.20022257448046776,0.21732561080561963,2
expanded,selection,forward,fixed_features,repeat,0.5,0.1984900215353083,0.21883800644531615,2
expanded,selection,forward,fixed_features,repeat,1.0,0.19753321558639297,0.21409192304484126,2
expanded,selection,forward,fixed_features,single,0.25,0.21008403701709805,0.21012836779215213,2
expanded,selection,forward,fixed_features,single,0.5,0.20160563357256547,0.21369893927808498,2
expanded,selection,forward,fixed_features,single,1.0,0.19903403856843715,0.21231560832279867,2
expanded,selection,forward,fixed_features,speed,0.25,0.20524051412374597,0.2258450641553607,2
expanded,selection,forward,fixed_features,speed,0.5,0.20230144343208628,0.22289593133731522,2
expanded,selection,forward,fixed_features,speed,1.0,0.2003835025572136,0.22191039699653917,2
expanded,selection,forward,retrieval,direction,0.25,0.17264785375033764,0.12022631239719117,2
expanded,selection,forward,retrieval,direction,0.5,0.17264785375033764,0.12022631239719117,2
expanded,selection,forward,retrieval,direction,1.0,0.17264785375033764,0.12022631239719117,2
expanded,selection,forward,retrieval,load,0.25,0.17264785375033764,0.12022631239719117,2
expanded,selection,forward,retrieval,load,0.5,0.17264785375033764,0.12022631239719117,2
expanded,selection,forward,retrieval,load,1.0,0.17264785375033764,0.12022631239719117,2
expanded,selection,forward,retrieval,repeat,0.25,0.17264785375033764,0.12022631239719117,2
expanded,selection,forward,retrieval,repeat,0.5,0.17264785375033764,0.12022631239719117,2
expanded,selection,forward,retrieval,repeat,1.0,0.17264785375033764,0.12022631239719117,2
expanded,selection,forward,retrieval,single,0.25,0.17264785375033764,0.12022631239719117,2
expanded,selection,forward,retrieval,single,0.5,0.17264785375033764,0.12022631239719117,2
expanded,selection,forward,retrieval,single,1.0,0.17264785375033764,0.12022631239719117,2
expanded,selection,forward,retrieval,speed,0.25,0.17264785375033764,0.12022631239719117,2
expanded,selection,forward,retrieval,speed,0.5,0.17264785375033764,0.12022631239719117,2
expanded,selection,forward,retrieval,speed,1.0,0.17264785375033764,0.12022631239719117,2
expanded,selection,forward,speed_rescaling,direction,0.25,0.44902166038118596,0.34484562305453936,2
expanded,selection,forward,speed_rescaling,direction,0.5,0.4279900273620915,0.34214878374359975,2
expanded,selection,forward,speed_rescaling,direction,1.0,0.40982349755209657,0.33976208077749664,2
expanded,selection,forward,speed_rescaling,load,0.25,0.5004692105902365,0.5384217056815027,2
expanded,selection,forward,speed_rescaling,load,0.5,0.4785026576507496,0.5823690089168708,2
expanded,selection,forward,speed_rescaling,load,1.0,0.4620416296514934,0.6061537585373877,2
expanded,selection,forward,speed_rescaling,repeat,0.25,0.5004692105902365,0.5384217056815027,2
expanded,selection,forward,speed_rescaling,repeat,0.5,0.4785026576507496,0.5823690089168708,2
expanded,selection,forward,speed_rescaling,repeat,1.0,0.4620416296514934,0.6061537585373877,2
expanded,selection,forward,speed_rescaling,single,0.25,0.5004692105902365,0.5384217056815027,2
expanded,selection,forward,speed_rescaling,single,0.5,0.4785026576507496,0.5823690089168708,2
expanded,selection,forward,speed_rescaling,single,1.0,0.4620416296514934,0.6061537585373877,2
expanded,selection,forward,speed_rescaling,speed,0.25,0.5004692105902365,0.5384217056815027,2
expanded,selection,forward,speed_rescaling,speed,0.5,0.4785026576507496,0.5823690089168708,2
expanded,selection,forward,speed_rescaling,speed,1.0,0.4620416296514934,0.6061537585373877,2
expanded,selection,reverse,conditions_only,direction,0.25,0.3295361763637946,0.33739638133296646,2
expanded,selection,reverse,conditions_only,direction,0.5,0.3295361763637946,0.33739638133296646,2
expanded,selection,reverse,conditions_only,direction,1.0,0.3295361763637946,0.33739638133296646,2
expanded,selection,reverse,conditions_only,load,0.25,0.3295361763637946,0.33739638133296646,2
expanded,selection,reverse,conditions_only,load,0.5,0.3295361763637946,0.33739638133296646,2
expanded,selection,reverse,conditions_only,load,1.0,0.3295361763637946,0.33739638133296646,2
expanded,selection,reverse,conditions_only,repeat,0.25,0.3295361763637946,0.33739638133296646,2
expanded,selection,reverse,conditions_only,repeat,0.5,0.3295361763637946,0.33739638133296646,2
expanded,selection,reverse,conditions_only,repeat,1.0,0.3295361763637946,0.33739638133296646,2
expanded,selection,reverse,conditions_only,single,0.25,0.3295361763637946,0.33739638133296646,2
expanded,selection,reverse,conditions_only,single,0.5,0.3295361763637946,0.33739638133296646,2
expanded,selection,reverse,conditions_only,single,1.0,0.3295361763637946,0.33739638133296646,2
expanded,selection,reverse,conditions_only,speed,0.25,0.3295361763637946,0.33739638133296646,2
expanded,selection,reverse,conditions_only,speed,0.5,0.3295361763637946,0.33739638133296646,2
expanded,selection,reverse,conditions_only,speed,1.0,0.3295361763637946,0.33739638133296646,2
expanded,selection,reverse,copy,direction,0.25,0.5287878415248559,0.7293520015707727,2
expanded,selection,reverse,copy,direction,0.5,0.5235675350828819,0.7002830623561307,2
expanded,selection,reverse,copy,direction,1.0,0.5138472019329714,0.6791237439114797,2
expanded,selection,reverse,copy,load,0.25,0.4740561828231974,0.5893887460076324,2
expanded,selection,reverse,copy,load,0.5,0.4586242128196618,0.6150841739823157,2
expanded,selection,reverse,copy,load,1.0,0.4485208221144211,0.6388053215963796,2
expanded,selection,reverse,copy,repeat,0.25,0.4639275542136797,0.6041295542376804,2
expanded,selection,reverse,copy,repeat,0.5,0.45504756382806827,0.6310686539148509,2
expanded,selection,reverse,copy,repeat,1.0,0.44846008579602253,0.6524151482970071,2
expanded,selection,reverse,copy,single,0.25,0.48301794399124676,0.598941563204433,2
expanded,selection,reverse,copy,single,0.5,0.46605393147213675,0.6171253585133734,2
expanded,selection,reverse,copy,single,1.0,0.45294693946633385,0.6402877456645097,2
expanded,selection,reverse,copy,speed,0.25,0.45634054751499764,0.6525737940414135,2
expanded,selection,reverse,copy,speed,0.5,0.4502691551053726,0.6665576451781565,2
expanded,selection,reverse,copy,speed,1.0,0.4533894102632361,0.6829651541280644,2
expanded,selection,reverse,encoder,direction,0.25,0.29251792654395103,0.16839854071656107,2
expanded,selection,reverse,encoder,direction,0.5,0.23259920347481966,0.173864967807276,2
expanded,selection,reverse,encoder,direction,1.0,0.22050518356263638,0.20030465301676176,2
expanded,selection,reverse,encoder,load,0.25,0.221641577159365,0.16226054760043288,2
expanded,selection,reverse,encoder,load,0.5,0.21736399829387665,0.16855653148349203,2
expanded,selection,reverse,encoder,load,1.0,0.21829371216396493,0.17264285190605544,2
expanded,selection,reverse,encoder,repeat,0.25,0.21434932481497526,0.1710029712555423,2
expanded,selection,reverse,encoder,repeat,0.5,0.2005803280820449,0.1931994802410701,2
expanded,selection,reverse,encoder,repeat,1.0,0.20012589109440646,0.1844166022592882,2
expanded,selection,reverse,encoder,single,0.25,0.365434430539608,0.16690125117364224,2
expanded,selection,reverse,encoder,single,0.5,0.24996956437826157,0.1678203880371819,2
expanded,selection,reverse,encoder,single,1.0,0.22958192850152653,0.15453095763999514,2
expanded,selection,reverse,encoder,speed,0.25,0.30009284553428495,0.18286220683137583,2
expanded,selection,reverse,encoder,speed,0.5,0.25483504496514797,0.1875995688274414,2
expanded,selection,reverse,encoder,speed,1.0,0.23152799655993778,0.1900182780630961,2
expanded,selection,reverse,encoder_wrong_support,direction,0.25,0.4483982728173335,0.2553509133814236,2
expanded,selection,reverse,encoder_wrong_support,direction,0.5,0.4919975077112516,0.3101440885807385,2
expanded,selection,reverse,encoder_wrong_support,direction,1.0,0.4602470938116312,0.2936917349965368,2
expanded,selection,reverse,encoder_wrong_support,load,0.25,0.5107663795351982,0.3290606135731284,2
expanded,selection,reverse,encoder_wrong_support,load,0.5,0.5428231010834376,0.3496178265690065,2
expanded,selection,reverse,encoder_wrong_support,load,1.0,0.5650214118262131,0.3605409114657947,2
expanded,selection,reverse,encoder_wrong_support,repeat,0.25,0.4901767012973627,0.3116831474461089,2
expanded,selection,reverse,encoder_wrong_support,repeat,0.5,0.5769652277231216,0.36468529924178533,2
expanded,selection,reverse,encoder_wrong_support,repeat,1.0,0.5436771536866825,0.3441421737049924,2
expanded,selection,reverse,encoder_wrong_support,single,0.25,0.5263695567846298,0.3206364828856421,2
expanded,selection,reverse,encoder_wrong_support,single,0.5,0.5744412429630756,0.3731654352632512,2
expanded,selection,reverse,encoder_wrong_support,single,1.0,0.5075787169237932,0.3137531808072342,2
expanded,selection,reverse,encoder_wrong_support,speed,0.25,0.3979129909227292,0.2342645306757054,2
expanded,selection,reverse,encoder_wrong_support,speed,0.5,0.4033921329925457,0.2604678058061095,2
expanded,selection,reverse,encoder_wrong_support,speed,1.0,0.4199305387834708,0.2774450840849516,2
expanded,selection,reverse,fixed_features,direction,0.25,0.21159108999241052,0.17086529346503465,2
expanded,selection,reverse,fixed_features,direction,0.5,0.21634647421013437,0.17426415647271212,2
expanded,selection,reverse,fixed_features,direction,1.0,0.21359626853129626,0.17093015486366112,2
expanded,selection,reverse,fixed_features,load,0.25,0.19565188035272374,0.19022879769943918,2
expanded,selection,reverse,fixed_features,load,0.5,0.19497070480972845,0.19858584404401733,2
expanded,selection,reverse,fixed_features,load,1.0,0.19526788555933478,0.18941136631284466,2
expanded,selection,reverse,fixed_features,repeat,0.25,0.19462120888338527,0.18552125231917435,2
expanded,selection,reverse,fixed_features,repeat,0.5,0.1947125936461866,0.18703364795887087,2
expanded,selection,reverse,fixed_features,repeat,1.0,0.1960746500816935,0.19206665132988426,2
expanded,selection,reverse,fixed_features,single,0.25,0.1998689825209664,0.18714014606192436,2
expanded,selection,reverse,fixed_features,single,0.5,0.19700020788472306,0.18331738259969843,2
expanded,selection,reverse,fixed_features,single,1.0,0.19789093513544787,0.180499632649482,2
expanded,selection,reverse,fixed_features,speed,0.25,0.20123904696795875,0.21026804614428524,2
expanded,selection,reverse,fixed_features,speed,0.5,0.1998582711157041,0.1955869505112381,2
expanded,selection,reverse,fixed_features,speed,1.0,0.19890258863684893,0.19527856190513931,2
expanded,selection,reverse,retrieval,direction,0.25,0.1602777150071773,0.14098752354012137,2
expanded,selection,reverse,retrieval,direction,0.5,0.1602777150071773,0.14098752354012137,2
expanded,selection,reverse,retrieval,direction,1.0,0.1602777150071773,0.14098752354012137,2
expanded,selection,reverse,retrieval,load,0.25,0.3710027948352045,1.3742850206694839,2
expanded,selection,reverse,retrieval,load,0.5,0.1602777150071773,0.14098752354012137,2
expanded,selection,reverse,retrieval,load,1.0,0.1602777150071773,0.14098752354012137,2
expanded,selection,reverse,retrieval,repeat,0.25,0.1602777150071773,0.14098752354012137,2
expanded,selection,reverse,retrieval,repeat,0.5,0.1602777150071773,0.14098752354012137,2
expanded,selection,reverse,retrieval,repeat,1.0,0.1602777150071773,0.14098752354012137,2
expanded,selection,reverse,retrieval,single,0.25,0.1602777150071773,0.14098752354012137,2
expanded,selection,reverse,retrieval,single,0.5,0.1602777150071773,0.14098752354012137,2
expanded,selection,reverse,retrieval,single,1.0,0.1602777150071773,0.14098752354012137,2
expanded,selection,reverse,retrieval,speed,0.25,0.1602777150071773,0.14098752354012137,2
expanded,selection,reverse,retrieval,speed,0.5,0.1602777150071773,0.14098752354012137,2
expanded,selection,reverse,retrieval,speed,1.0,0.1602777150071773,0.14098752354012137,2
expanded,selection,reverse,speed_rescaling,direction,0.25,0.4597456420539943,0.31307012241966486,2
expanded,selection,reverse,speed_rescaling,direction,0.5,0.4361177899789731,0.3010257527711969,2
expanded,selection,reverse,speed_rescaling,direction,1.0,0.41929256171220397,0.30061332775619337,2
expanded,selection,reverse,speed_rescaling,load,0.25,0.49901362991148396,0.5512672315210624,2
expanded,selection,reverse,speed_rescaling,load,0.5,0.4831773084631003,0.5733167418400332,2
expanded,selection,reverse,speed_rescaling,load,1.0,0.46937150412773193,0.6012284412223259,2
expanded,selection,reverse,speed_rescaling,repeat,0.25,0.5083180487389743,0.5627033317117249,2
expanded,selection,reverse,speed_rescaling,repeat,0.5,0.4898692323266575,0.606650634947093,2
expanded,selection,reverse,speed_rescaling,repeat,1.0,0.4769755292180741,0.6304353845676098,2
expanded,selection,reverse,speed_rescaling,single,0.25,0.49901362991148396,0.5512672315210624,2
expanded,selection,reverse,speed_rescaling,single,0.5,0.4831773084631003,0.5733167418400332,2
expanded,selection,reverse,speed_rescaling,single,1.0,0.46937150412773193,0.6012284412223259,2
expanded,selection,reverse,speed_rescaling,speed,0.25,0.49901362991148396,0.5512672315210624,2
expanded,selection,reverse,speed_rescaling,speed,0.5,0.4831773084631003,0.5733167418400332,2
expanded,selection,reverse,speed_rescaling,speed,1.0,0.46937150412773193,0.6012284412223259,2
omitted,selection,forward,conditions_only,direction,0.25,0.30517300601332875,0.4544320935771835,2
omitted,selection,forward,conditions_only,direction,0.5,0.30517300601332875,0.4544320935771835,2
omitted,selection,forward,conditions_only,direction,1.0,0.30517300601332875,0.4544320935771835,2
omitted,selection,forward,conditions_only,load,0.25,0.30517300601332875,0.4544320935771835,2
omitted,selection,forward,conditions_only,load,0.5,0.30517300601332875,0.4544320935771835,2
omitted,selection,forward,conditions_only,load,1.0,0.30517300601332875,0.4544320935771835,2
omitted,selection,forward,conditions_only,repeat,0.25,0.30517300601332875,0.4544320935771835,2
omitted,selection,forward,conditions_only,repeat,0.5,0.30517300601332875,0.4544320935771835,2
omitted,selection,forward,conditions_only,repeat,1.0,0.30517300601332875,0.4544320935771835,2
omitted,selection,forward,conditions_only,single,0.25,0.30517300601332875,0.4544320935771835,2
omitted,selection,forward,conditions_only,single,0.5,0.30517300601332875,0.4544320935771835,2
omitted,selection,forward,conditions_only,single,1.0,0.30517300601332875,0.4544320935771835,2
omitted,selection,forward,conditions_only,speed,0.25,0.30517300601332875,0.4544320935771835,2
omitted,selection,forward,conditions_only,speed,0.5,0.30517300601332875,0.4544320935771835,2
omitted,selection,forward,conditions_only,speed,1.0,0.30517300601332875,0.4544320935771835,2
omitted,selection,forward,copy,direction,0.25,0.44605880321925584,0.5713181806188407,2
omitted,selection,forward,copy,direction,0.5,0.43175219733492964,0.5713181806188407,2
omitted,selection,forward,copy,direction,1.0,0.4262541933842344,0.5713181806188407,2
omitted,selection,forward,copy,load,0.25,0.6525678760395641,0.8168996048730406,2
omitted,selection,forward,copy,load,0.5,0.6450833269410476,0.8511487257871486,2
omitted,selection,forward,copy,load,1.0,0.6407156942016905,0.8814953642804886,2
omitted,selection,forward,copy,repeat,0.25,0.6636138904119547,0.816931249169887,2
omitted,selection,forward,copy,repeat,0.5,0.6664145147307193,0.8508107298469689,2
omitted,selection,forward,copy,repeat,1.0,0.6582664160402849,0.8820686157872172,2
omitted,selection,forward,copy,single,0.25,0.6854062675047754,0.8248407638005005,2
omitted,selection,forward,copy,single,0.5,0.67858424011695,0.8718547514641154,2
omitted,selection,forward,copy,single,1.0,0.6654646867517706,0.9078672486425553,2
omitted,selection,forward,copy,speed,0.25,0.6623025804720428,0.890417629901694,2
omitted,selection,forward,copy,speed,0.5,0.664025386584394,0.942479843434184,2
omitted,selection,forward,copy,speed,1.0,0.6652955071081816,0.9744634175175724,2
omitted,selection,forward,encoder,direction,0.25,0.2239696938130591,0.3344066431137689,2
omitted,selection,forward,encoder,direction,0.5,0.2221111605564753,0.3357673684808272,2
omitted,selection,forward,encoder,direction,1.0,0.2230115421116352,0.3300331535469004,2
omitted,selection,forward,encoder,load,0.25,0.23199527255362937,0.34921799093493444,2
omitted,selection,forward,encoder,load,0.5,0.23731420437494916,0.35214003000362887,2
omitted,selection,forward,encoder,load,1.0,0.24530721083283427,0.3477201318516772,2
omitted,selection,forward,encoder,repeat,0.25,0.23039329921205842,0.32076822195028276,2
omitted,selection,forward,encoder,repeat,0.5,0.2431287227405442,0.35985259669759817,2
omitted,selection,forward,encoder,repeat,1.0,0.234416167355246,0.34750054413313647,2
omitted,selection,forward,encoder,single,0.25,0.22726913417379063,0.33894555068826826,2
omitted,selection,forward,encoder,single,0.5,0.24100475758314133,0.3556136653922407,2
omitted,selection,forward,encoder,single,1.0,0.2518976935082012,0.3341129478049584,2
omitted,selection,forward,encoder,speed,0.25,0.24122745750678912,0.382267901722836,2
omitted,selection,forward,encoder,speed,0.5,0.2567113915251361,0.36425308336999884,2
omitted,selection,forward,encoder,speed,1.0,0.24774002739124829,0.35672004839571303,2
omitted,selection,forward,encoder_wrong_support,direction,0.25,0.36839694322811234,0.38448545703820086,2
omitted,selection,forward,encoder_wrong_support,direction,0.5,0.40484214739667046,0.401429031106415,2
omitted,selection,forward,encoder_wrong_support,direction,1.0,0.4072943213913176,0.3974072385892595,2
omitted,selection,forward,encoder_wrong_support,load,0.25,0.42784476114643943,0.4242813474898912,2
omitted,selection,forward,encoder_wrong_support,load,0.5,0.4414495660199059,0.4319629248339718,2
omitted,selection,forward,encoder_wrong_support,load,1.0,0.45657391680611503,0.4333623531848353,2
omitted,selection,forward,encoder_wrong_support,repeat,0.25,0.4024685079024897,0.3870879585998906,2
omitted,selection,forward,encoder_wrong_support,repeat,0.5,0.46259375082121956,0.4427003074600465,2
omitted,selection,forward,encoder_wrong_support,repeat,1.0,0.4403737866216236,0.42865038871339184,2
omitted,selection,forward,encoder_wrong_support,single,0.25,0.3995649057130019,0.3953406763987687,2
omitted,selection,forward,encoder_wrong_support,single,0.5,0.4533488179246584,0.43178787933439644,2
omitted,selection,forward,encoder_wrong_support,single,1.0,0.46007647116978967,0.42345715812198326,2
omitted,selection,forward,encoder_wrong_support,speed,0.25,0.44128278435932267,0.4152131232485073,2
omitted,selection,forward,encoder_wrong_support,speed,0.5,0.4873730407820807,0.43955807325538837,2
omitted,selection,forward,encoder_wrong_support,speed,1.0,0.4723554717169868,0.42773195927795693,2
omitted,selection,forward,fixed_features,direction,0.25,0.23994697445318142,0.34371721959389745,2
omitted,selection,forward,fixed_features,direction,0.5,0.23981188708624301,0.3353238551122462,2
omitted,selection,forward,fixed_features,direction,1.0,0.24010166247420173,0.3327981672550827,2
omitted,selection,forward,fixed_features,load,0.25,0.24151511145059623,0.34778172963403853,2
omitted,selection,forward,fixed_features,load,0.5,0.23940951745218053,0.3708532466235493,2
omitted,selection,forward,fixed_features,load,1.0,0.23830766541536108,0.37301609422528914,2
omitted,selection,forward,fixed_features,repeat,0.25,0.24158254579770966,0.37381397067417466,2
omitted,selection,forward,fixed_features,repeat,0.5,0.23993914018753293,0.3789811212060866,2
omitted,selection,forward,fixed_features,repeat,1.0,0.23857086157939794,0.36507508212267753,2
omitted,selection,forward,fixed_features,single,0.25,0.24791864936345526,0.3304667977153638,2
omitted,selection,forward,fixed_features,single,0.5,0.24282571775991044,0.344377507114983,2
omitted,selection,forward,fixed_features,single,1.0,0.23985813067611766,0.3577101391917405,2
omitted,selection,forward,fixed_features,speed,0.25,0.24587141319024527,0.35311816249431904,2
omitted,selection,forward,fixed_features,speed,0.5,0.24186101828196382,0.3666273163675325,2
omitted,selection,forward,fixed_features,speed,1.0,0.23974835087325747,0.3714296011404493,2
omitted,selection,forward,retrieval,direction,0.25,0.15630075246011038,0.09499688002209955,2
omitted,selection,forward,retrieval,direction,0.5,0.15630075246011038,0.09499688002209955,2
omitted,selection,forward,retrieval,direction,1.0,0.15630075246011038,0.09499688002209955,2
omitted,selection,forward,retrieval,load,0.25,0.15630075246011038,0.09499688002209955,2
omitted,selection,forward,retrieval,load,0.5,0.15630075246011038,0.09499688002209955,2
omitted,selection,forward,retrieval,load,1.0,0.15630075246011038,0.09499688002209955,2
omitted,selection,forward,retrieval,repeat,0.25,0.15630075246011038,0.09499688002209955,2
omitted,selection,forward,retrieval,repeat,0.5,0.15630075246011038,0.09499688002209955,2
omitted,selection,forward,retrieval,repeat,1.0,0.15630075246011038,0.09499688002209955,2
omitted,selection,forward,retrieval,single,0.25,0.15630075246011038,0.09499688002209955,2
omitted,selection,forward,retrieval,single,0.5,0.15630075246011038,0.09499688002209955,2
omitted,selection,forward,retrieval,single,1.0,0.15630075246011038,0.09499688002209955,2
omitted,selection,forward,retrieval,speed,0.25,0.15630075246011038,0.09499688002209955,2
omitted,selection,forward,retrieval,speed,0.5,0.15630075246011038,0.09499688002209955,2
omitted,selection,forward,retrieval,speed,1.0,0.15630075246011038,0.09499688002209955,2
omitted,selection,forward,speed_rescaling,direction,0.25,0.5438260229465406,0.757543548512465,2
omitted,selection,forward,speed_rescaling,direction,0.5,0.5251882111821946,0.7280595044031151,2
omitted,selection,forward,speed_rescaling,direction,1.0,0.5097782268330417,0.7100442038081862,2
omitted,selection,forward,speed_rescaling,load,0.25,0.6579823111938635,0.7583129245150702,2
omitted,selection,forward,speed_rescaling,load,0.5,0.6437063882661392,0.8003471083704163,2
omitted,selection,forward,speed_rescaling,load,1.0,0.6312310347481552,0.833531739465931,2
omitted,selection,forward,speed_rescaling,repeat,0.25,0.6579823111938635,0.7583129245150702,2
omitted,selection,forward,speed_rescaling,repeat,0.5,0.6437063882661392,0.8003471083704163,2
omitted,selection,forward,speed_rescaling,repeat,1.0,0.6312310347481552,0.833531739465931,2
omitted,selection,forward,speed_rescaling,single,0.25,0.6579823111938635,0.7583129245150702,2
omitted,selection,forward,speed_rescaling,single,0.5,0.6437063882661392,0.8003471083704163,2
omitted,selection,forward,speed_rescaling,single,1.0,0.6312310347481552,0.833531739465931,2
omitted,selection,forward,speed_rescaling,speed,0.25,0.6559307913926606,0.7646484347381082,2
omitted,selection,forward,speed_rescaling,speed,0.5,0.6442771315132276,0.8342355093276825,2
omitted,selection,forward,speed_rescaling,speed,1.0,0.6324257669776707,0.8754301390195273,2
omitted,selection,reverse,conditions_only,direction,0.25,0.3105026543489136,0.4645569477361122,2
omitted,selection,reverse,conditions_only,direction,0.5,0.3105026543489136,0.4645569477361122,2
omitted,selection,reverse,conditions_only,direction,1.0,0.3105026543489136,0.4645569477361122,2
omitted,selection,reverse,conditions_only,load,0.25,0.3105026543489136,0.4645569477361122,2
omitted,selection,reverse,conditions_only,load,0.5,0.3105026543489136,0.4645569477361122,2
omitted,selection,reverse,conditions_only,load,1.0,0.3105026543489136,0.4645569477361122,2
omitted,selection,reverse,conditions_only,repeat,0.25,0.3105026543489136,0.4645569477361122,2
omitted,selection,reverse,conditions_only,repeat,0.5,0.3105026543489136,0.4645569477361122,2
omitted,selection,reverse,conditions_only,repeat,1.0,0.3105026543489136,0.4645569477361122,2
omitted,selection,reverse,conditions_only,single,0.25,0.3105026543489136,0.4645569477361122,2
omitted,selection,reverse,conditions_only,single,0.5,0.3105026543489136,0.4645569477361122,2
omitted,selection,reverse,conditions_only,single,1.0,0.3105026543489136,0.4645569477361122,2
omitted,selection,reverse,conditions_only,speed,0.25,0.3105026543489136,0.4645569477361122,2
omitted,selection,reverse,conditions_only,speed,0.5,0.3105026543489136,0.4645569477361122,2
omitted,selection,reverse,conditions_only,speed,1.0,0.3105026543489136,0.4645569477361122,2
omitted,selection,reverse,copy,direction,0.25,0.45566758628415627,0.5911827495566485,2
omitted,selection,reverse,copy,direction,0.5,0.45081969698402136,0.5911827495566485,2
omitted,selection,reverse,copy,direction,1.0,0.441720641502082,0.5911827495566485,2
omitted,selection,reverse,copy,load,0.25,0.6619250805744187,0.8258556056408627,2
omitted,selection,reverse,copy,load,0.5,0.653305546183663,0.8495017094419992,2
omitted,selection,reverse,copy,load,1.0,0.6471518608855645,0.8739272702781706,2
omitted,selection,reverse,copy,repeat,0.25,0.6667781506445165,0.8337449021605003,2
omitted,selection,reverse,copy,repeat,0.5,0.6689401178017615,0.8614909880169466,2
omitted,selection,reverse,copy,repeat,1.0,0.6606577913292453,0.8923430068770154,2
omitted,selection,reverse,copy,single,0.25,0.6784799079526025,0.8261071381839196,2
omitted,selection,reverse,copy,single,0.5,0.6751244138962808,0.8473617478210125,2
omitted,selection,reverse,copy,single,1.0,0.6623979046420716,0.8752987903651561,2
omitted,selection,reverse,copy,speed,0.25,0.6534382643734484,0.8932260723773764,2
omitted,selection,reverse,copy,speed,0.5,0.6567503982459801,0.9197666149639703,2
omitted,selection,reverse,copy,speed,1.0,0.6569969752271794,0.9512802063477257,2
omitted,selection,reverse,encoder,direction,0.25,0.2871132546828853,0.24971407804044962,2
omitted,selection,reverse,encoder,direction,0.5,0.2452071371177832,0.3005113730170175,2
omitted,selection,reverse,encoder,direction,1.0,0.22490334428018993,0.31279269931434384,2
omitted,selection,reverse,encoder,load,0.25,0.23916006046864724,0.2978302570033439,2
omitted,selection,reverse,encoder,load,0.5,0.24912862562470967,0.3192315177722912,2
omitted,selection,reverse,encoder,load,1.0,0.25219669855303234,0.3392349699391084,2
omitted,selection,reverse,encoder,repeat,0.25,0.22705642423695988,0.3133597180758393,2
omitted,selection,reverse,encoder,repeat,0.5,0.23839894806345305,0.34730381402712807,2
omitted,selection,reverse,encoder,repeat,1.0,0.23082346717516583,0.3380288807907337,2
omitted,selection,reverse,encoder,single,0.25,0.3296216039194001,0.23656517142508932,2
omitted,selection,reverse,encoder,single,0.5,0.28260791757040554,0.30838687415710664,2
omitted,selection,reverse,encoder,single,1.0,0.2507639038893912,0.30229089679501514,2
omitted,selection,reverse,encoder,speed,0.25,0.272642106231716,0.264851627694743,2
omitted,selection,reverse,encoder,speed,0.5,0.24353637132379746,0.29527057958299596,2
omitted,selection,reverse,encoder,speed,1.0,0.22714921376771396,0.3224662183240299,2
omitted,selection,reverse,encoder_wrong_support,direction,0.25,0.3783205577896701,0.3653245994270944,2
omitted,selection,reverse,encoder_wrong_support,direction,0.5,0.40553329967790186,0.41891664725808,2
omitted,selection,reverse,encoder_wrong_support,direction,1.0,0.3780298713180754,0.40395025042185145,2
omitted,selection,reverse,encoder_wrong_support,load,0.25,0.40926186492045713,0.4214248340820337,2
omitted,selection,reverse,encoder_wrong_support,load,0.5,0.442625779658556,0.4515666696997412,2
omitted,selection,reverse,encoder_wrong_support,load,1.0,0.45426957516206634,0.46778844732989766,2
omitted,selection,reverse,encoder_wrong_support,repeat,0.25,0.3990430666340722,0.4096459866072032,2
omitted,selection,reverse,encoder_wrong_support,repeat,0.5,0.46204840309090084,0.466578722091691,2
omitted,selection,reverse,encoder_wrong_support,repeat,1.0,0.4391353709830178,0.45235907589889557,2
omitted,selection,reverse,encoder_wrong_support,single,0.25,0.4244848026169671,0.3762728263447275,2
omitted,selection,reverse,encoder_wrong_support,single,0.5,0.4610193255874846,0.45068509506453147,2
omitted,selection,reverse,encoder_wrong_support,single,1.0,0.4098554717169868,0.4210420020842508,2
omitted,selection,reverse,encoder_wrong_support,speed,0.25,0.32872017721335095,0.33465273058236966,2
omitted,selection,reverse,encoder_wrong_support,speed,0.5,0.33492862722939915,0.36152862388117724,2
omitted,selection,reverse,encoder_wrong_support,speed,1.0,0.342083548506101,0.37937357888079787,2
omitted,selection,reverse,fixed_features,direction,0.25,0.24799171865909436,0.3682952809979846,2
omitted,selection,reverse,fixed_features,direction,0.5,0.25400744944454695,0.31521504603618783,2
omitted,selection,reverse,fixed_features,direction,1.0,0.25080889984781496,0.31323004123476017,2
omitted,selection,reverse,fixed_features,load,0.25,0.23666804030824584,0.36860862546634476,2
omitted,selection,reverse,fixed_features,load,0.5,0.23602664245958987,0.38104855944090604,2
omitted,selection,reverse,fixed_features,load,1.0,0.23656850715214028,0.3667868027753952,2
omitted,selection,reverse,fixed_features,repeat,0.25,0.23786918217377878,0.3832269760886291,2
omitted,selection,reverse,fixed_features,repeat,0.5,0.23704880623279934,0.38839412662054107,2
omitted,selection,reverse,fixed_features,repeat,1.0,0.23678052538301997,0.374488087537132,2
omitted,selection,reverse,fixed_features,single,0.25,0.23648303356405254,0.3948138878223668,2
omitted,selection,reverse,fixed_features,single,0.5,0.23738684231451973,0.36563240611000625,2
omitted,selection,reverse,fixed_features,single,1.0,0.23825223274620033,0.35551862893057506,2
omitted,selection,reverse,fixed_features,speed,0.25,0.23852286752432397,0.41232698209982105,2
omitted,selection,reverse,fixed_features,speed,0.5,0.23720488849528465,0.376393600039106,2
omitted,selection,reverse,fixed_features,speed,1.0,0.23784246513441237,0.3742522945740208,2
omitted,selection,reverse,retrieval,direction,0.25,0.14734531665313522,0.10828390315231902,2
omitted,selection,reverse,retrieval,direction,0.5,0.14734531665313522,0.10828390315231902,2
omitted,selection,reverse,retrieval,direction,1.0,0.14734531665313522,0.10828390315231902,2
omitted,selection,reverse,retrieval,load,0.25,0.43429513254660335,1.7180297407052805,2
omitted,selection,reverse,retrieval,load,0.5,0.14734531665313522,0.10828390315231902,2
omitted,selection,reverse,retrieval,load,1.0,0.14734531665313522,0.10828390315231902,2
omitted,selection,reverse,retrieval,repeat,0.25,0.14734531665313522,0.10828390315231902,2
omitted,selection,reverse,retrieval,repeat,0.5,0.14734531665313522,0.10828390315231902,2
omitted,selection,reverse,retrieval,repeat,1.0,0.14734531665313522,0.10828390315231902,2
omitted,selection,reverse,retrieval,single,0.25,0.14734531665313522,0.10828390315231902,2
omitted,selection,reverse,retrieval,single,0.5,0.14734531665313522,0.10828390315231902,2
omitted,selection,reverse,retrieval,single,1.0,0.14734531665313522,0.10828390315231902,2
omitted,selection,reverse,retrieval,speed,0.25,0.14734531665313522,0.10828390315231902,2
omitted,selection,reverse,retrieval,speed,0.5,0.14734531665313522,0.10828390315231902,2
omitted,selection,reverse,retrieval,speed,1.0,0.14734531665313522,0.10828390315231902,2
omitted,selection,reverse,speed_rescaling,direction,0.25,0.53179701841229,0.7097070792592609,2
omitted,selection,reverse,speed_rescaling,direction,0.5,0.524151058087148,0.6765917906115819,2
omitted,selection,reverse,speed_rescaling,direction,1.0,0.5115726642501276,0.6607144988970115,2
omitted,selection,reverse,speed_rescaling,load,0.25,0.6453663552317452,0.7560558545599078,2
omitted,selection,reverse,speed_rescaling,load,0.5,0.6455159812604425,0.7825645579985026,2
omitted,selection,reverse,speed_rescaling,load,1.0,0.637003777794088,0.8085389779900123,2
omitted,selection,reverse,speed_rescaling,repeat,0.25,0.6625652435593644,0.7751265775056835,2
omitted,selection,reverse,speed_rescaling,repeat,0.5,0.651680945980077,0.8138618369374718,2
omitted,selection,reverse,speed_rescaling,repeat,1.0,0.6395589315444945,0.8442119976359088,2
omitted,selection,reverse,speed_rescaling,single,0.25,0.6453663552317452,0.7560558545599078,2
omitted,selection,reverse,speed_rescaling,single,0.5,0.6455159812604425,0.7825645579985026,2
omitted,selection,reverse,speed_rescaling,single,1.0,0.637003777794088,0.8085389779900123,2
omitted,selection,reverse,speed_rescaling,speed,0.25,0.6426357391187322,0.7636859550171641,2
omitted,selection,reverse,speed_rescaling,speed,0.5,0.6444501983213575,0.7996155208761512,2
omitted,selection,reverse,speed_rescaling,speed,1.0,0.6369257610346941,0.8413230161492169,2
omitted,transfer,forward,conditions_only,direction,0.25,0.35392729700923864,0.89340126988469,2
omitted,transfer,forward,conditions_only,direction,0.5,0.35392729700923864,0.89340126988469,2
omitted,transfer,forward,conditions_only,direction,1.0,0.35392729700923864,0.89340126988469,2
omitted,transfer,forward,conditions_only,load,0.25,0.35392729700923864,0.89340126988469,2
omitted,transfer,forward,conditions_only,load,0.5,0.35392729700923864,0.89340126988469,2
omitted,transfer,forward,conditions_only,load,1.0,0.35392729700923864,0.89340126988469,2
omitted,transfer,forward,conditions_only,repeat,0.25,0.35392729700923864,0.89340126988469,2
omitted,transfer,forward,conditions_only,repeat,0.5,0.35392729700923864,0.89340126988469,2
omitted,transfer,forward,conditions_only,repeat,1.0,0.35392729700923864,0.89340126988469,2
omitted,transfer,forward,conditions_only,single,0.25,0.35392729700923864,0.89340126988469,2
omitted,transfer,forward,conditions_only,single,0.5,0.35392729700923864,0.89340126988469,2
omitted,transfer,forward,conditions_only,single,1.0,0.35392729700923864,0.89340126988469,2
omitted,transfer,forward,conditions_only,speed,0.25,0.35392729700923864,0.89340126988469,2
omitted,transfer,forward,conditions_only,speed,0.5,0.35392729700923864,0.89340126988469,2
omitted,transfer,forward,conditions_only,speed,1.0,0.35392729700923864,0.89340126988469,2
omitted,transfer,forward,copy,direction,0.25,0.43844615805172416,0.5920185316811875,2
omitted,transfer,forward,copy,direction,0.5,0.425130072083565,0.5956064790365451,2
omitted,transfer,forward,copy,direction,1.0,0.4190459023715144,0.6009890368245573,2
omitted,transfer,forward,copy,load,0.25,0.6412798907684473,1.213037348167616,2
omitted,transfer,forward,copy,load,0.5,0.634431001186317,1.2693089674176914,2
omitted,transfer,forward,copy,load,1.0,0.6321499623553284,1.3102050253033977,2
omitted,transfer,forward,copy,repeat,0.25,0.6540872634528532,1.2158227085752291,2
omitted,transfer,forward,copy,repeat,0.5,0.656339275062151,1.26970090792957,2
omitted,transfer,forward,copy,repeat,1.0,0.6485206789492305,1.3123938966938824,2
omitted,transfer,forward,copy,single,0.25,0.6776162481845251,1.2264978882046778,2
omitted,transfer,forward,copy,single,0.5,0.6675958744642572,1.2993736702765846,2
omitted,transfer,forward,copy,single,1.0,0.6545862968249748,1.3381925295492207,2
omitted,transfer,forward,copy,speed,0.25,0.652299632721423,1.3198509362136444,2
omitted,transfer,forward,copy,speed,0.5,0.6532785096808961,1.3728051243408494,2
omitted,transfer,forward,copy,speed,1.0,0.6540173159656494,1.4047886984242375,2
omitted,transfer,forward,encoder,direction,0.25,0.3115364021311204,0.8049880225731381,2
omitted,transfer,forward,encoder,direction,0.5,0.30862212988237536,0.8006811020138498,2
omitted,transfer,forward,encoder,direction,1.0,0.30974958154062426,0.7922857472305038,2
omitted,transfer,forward,encoder,load,0.25,0.3164383750408888,0.798525224963202,2
omitted,transfer,forward,encoder,load,0.5,0.32076713753243286,0.7888146856818622,2
omitted,transfer,forward,encoder,load,1.0,0.32882299522558844,0.767463793594572,2
omitted,transfer,forward,encoder,repeat,0.25,0.31603172669808066,0.7855269561552087,2
omitted,transfer,forward,encoder,repeat,0.5,0.32654429910083616,0.7934678332906484,2
omitted,transfer,forward,encoder,repeat,1.0,0.3185562379658222,0.7876132916206495,2
omitted,transfer,forward,encoder,single,0.25,0.3124264733244976,0.8191986490884562,2
omitted,transfer,forward,encoder,single,0.5,0.32454485073685646,0.8034082878749247,2
omitted,transfer,forward,encoder,single,1.0,0.33559502537051833,0.7499571379374725,2
omitted,transfer,forward,encoder,speed,0.25,0.3236752928545078,0.8628527424704839,2
omitted,transfer,forward,encoder,speed,0.5,0.3385079490641753,0.809476869791237,2
omitted,transfer,forward,encoder,speed,1.0,0.33020442724227905,0.8089775975045774,2
omitted,transfer,forward,encoder_wrong_support,direction,0.25,0.4464759652813276,0.8095402577968901,2
omitted,transfer,forward,encoder_wrong_support,direction,0.5,0.484308031698068,0.8106495854596177,2
omitted,transfer,forward,encoder_wrong_support,direction,1.0,0.48625279466311133,0.8024634947968512,2
omitted,transfer,forward,encoder_wrong_support,load,0.25,0.5061725924412409,0.820652035073214,2
omitted,transfer,forward,encoder_wrong_support,load,0.5,0.5183150743444761,0.8134433892714944,2
omitted,transfer,forward,encoder_wrong_support,load,1.0,0.5316623958448569,0.7979020869510192,2
omitted,transfer,forward,encoder_wrong_support,repeat,0.25,0.47665102034807205,0.7955713991020401,2
omitted,transfer,forward,encoder_wrong_support,repeat,0.5,0.5398485511541367,0.8182073915513781,2
omitted,transfer,forward,encoder_wrong_support,repeat,1.0,0.5172196303804716,0.8106156753388178,2
omitted,transfer,forward,encoder_wrong_support,single,0.25,0.4774096111456553,0.8226325528101832,2
omitted,transfer,forward,encoder_wrong_support,single,0.5,0.5312978749473889,0.8224805273098745,2
omitted,transfer,forward,encoder_wrong_support,single,1.0,0.5326820698877176,0.7837212744352322,2
omitted,transfer,forward,encoder_wrong_support,speed,0.25,0.5220714745422204,0.865015189586998,2
omitted,transfer,forward,encoder_wrong_support,speed,0.5,0.5643149018287659,0.8217346407623729,2
omitted,transfer,forward,encoder_wrong_support,speed,1.0,0.5493228137493134,0.8190745802169423,2
omitted,transfer,forward,fixed_features,direction,0.25,0.30976640079011736,0.835258432266964,2
omitted,transfer,forward,fixed_features,direction,0.5,0.31095191364111263,0.8266148269887408,2
omitted,transfer,forward,fixed_features,direction,1.0,0.3100871303495159,0.8240493189449172,2
omitted,transfer,forward,fixed_features,load,0.25,0.3081574608175127,0.8389489642152733,2
omitted,transfer,forward,fixed_features,load,0.5,0.30794001949068195,0.8602281214087716,2
omitted,transfer,forward,fixed_features,load,1.0,0.30727743267161206,0.8624076376098961,2
omitted,transfer,forward,fixed_features,repeat,0.25,0.3103115495127443,0.8629419424236366,2
omitted,transfer,forward,fixed_features,repeat,0.5,0.30827688323124225,0.8677437041906367,2
omitted,transfer,forward,fixed_features,repeat,1.0,0.3067196554349993,0.854852266167488,2
omitted,transfer,forward,fixed_features,single,0.25,0.31233636593224645,0.822866448268658,2
omitted,transfer,forward,fixed_features,single,0.5,0.30958697956275405,0.8355396852887749,2
omitted,transfer,forward,fixed_features,single,1.0,0.3083459467683999,0.8479615002920604,2
omitted,transfer,forward,fixed_features,speed,0.25,0.3093305556679778,0.84416168223049,2
omitted,transfer,forward,fixed_features,speed,0.5,0.3085490673916442,0.8564039907039389,2
omitted,transfer,forward,fixed_features,speed,1.0,0.3079656078259325,0.8607772254377173,2
omitted,transfer,forward,retrieval,direction,0.25,0.32995087693555814,0.7598086911029271,2
omitted,transfer,forward,retrieval,direction,0.5,0.32995087693555814,0.7598086911029271,2
omitted,transfer,forward,retrieval,direction,1.0,0.32995087693555814,0.7598086911029271,2
omitted,transfer,forward,retrieval,load,0.25,0.32995087693555814,0.7598086911029271,2
omitted,transfer,forward,retrieval,load,0.5,0.32995087693555814,0.7598086911029271,2
omitted,transfer,forward,retrieval,load,1.0,0.32995087693555814,0.7598086911029271,2
omitted,transfer,forward,retrieval,repeat,0.25,0.32995087693555814,0.7598086911029271,2
omitted,transfer,forward,retrieval,repeat,0.5,0.32995087693555814,0.7598086911029271,2
omitted,transfer,forward,retrieval,repeat,1.0,0.32995087693555814,0.7598086911029271,2
omitted,transfer,forward,retrieval,single,0.25,0.32995087693555814,0.7598086911029271,2
omitted,transfer,forward,retrieval,single,0.5,0.32995087693555814,0.7598086911029271,2
omitted,transfer,forward,retrieval,single,1.0,0.32995087693555814,0.7598086911029271,2
omitted,transfer,forward,retrieval,speed,0.25,0.32995087693555814,0.7598086911029271,2
omitted,transfer,forward,retrieval,speed,0.5,0.32995087693555814,0.7598086911029271,2
omitted,transfer,forward,retrieval,speed,1.0,0.32995087693555814,0.7598086911029271,2
omitted,transfer,forward,speed_rescaling,direction,0.25,0.5341917619261741,0.7619613001989003,2
omitted,transfer,forward,speed_rescaling,direction,0.5,0.5201402047770813,0.7632294699020131,2
omitted,transfer,forward,speed_rescaling,direction,1.0,0.5067388102253687,0.7662596417340832,2
omitted,transfer,forward,speed_rescaling,load,0.25,0.6656118940675322,1.1214132906463,2
omitted,transfer,forward,speed_rescaling,load,0.5,0.6534373169702488,1.2073858645203277,2
omitted,transfer,forward,speed_rescaling,load,1.0,0.6366769746054672,1.2523584854862502,2
omitted,transfer,forward,speed_rescaling,repeat,0.25,0.6656118940675322,1.1214132906463,2
omitted,transfer,forward,speed_rescaling,repeat,0.5,0.6534373169702488,1.2073858645203277,2
omitted,transfer,forward,speed_rescaling,repeat,1.0,0.6366769746054672,1.2523584854862502,2
omitted,transfer,forward,speed_rescaling,single,0.25,0.6656118940675322,1.1214132906463,2
omitted,transfer,forward,speed_rescaling,single,0.5,0.6534373169702488,1.2073858645203277,2
omitted,transfer,forward,speed_rescaling,single,1.0,0.6366769746054672,1.2523584854862502,2
omitted,transfer,forward,speed_rescaling,speed,0.25,0.6656118940675322,1.1214132906463,2
omitted,transfer,forward,speed_rescaling,speed,0.5,0.6534373169702488,1.2073858645203277,2
omitted,transfer,forward,speed_rescaling,speed,1.0,0.6366769746054672,1.2523584854862502,2
omitted,transfer,reverse,conditions_only,direction,0.25,0.3679230243747738,0.7721743421675255,2
omitted,transfer,reverse,conditions_only,direction,0.5,0.3679230243747738,0.7721743421675255,2
omitted,transfer,reverse,conditions_only,direction,1.0,0.3679230243747738,0.7721743421675255,2
omitted,transfer,reverse,conditions_only,load,0.25,0.3679230243747738,0.7721743421675255,2
omitted,transfer,reverse,conditions_only,load,0.5,0.3679230243747738,0.7721743421675255,2
omitted,transfer,reverse,conditions_only,load,1.0,0.3679230243747738,0.7721743421675255,2
omitted,transfer,reverse,conditions_only,repeat,0.25,0.3679230243747738,0.7721743421675255,2
omitted,transfer,reverse,conditions_only,repeat,0.5,0.3679230243747738,0.7721743421675255,2
omitted,transfer,reverse,conditions_only,repeat,1.0,0.3679230243747738,0.7721743421675255,2
omitted,transfer,reverse,conditions_only,single,0.25,0.3679230243747738,0.7721743421675255,2
omitted,transfer,reverse,conditions_only,single,0.5,0.3679230243747738,0.7721743421675255,2
omitted,transfer,reverse,conditions_only,single,1.0,0.3679230243747738,0.7721743421675255,2
omitted,transfer,reverse,conditions_only,speed,0.25,0.3679230243747738,0.7721743421675255,2
omitted,transfer,reverse,conditions_only,speed,0.5,0.3679230243747738,0.7721743421675255,2
omitted,transfer,reverse,conditions_only,speed,1.0,0.3679230243747738,0.7721743421675255,2
omitted,transfer,reverse,copy,direction,0.25,0.4504153053976341,0.5350890011141582,2
omitted,transfer,reverse,copy,direction,0.5,0.44337286267058457,0.5350890011141582,2
omitted,transfer,reverse,copy,direction,1.0,0.4330706785775833,0.5350890011141582,2
omitted,transfer,reverse,copy,load,0.25,0.6383716564198019,1.0651141643979682,2
omitted,transfer,reverse,copy,load,0.5,0.6320525456137179,1.116505020347335,2
omitted,transfer,reverse,copy,load,1.0,0.6265520680400753,1.1639473155754627,2
omitted,transfer,reverse,copy,repeat,0.25,0.6452508089869671,1.0945957808580644,2
omitted,transfer,reverse,copy,repeat,0.5,0.6502712710857355,1.1484739802124053,2
omitted,transfer,reverse,copy,repeat,1.0,0.6419316377762985,1.1911669689767177,2
omitted,transfer,reverse,copy,single,0.25,0.6559297931729935,1.0842197987915694,2
omitted,transfer,reverse,copy,single,0.5,0.6566663297092435,1.12058738940945,2
omitted,transfer,reverse,copy,single,1.0,0.644569098120386,1.1669121637117228,2
omitted,transfer,reverse,copy,speed,0.25,0.6336206641902642,1.1914842604655305,2
omitted,transfer,reverse,copy,speed,0.5,0.6362716370746725,1.2194519627390163,2
omitted,transfer,reverse,copy,speed,1.0,0.6352626312253973,1.2509655541227718,2
omitted,transfer,reverse,encoder,direction,0.25,0.39475249871611595,0.5695130880217347,2
omitted,transfer,reverse,encoder,direction,0.5,0.3538123331964016,0.6179752054219487,2
omitted,transfer,reverse,encoder,direction,1.0,0.3327879309654236,0.6591539980132568,2
omitted,transfer,reverse,encoder,load,0.25,0.3469039959212144,0.6323450480876063,2
omitted,transfer,reverse,encoder,load,0.5,0.35787899543841684,0.61940212616439,2
omitted,transfer,reverse,encoder,load,1.0,0.359852402160565,0.6178783852111464,2
omitted,transfer,reverse,encoder,repeat,0.25,0.33649642392992973,0.6643000284380441,2
omitted,transfer,reverse,encoder,repeat,0.5,0.34404751410086953,0.6722409055734837,2
omitted,transfer,reverse,encoder,repeat,1.0,0.3380972556769848,0.6663863639034849,2
omitted,transfer,reverse,encoder,single,0.25,0.4351520873606205,0.5251374340967901,2
omitted,transfer,reverse,encoder,single,0.5,0.3911703787744045,0.5658447652226211,2
omitted,transfer,reverse,encoder,single,1.0,0.35702574873963994,0.6126927228388404,2
omitted,transfer,reverse,encoder,speed,0.25,0.37741744952897227,0.6161556804997238,2
omitted,transfer,reverse,encoder,speed,0.5,0.3500897965083519,0.6527316028358321,2
omitted,transfer,reverse,encoder,speed,1.0,0.33377985283732414,0.680899807143964,2
omitted,transfer,reverse,encoder_wrong_support,direction,0.25,0.47425222396850586,0.5972196999526427,2
omitted,transfer,reverse,encoder_wrong_support,direction,0.5,0.49973494807879126,0.6498164288854323,2
omitted,transfer,reverse,encoder_wrong_support,direction,1.0,0.47357626756032306,0.6737114300216716,2
omitted,transfer,reverse,encoder_wrong_support,load,0.25,0.5004361346364021,0.658642419356982,2
omitted,transfer,reverse,encoder_wrong_support,load,0.5,0.5322913353641828,0.6620742108320532,2
omitted,transfer,reverse,encoder_wrong_support,load,1.0,0.5427990878621737,0.6687132713411438,2
omitted,transfer,reverse,encoder_wrong_support,repeat,0.25,0.4905001310010751,0.6797417719672705,2
omitted,transfer,reverse,encoder_wrong_support,repeat,0.5,0.5496830393870672,0.7023777644166083,2
omitted,transfer,reverse,encoder_wrong_support,repeat,1.0,0.5283998139202595,0.694786048204048,2
omitted,transfer,reverse,encoder_wrong_support,single,0.25,0.5155869014561176,0.5647974075872515,2
omitted,transfer,reverse,encoder_wrong_support,single,0.5,0.5499566420912743,0.6236471946333775,2
omitted,transfer,reverse,encoder_wrong_support,single,1.0,0.5000110405186812,0.6517066509066349,2
omitted,transfer,reverse,encoder_wrong_support,speed,0.25,0.4259608450035254,0.6183712716392888,2
omitted,transfer,reverse,encoder_wrong_support,speed,0.5,0.4302539750933647,0.6543587219895337,2
omitted,transfer,reverse,encoder_wrong_support,speed,1.0,0.4354857119421164,0.682275525474254,2
omitted,transfer,reverse,fixed_features,direction,0.25,0.3289019396677672,0.7256718984625328,2
omitted,transfer,reverse,fixed_features,direction,0.5,0.34125026276012393,0.6683623226980955,2
omitted,transfer,reverse,fixed_features,direction,1.0,0.33849274113871364,0.6663325104419345,2
omitted,transfer,reverse,fixed_features,load,0.25,0.31718516990119383,0.7271432931015993,2
omitted,transfer,reverse,fixed_features,load,0.5,0.31544351037494545,0.7400503866705843,2
omitted,transfer,reverse,fixed_features,load,1.0,0.3176087873397969,0.7266602606825079,2
omitted,transfer,reverse,fixed_features,repeat,0.25,0.3161300004505393,0.741715014706472,2
omitted,transfer,reverse,fixed_features,repeat,0.5,0.3152321268378906,0.7465167764734721,2
omitted,transfer,reverse,fixed_features,repeat,1.0,0.3170330050678696,0.7336253384503235,2
omitted,transfer,reverse,fixed_features,single,0.25,0.31547931760278364,0.7526856036117024,2
omitted,transfer,reverse,fixed_features,single,0.5,0.31867588283294446,0.7257125965036728,2
omitted,transfer,reverse,fixed_features,single,1.0,0.32067955555390554,0.7157476258013244,2
omitted,transfer,reverse,fixed_features,speed,0.25,0.3170354573871096,0.768613789532119,2
omitted,transfer,reverse,fixed_features,speed,0.5,0.31882726198711475,0.7353997487832613,2
omitted,transfer,reverse,fixed_features,speed,1.0,0.3187601531071048,0.7334903528965323,2
omitted,transfer,reverse,retrieval,direction,0.25,0.3461631712612787,0.6385817633857624,2
omitted,transfer,reverse,retrieval,direction,0.5,0.3461631712612787,0.6385817633857624,2
omitted,transfer,reverse,retrieval,direction,1.0,0.3461631712612787,0.6385817633857624,2
omitted,transfer,reverse,retrieval,load,0.25,0.5930874285408629,1.173271484193142,2
omitted,transfer,reverse,retrieval,load,0.5,0.3461631712612787,0.6385817633857624,2
omitted,transfer,reverse,retrieval,load,1.0,0.3461631712612787,0.6385817633857624,2
omitted,transfer,reverse,retrieval,repeat,0.25,0.3461631712612787,0.6385817633857624,2
omitted,transfer,reverse,retrieval,repeat,0.5,0.3461631712612787,0.6385817633857624,2
omitted,transfer,reverse,retrieval,repeat,1.0,0.3461631712612787,0.6385817633857624,2
omitted,transfer,reverse,retrieval,single,0.25,0.3461631712612787,0.6385817633857624,2
omitted,transfer,reverse,retrieval,single,0.5,0.3461631712612787,0.6385817633857624,2
omitted,transfer,reverse,retrieval,single,1.0,0.3461631712612787,0.6385817633857624,2
omitted,transfer,reverse,retrieval,speed,0.25,0.3461631712612787,0.6385817633857624,2
omitted,transfer,reverse,retrieval,speed,0.5,0.3461631712612787,0.6385817633857624,2
omitted,transfer,reverse,retrieval,speed,1.0,0.3461631712612787,0.6385817633857624,2
omitted,transfer,reverse,speed_rescaling,direction,0.25,0.5357568363246883,0.8066231751368171,2
omitted,transfer,reverse,speed_rescaling,direction,0.5,0.5287038097457777,0.7872518033815459,2
omitted,transfer,reverse,speed_rescaling,direction,1.0,0.5148312710020677,0.7957347490538572,2
omitted,transfer,reverse,speed_rescaling,load,0.25,0.6502342355480519,0.9738106929568947,2
omitted,transfer,reverse,speed_rescaling,load,0.5,0.640032989638222,1.0152202442107532,2
omitted,transfer,reverse,speed_rescaling,load,1.0,0.626474989470923,1.0702441550039528,2
omitted,transfer,reverse,speed_rescaling,repeat,0.25,0.6574610304074557,1.0001863629291354,2
omitted,transfer,reverse,speed_rescaling,repeat,0.5,0.6445578144819855,1.0861589368031628,2
omitted,transfer,reverse,speed_rescaling,repeat,1.0,0.6283930119138375,1.1311315577690855,2
omitted,transfer,reverse,speed_rescaling,single,0.25,0.6502342355480519,0.9738106929568947,2
omitted,transfer,reverse,speed_rescaling,single,0.5,0.640032989638222,1.0152202442107532,2
omitted,transfer,reverse,speed_rescaling,single,1.0,0.626474989470923,1.0702441550039528,2
omitted,transfer,reverse,speed_rescaling,speed,0.25,0.6502342355480519,0.9738106929568947,2
omitted,transfer,reverse,speed_rescaling,speed,0.5,0.640032989638222,1.0152202442107532,2
omitted,transfer,reverse,speed_rescaling,speed,1.0,0.626474989470923,1.0702441550039528,2
