surface_id,speed_mm_s,direction_deg,nominal_force_N,support_duration_logged_s,known_speed_query,transfer_query,all_protocols_both_orientations_support_available,both_query_repeats_available,common_candidate,missing_supports,missing_query_repeats
10,20,0,1.0,0.25,True,False,True,True,True,,
10,20,45,0.5,0.25,True,False,True,True,True,,
10,20,45,1.0,0.25,True,False,True,True,True,,
10,20,90,0.5,0.25,True,False,True,True,True,,
10,20,90,1.0,0.25,True,False,True,True,True,,
10,20,135,0.5,0.25,True,False,True,True,True,,
10,20,135,1.0,0.25,True,False,True,True,True,,
10,20,180,0.5,0.25,True,False,True,True,True,,
10,20,180,1.0,0.25,True,False,True,True,True,,
10,20,225,0.5,0.25,True,False,True,True,True,,
10,20,225,1.0,0.25,True,False,True,True,True,,
10,20,270,0.5,0.25,True,False,True,True,True,,
10,20,270,1.0,0.25,True,False,True,True,True,,
10,20,315,0.5,0.25,True,False,True,True,True,,
10,20,315,1.0,0.25,True,False,True,True,True,,
10,30,45,0.5,0.25,False,True,True,True,True,,
10,30,45,1.0,0.25,False,True,True,True,True,,
10,30,90,1.0,0.25,False,True,True,True,True,,
10,30,135,0.5,0.25,False,True,True,True,True,,
10,30,135,1.0,0.25,False,True,True,True,True,,
10,30,180,0.5,0.25,False,True,True,True,True,,
10,30,180,1.0,0.25,False,True,True,True,True,,
10,30,225,0.5,0.25,False,True,True,True,True,,
10,30,225,1.0,0.25,False,True,True,True,True,,
10,30,270,0.5,0.25,False,True,True,True,True,,
10,30,270,1.0,0.25,False,True,True,True,True,,
10,30,315,0.5,0.25,False,True,True,True,True,,
10,30,315,1.0,0.25,False,True,True,True,True,,
10,40,45,0.5,0.25,True,False,True,True,True,,
10,40,45,1.0,0.25,True,False,True,True,True,,
10,40,90,1.0,0.25,True,False,True,True,True,,
10,40,135,0.5,0.25,True,False,True,True,True,,
10,40,135,1.0,0.25,True,False,True,True,True,,
10,40,180,0.5,0.25,True,False,True,True,True,,
10,40,180,1.0,0.25,True,False,True,True,True,,
10,40,225,0.5,0.25,True,False,True,True,True,,
10,40,225,1.0,0.25,True,False,True,True,True,,
10,40,270,0.5,0.25,True,False,True,True,True,,
10,40,270,1.0,0.25,True,False,True,True,True,,
10,40,315,0.5,0.25,True,False,True,True,True,,
10,40,315,1.0,0.25,True,False,True,True,True,,
10,50,45,0.5,0.25,False,True,True,True,True,,
10,50,45,1.0,0.25,False,True,True,True,True,,
10,50,90,1.0,0.25,False,True,True,True,True,,
10,50,135,0.5,0.25,False,True,True,True,True,,
10,50,135,1.0,0.25,False,True,True,True,True,,
10,50,180,0.5,0.25,False,True,True,True,True,,
10,50,180,1.0,0.25,False,True,True,True,True,,
10,50,225,0.5,0.25,False,True,True,True,True,,
10,50,225,1.0,0.25,False,True,True,True,True,,
10,50,270,0.5,0.25,False,True,True,True,True,,
10,50,270,1.0,0.25,False,True,True,True,True,,
10,50,315,0.5,0.25,False,True,True,True,True,,
10,50,315,1.0,0.25,False,True,True,True,True,,
10,60,0,0.5,0.25,True,False,True,True,True,,
10,60,0,1.0,0.25,True,False,True,True,True,,
10,60,45,0.5,0.25,True,False,True,True,True,,
10,60,45,1.0,0.25,True,False,True,True,True,,
10,60,90,0.5,0.25,True,False,True,True,True,,
10,60,90,1.0,0.25,True,False,True,True,True,,
10,60,135,0.5,0.25,True,False,True,True,True,,
10,60,135,1.0,0.25,True,False,True,True,True,,
10,60,180,0.5,0.25,True,False,True,True,True,,
10,60,180,1.0,0.25,True,False,True,True,True,,
10,60,225,0.5,0.25,True,False,True,True,True,,
10,60,225,1.0,0.25,True,False,True,True,True,,
10,60,270,0.5,0.25,True,False,True,True,True,,
10,60,270,1.0,0.25,True,False,True,True,True,,
10,60,315,0.5,0.25,True,False,True,True,True,,
10,60,315,1.0,0.25,True,False,True,True,True,,
10,20,0,1.0,0.5,True,False,True,True,True,,
10,20,45,0.5,0.5,True,False,True,True,True,,
10,20,45,1.0,0.5,True,False,True,True,True,,
10,20,90,0.5,0.5,True,False,True,True,True,,
10,20,90,1.0,0.5,True,False,True,True,True,,
10,20,135,0.5,0.5,True,False,True,True,True,,
10,20,135,1.0,0.5,True,False,True,True,True,,
10,20,180,0.5,0.5,True,False,True,True,True,,
10,20,180,1.0,0.5,True,False,True,True,True,,
10,20,225,0.5,0.5,True,False,True,True,True,,
10,20,225,1.0,0.5,True,False,True,True,True,,
10,20,270,0.5,0.5,True,False,True,True,True,,
10,20,270,1.0,0.5,True,False,True,True,True,,
10,20,315,0.5,0.5,True,False,True,True,True,,
10,20,315,1.0,0.5,True,False,True,True,True,,
10,30,45,0.5,0.5,False,True,True,True,True,,
10,30,45,1.0,0.5,False,True,True,True,True,,
10,30,90,1.0,0.5,False,True,True,True,True,,
10,30,135,0.5,0.5,False,True,True,True,True,,
10,30,135,1.0,0.5,False,True,True,True,True,,
10,30,180,0.5,0.5,False,True,True,True,True,,
10,30,180,1.0,0.5,False,True,True,True,True,,
10,30,225,0.5,0.5,False,True,True,True,True,,
10,30,225,1.0,0.5,False,True,True,True,True,,
10,30,270,0.5,0.5,False,True,True,True,True,,
10,30,270,1.0,0.5,False,True,True,True,True,,
10,30,315,0.5,0.5,False,True,True,True,True,,
10,30,315,1.0,0.5,False,True,True,True,True,,
10,40,45,0.5,0.5,True,False,True,True,True,,
10,40,45,1.0,0.5,True,False,True,True,True,,
10,40,90,1.0,0.5,True,False,True,True,True,,
10,40,135,0.5,0.5,True,False,True,True,True,,
10,40,135,1.0,0.5,True,False,True,True,True,,
10,40,180,0.5,0.5,True,False,True,True,True,,
10,40,180,1.0,0.5,True,False,True,True,True,,
10,40,225,0.5,0.5,True,False,True,True,True,,
10,40,225,1.0,0.5,True,False,True,True,True,,
10,40,270,0.5,0.5,True,False,True,True,True,,
10,40,270,1.0,0.5,True,False,True,True,True,,
10,40,315,0.5,0.5,True,False,True,True,True,,
10,40,315,1.0,0.5,True,False,True,True,True,,
10,50,45,0.5,0.5,False,True,True,True,True,,
10,50,45,1.0,0.5,False,True,True,True,True,,
10,50,90,1.0,0.5,False,True,True,True,True,,
10,50,135,0.5,0.5,False,True,True,True,True,,
10,50,135,1.0,0.5,False,True,True,True,True,,
10,50,180,0.5,0.5,False,True,True,True,True,,
10,50,180,1.0,0.5,False,True,True,True,True,,
10,50,225,0.5,0.5,False,True,True,True,True,,
10,50,225,1.0,0.5,False,True,True,True,True,,
10,50,270,0.5,0.5,False,True,True,True,True,,
10,50,270,1.0,0.5,False,True,True,True,True,,
10,50,315,0.5,0.5,False,True,True,True,True,,
10,50,315,1.0,0.5,False,True,True,True,True,,
10,60,0,0.5,0.5,True,False,True,True,True,,
10,60,0,1.0,0.5,True,False,True,True,True,,
10,60,45,0.5,0.5,True,False,True,True,True,,
10,60,45,1.0,0.5,True,False,True,True,True,,
10,60,90,0.5,0.5,True,False,True,True,True,,
10,60,90,1.0,0.5,True,False,True,True,True,,
10,60,135,0.5,0.5,True,False,True,True,True,,
10,60,135,1.0,0.5,True,False,True,True,True,,
10,60,180,0.5,0.5,True,False,True,True,True,,
10,60,180,1.0,0.5,True,False,True,True,True,,
10,60,225,0.5,0.5,True,False,True,True,True,,
10,60,225,1.0,0.5,True,False,True,True,True,,
10,60,270,0.5,0.5,True,False,True,True,True,,
10,60,270,1.0,0.5,True,False,True,True,True,,
10,60,315,0.5,0.5,True,False,True,True,True,,
10,60,315,1.0,0.5,True,False,True,True,True,,
10,20,0,1.0,1.0,True,False,True,True,True,,
10,20,45,0.5,1.0,True,False,True,True,True,,
10,20,45,1.0,1.0,True,False,True,True,True,,
10,20,90,0.5,1.0,True,False,True,True,True,,
10,20,90,1.0,1.0,True,False,True,True,True,,
10,20,135,0.5,1.0,True,False,True,True,True,,
10,20,135,1.0,1.0,True,False,True,True,True,,
10,20,180,0.5,1.0,True,False,True,True,True,,
10,20,180,1.0,1.0,True,False,True,True,True,,
10,20,225,0.5,1.0,True,False,True,True,True,,
10,20,225,1.0,1.0,True,False,True,True,True,,
10,20,270,0.5,1.0,True,False,True,True,True,,
10,20,270,1.0,1.0,True,False,True,True,True,,
10,20,315,0.5,1.0,True,False,True,True,True,,
10,20,315,1.0,1.0,True,False,True,True,True,,
10,30,45,0.5,1.0,False,True,True,True,True,,
10,30,45,1.0,1.0,False,True,True,True,True,,
10,30,90,1.0,1.0,False,True,True,True,True,,
10,30,135,0.5,1.0,False,True,True,True,True,,
10,30,135,1.0,1.0,False,True,True,True,True,,
10,30,180,0.5,1.0,False,True,True,True,True,,
10,30,180,1.0,1.0,False,True,True,True,True,,
10,30,225,0.5,1.0,False,True,True,True,True,,
10,30,225,1.0,1.0,False,True,True,True,True,,
10,30,270,0.5,1.0,False,True,True,True,True,,
10,30,270,1.0,1.0,False,True,True,True,True,,
10,30,315,0.5,1.0,False,True,True,True,True,,
10,30,315,1.0,1.0,False,True,True,True,True,,
10,40,45,0.5,1.0,True,False,True,True,True,,
10,40,45,1.0,1.0,True,False,True,True,True,,
10,40,90,1.0,1.0,True,False,True,True,True,,
10,40,135,0.5,1.0,True,False,True,True,True,,
10,40,135,1.0,1.0,True,False,True,True,True,,
10,40,180,0.5,1.0,True,False,True,True,True,,
10,40,180,1.0,1.0,True,False,True,True,True,,
10,40,225,0.5,1.0,True,False,True,True,True,,
10,40,225,1.0,1.0,True,False,True,True,True,,
10,40,270,0.5,1.0,True,False,True,True,True,,
10,40,270,1.0,1.0,True,False,True,True,True,,
10,40,315,0.5,1.0,True,False,True,True,True,,
10,40,315,1.0,1.0,True,False,True,True,True,,
10,50,45,0.5,1.0,False,True,True,True,True,,
10,50,45,1.0,1.0,False,True,True,True,True,,
10,50,90,1.0,1.0,False,True,True,True,True,,
10,50,135,0.5,1.0,False,True,True,True,True,,
10,50,135,1.0,1.0,False,True,True,True,True,,
10,50,180,0.5,1.0,False,True,True,True,True,,
10,50,180,1.0,1.0,False,True,True,True,True,,
10,50,225,0.5,1.0,False,True,True,True,True,,
10,50,225,1.0,1.0,False,True,True,True,True,,
10,50,270,0.5,1.0,False,True,True,True,True,,
10,50,270,1.0,1.0,False,True,True,True,True,,
10,50,315,0.5,1.0,False,True,True,True,True,,
10,50,315,1.0,1.0,False,True,True,True,True,,
10,60,0,0.5,1.0,True,False,True,True,True,,
10,60,0,1.0,1.0,True,False,True,True,True,,
10,60,45,0.5,1.0,True,False,True,True,True,,
10,60,45,1.0,1.0,True,False,True,True,True,,
10,60,90,0.5,1.0,True,False,True,True,True,,
10,60,90,1.0,1.0,True,False,True,True,True,,
10,60,135,0.5,1.0,True,False,True,True,True,,
10,60,135,1.0,1.0,True,False,True,True,True,,
10,60,180,0.5,1.0,True,False,True,True,True,,
10,60,180,1.0,1.0,True,False,True,True,True,,
10,60,225,0.5,1.0,True,False,True,True,True,,
10,60,225,1.0,1.0,True,False,True,True,True,,
10,60,270,0.5,1.0,True,False,True,True,True,,
10,60,270,1.0,1.0,True,False,True,True,True,,
10,60,315,0.5,1.0,True,False,True,True,True,,
10,60,315,1.0,1.0,True,False,True,True,True,,
57,20,0,1.0,0.25,True,False,True,True,True,,
57,20,45,0.5,0.25,True,False,True,True,True,,
57,20,45,1.0,0.25,True,False,True,True,True,,
57,20,90,0.5,0.25,True,False,True,True,True,,
57,20,90,1.0,0.25,True,False,True,True,True,,
57,20,135,0.5,0.25,True,False,True,True,True,,
57,20,135,1.0,0.25,True,False,True,True,True,,
57,20,180,0.5,0.25,True,False,True,True,True,,
57,20,180,1.0,0.25,True,False,True,True,True,,
57,20,225,0.5,0.25,True,False,True,True,True,,
57,20,225,1.0,0.25,True,False,True,True,True,,
57,20,270,0.5,0.25,True,False,True,True,True,,
57,20,270,1.0,0.25,True,False,True,True,True,,
57,20,315,0.5,0.25,True,False,True,True,True,,
57,20,315,1.0,0.25,True,False,True,True,True,,
57,30,45,0.5,0.25,False,True,True,True,True,,
57,30,45,1.0,0.25,False,True,True,True,True,,
57,30,90,1.0,0.25,False,True,True,True,True,,
57,30,135,0.5,0.25,False,True,True,True,True,,
57,30,135,1.0,0.25,False,True,True,True,True,,
57,30,180,0.5,0.25,False,True,True,True,True,,
57,30,180,1.0,0.25,False,True,True,True,True,,
57,30,225,0.5,0.25,False,True,True,True,True,,
57,30,225,1.0,0.25,False,True,True,True,True,,
57,30,270,0.5,0.25,False,True,True,True,True,,
57,30,270,1.0,0.25,False,True,True,True,True,,
57,30,315,0.5,0.25,False,True,True,True,True,,
57,30,315,1.0,0.25,False,True,True,True,True,,
57,40,45,0.5,0.25,True,False,True,True,True,,
57,40,45,1.0,0.25,True,False,True,True,True,,
57,40,90,1.0,0.25,True,False,True,True,True,,
57,40,135,0.5,0.25,True,False,True,True,True,,
57,40,135,1.0,0.25,True,False,True,True,True,,
57,40,180,0.5,0.25,True,False,True,True,True,,
57,40,180,1.0,0.25,True,False,True,True,True,,
57,40,225,0.5,0.25,True,False,True,True,True,,
57,40,225,1.0,0.25,True,False,True,True,True,,
57,40,270,0.5,0.25,True,False,True,True,True,,
57,40,270,1.0,0.25,True,False,True,True,True,,
57,40,315,0.5,0.25,True,False,True,True,True,,
57,40,315,1.0,0.25,True,False,True,True,True,,
57,50,45,0.5,0.25,False,True,True,True,True,,
57,50,45,1.0,0.25,False,True,True,True,True,,
57,50,90,1.0,0.25,False,True,True,True,True,,
57,50,135,0.5,0.25,False,True,True,True,True,,
57,50,135,1.0,0.25,False,True,True,True,True,,
57,50,180,0.5,0.25,False,True,True,True,True,,
57,50,180,1.0,0.25,False,True,True,True,True,,
57,50,225,0.5,0.25,False,True,True,True,True,,
57,50,225,1.0,0.25,False,True,True,True,True,,
57,50,270,0.5,0.25,False,True,True,True,True,,
57,50,270,1.0,0.25,False,True,True,True,True,,
57,50,315,0.5,0.25,False,True,True,True,True,,
57,50,315,1.0,0.25,False,True,True,True,True,,
57,60,0,0.5,0.25,True,False,True,True,True,,
57,60,0,1.0,0.25,True,False,True,True,True,,
57,60,45,0.5,0.25,True,False,True,True,True,,
57,60,45,1.0,0.25,True,False,True,True,True,,
57,60,90,0.5,0.25,True,False,True,True,True,,
57,60,90,1.0,0.25,True,False,True,True,True,,
57,60,135,0.5,0.25,True,False,True,True,True,,
57,60,135,1.0,0.25,True,False,True,True,True,,
57,60,180,0.5,0.25,True,False,True,True,True,,
57,60,180,1.0,0.25,True,False,True,True,True,,
57,60,225,0.5,0.25,True,False,True,True,True,,
57,60,225,1.0,0.25,True,False,True,True,True,,
57,60,270,0.5,0.25,True,False,True,True,True,,
57,60,270,1.0,0.25,True,False,True,True,True,,
57,60,315,0.5,0.25,True,False,True,True,True,,
57,60,315,1.0,0.25,True,False,True,True,True,,
57,20,0,1.0,0.5,True,False,True,True,True,,
57,20,45,0.5,0.5,True,False,True,True,True,,
57,20,45,1.0,0.5,True,False,True,True,True,,
57,20,90,0.5,0.5,True,False,True,True,True,,
57,20,90,1.0,0.5,True,False,True,True,True,,
57,20,135,0.5,0.5,True,False,True,True,True,,
57,20,135,1.0,0.5,True,False,True,True,True,,
57,20,180,0.5,0.5,True,False,True,True,True,,
57,20,180,1.0,0.5,True,False,True,True,True,,
57,20,225,0.5,0.5,True,False,True,True,True,,
57,20,225,1.0,0.5,True,False,True,True,True,,
57,20,270,0.5,0.5,True,False,True,True,True,,
57,20,270,1.0,0.5,True,False,True,True,True,,
57,20,315,0.5,0.5,True,False,True,True,True,,
57,20,315,1.0,0.5,True,False,True,True,True,,
57,30,45,0.5,0.5,False,True,True,True,True,,
57,30,45,1.0,0.5,False,True,True,True,True,,
57,30,90,1.0,0.5,False,True,True,True,True,,
57,30,135,0.5,0.5,False,True,True,True,True,,
57,30,135,1.0,0.5,False,True,True,True,True,,
57,30,180,0.5,0.5,False,True,True,True,True,,
57,30,180,1.0,0.5,False,True,True,True,True,,
57,30,225,0.5,0.5,False,True,True,True,True,,
57,30,225,1.0,0.5,False,True,True,True,True,,
57,30,270,0.5,0.5,False,True,True,True,True,,
57,30,270,1.0,0.5,False,True,True,True,True,,
57,30,315,0.5,0.5,False,True,True,True,True,,
57,30,315,1.0,0.5,False,True,True,True,True,,
57,40,45,0.5,0.5,True,False,True,True,True,,
57,40,45,1.0,0.5,True,False,True,True,True,,
57,40,90,1.0,0.5,True,False,True,True,True,,
57,40,135,0.5,0.5,True,False,True,True,True,,
57,40,135,1.0,0.5,True,False,True,True,True,,
57,40,180,0.5,0.5,True,False,True,True,True,,
57,40,180,1.0,0.5,True,False,True,True,True,,
57,40,225,0.5,0.5,True,False,True,True,True,,
57,40,225,1.0,0.5,True,False,True,True,True,,
57,40,270,0.5,0.5,True,False,True,True,True,,
57,40,270,1.0,0.5,True,False,True,True,True,,
57,40,315,0.5,0.5,True,False,True,True,True,,
57,40,315,1.0,0.5,True,False,True,True,True,,
57,50,45,0.5,0.5,False,True,True,True,True,,
57,50,45,1.0,0.5,False,True,True,True,True,,
57,50,90,1.0,0.5,False,True,True,True,True,,
57,50,135,0.5,0.5,False,True,True,True,True,,
57,50,135,1.0,0.5,False,True,True,True,True,,
57,50,180,0.5,0.5,False,True,True,True,True,,
57,50,180,1.0,0.5,False,True,True,True,True,,
57,50,225,0.5,0.5,False,True,True,True,True,,
57,50,225,1.0,0.5,False,True,True,True,True,,
57,50,270,0.5,0.5,False,True,True,True,True,,
57,50,270,1.0,0.5,False,True,True,True,True,,
57,50,315,0.5,0.5,False,True,True,True,True,,
57,50,315,1.0,0.5,False,True,True,True,True,,
57,60,0,0.5,0.5,True,False,True,True,True,,
57,60,0,1.0,0.5,True,False,True,True,True,,
57,60,45,0.5,0.5,True,False,True,True,True,,
57,60,45,1.0,0.5,True,False,True,True,True,,
57,60,90,0.5,0.5,True,False,True,True,True,,
57,60,90,1.0,0.5,True,False,True,True,True,,
57,60,135,0.5,0.5,True,False,True,True,True,,
57,60,135,1.0,0.5,True,False,True,True,True,,
57,60,180,0.5,0.5,True,False,True,True,True,,
57,60,180,1.0,0.5,True,False,True,True,True,,
57,60,225,0.5,0.5,True,False,True,True,True,,
57,60,225,1.0,0.5,True,False,True,True,True,,
57,60,270,0.5,0.5,True,False,True,True,True,,
57,60,270,1.0,0.5,True,False,True,True,True,,
57,60,315,0.5,0.5,True,False,True,True,True,,
57,60,315,1.0,0.5,True,False,True,True,True,,
57,20,0,1.0,1.0,True,False,True,True,True,,
57,20,45,0.5,1.0,True,False,True,True,True,,
57,20,45,1.0,1.0,True,False,True,True,True,,
57,20,90,0.5,1.0,True,False,True,True,True,,
57,20,90,1.0,1.0,True,False,True,True,True,,
57,20,135,0.5,1.0,True,False,True,True,True,,
57,20,135,1.0,1.0,True,False,True,True,True,,
57,20,180,0.5,1.0,True,False,True,True,True,,
57,20,180,1.0,1.0,True,False,True,True,True,,
57,20,225,0.5,1.0,True,False,True,True,True,,
57,20,225,1.0,1.0,True,False,True,True,True,,
57,20,270,0.5,1.0,True,False,True,True,True,,
57,20,270,1.0,1.0,True,False,True,True,True,,
57,20,315,0.5,1.0,True,False,True,True,True,,
57,20,315,1.0,1.0,True,False,True,True,True,,
57,30,45,0.5,1.0,False,True,True,True,True,,
57,30,45,1.0,1.0,False,True,True,True,True,,
57,30,90,1.0,1.0,False,True,True,True,True,,
57,30,135,0.5,1.0,False,True,True,True,True,,
57,30,135,1.0,1.0,False,True,True,True,True,,
57,30,180,0.5,1.0,False,True,True,True,True,,
57,30,180,1.0,1.0,False,True,True,True,True,,
57,30,225,0.5,1.0,False,True,True,True,True,,
57,30,225,1.0,1.0,False,True,True,True,True,,
57,30,270,0.5,1.0,False,True,True,True,True,,
57,30,270,1.0,1.0,False,True,True,True,True,,
57,30,315,0.5,1.0,False,True,True,True,True,,
57,30,315,1.0,1.0,False,True,True,True,True,,
57,40,45,0.5,1.0,True,False,True,True,True,,
57,40,45,1.0,1.0,True,False,True,True,True,,
57,40,90,1.0,1.0,True,False,True,True,True,,
57,40,135,0.5,1.0,True,False,True,True,True,,
57,40,135,1.0,1.0,True,False,True,True,True,,
57,40,180,0.5,1.0,True,False,True,True,True,,
57,40,180,1.0,1.0,True,False,True,True,True,,
57,40,225,0.5,1.0,True,False,True,True,True,,
57,40,225,1.0,1.0,True,False,True,True,True,,
57,40,270,0.5,1.0,True,False,True,True,True,,
57,40,270,1.0,1.0,True,False,True,True,True,,
57,40,315,0.5,1.0,True,False,True,True,True,,
57,40,315,1.0,1.0,True,False,True,True,True,,
57,50,45,0.5,1.0,False,True,True,True,True,,
57,50,45,1.0,1.0,False,True,True,True,True,,
57,50,90,1.0,1.0,False,True,True,True,True,,
57,50,135,0.5,1.0,False,True,True,True,True,,
57,50,135,1.0,1.0,False,True,True,True,True,,
57,50,180,0.5,1.0,False,True,True,True,True,,
57,50,180,1.0,1.0,False,True,True,True,True,,
57,50,225,0.5,1.0,False,True,True,True,True,,
57,50,225,1.0,1.0,False,True,True,True,True,,
57,50,270,0.5,1.0,False,True,True,True,True,,
57,50,270,1.0,1.0,False,True,True,True,True,,
57,50,315,0.5,1.0,False,True,True,True,True,,
57,50,315,1.0,1.0,False,True,True,True,True,,
57,60,0,0.5,1.0,True,False,True,True,True,,
57,60,0,1.0,1.0,True,False,True,True,True,,
57,60,45,0.5,1.0,True,False,True,True,True,,
57,60,45,1.0,1.0,True,False,True,True,True,,
57,60,90,0.5,1.0,True,False,True,True,True,,
57,60,90,1.0,1.0,True,False,True,True,True,,
57,60,135,0.5,1.0,True,False,True,True,True,,
57,60,135,1.0,1.0,True,False,True,True,True,,
57,60,180,0.5,1.0,True,False,True,True,True,,
57,60,180,1.0,1.0,True,False,True,True,True,,
57,60,225,0.5,1.0,True,False,True,True,True,,
57,60,225,1.0,1.0,True,False,True,True,True,,
57,60,270,0.5,1.0,True,False,True,True,True,,
57,60,270,1.0,1.0,True,False,True,True,True,,
57,60,315,0.5,1.0,True,False,True,True,True,,
57,60,315,1.0,1.0,True,False,True,True,True,,
