surface_id,speed_mm_s,direction_deg,nominal_force_N,support_duration_logged_s,known_speed_query,transfer_query,all_protocols_forward_support_available,both_query_repeats_available,common_candidate,missing_supports,missing_query_repeats
0,20,0,1.0,0.25,True,False,True,True,True,,
0,20,45,0.5,0.25,True,False,True,True,True,,
0,20,45,1.0,0.25,True,False,True,True,True,,
0,20,90,0.5,0.25,True,False,True,True,True,,
0,20,90,1.0,0.25,True,False,True,True,True,,
0,20,135,0.5,0.25,True,False,True,True,True,,
0,20,135,1.0,0.25,True,False,True,True,True,,
0,20,180,0.5,0.25,True,False,True,True,True,,
0,20,180,1.0,0.25,True,False,True,True,True,,
0,20,225,0.5,0.25,True,False,True,True,True,,
0,20,225,1.0,0.25,True,False,True,True,True,,
0,20,270,0.5,0.25,True,False,True,True,True,,
0,20,270,1.0,0.25,True,False,True,True,True,,
0,20,315,0.5,0.25,True,False,True,True,True,,
0,20,315,1.0,0.25,True,False,True,True,True,,
0,30,45,0.5,0.25,False,True,True,True,True,,
0,30,45,1.0,0.25,False,True,True,True,True,,
0,30,90,1.0,0.25,False,True,True,True,True,,
0,30,135,0.5,0.25,False,True,True,True,True,,
0,30,135,1.0,0.25,False,True,True,True,True,,
0,30,180,0.5,0.25,False,True,True,True,True,,
0,30,180,1.0,0.25,False,True,True,True,True,,
0,30,225,0.5,0.25,False,True,True,True,True,,
0,30,225,1.0,0.25,False,True,True,True,True,,
0,30,270,0.5,0.25,False,True,True,True,True,,
0,30,270,1.0,0.25,False,True,True,True,True,,
0,30,315,0.5,0.25,False,True,True,True,True,,
0,30,315,1.0,0.25,False,True,True,True,True,,
0,40,45,0.5,0.25,True,False,True,True,True,,
0,40,45,1.0,0.25,True,False,True,True,True,,
0,40,90,1.0,0.25,True,False,True,True,True,,
0,40,135,0.5,0.25,True,False,True,True,True,,
0,40,135,1.0,0.25,True,False,True,True,True,,
0,40,180,0.5,0.25,True,False,True,True,True,,
0,40,180,1.0,0.25,True,False,True,True,True,,
0,40,225,0.5,0.25,True,False,True,True,True,,
0,40,225,1.0,0.25,True,False,True,True,True,,
0,40,270,0.5,0.25,True,False,True,True,True,,
0,40,270,1.0,0.25,True,False,True,True,True,,
0,40,315,0.5,0.25,True,False,True,True,True,,
0,40,315,1.0,0.25,True,False,True,True,True,,
0,50,45,0.5,0.25,False,True,True,True,True,,
0,50,45,1.0,0.25,False,True,True,True,True,,
0,50,90,1.0,0.25,False,True,True,True,True,,
0,50,135,0.5,0.25,False,True,True,True,True,,
0,50,135,1.0,0.25,False,True,True,True,True,,
0,50,180,0.5,0.25,False,True,True,True,True,,
0,50,180,1.0,0.25,False,True,True,True,True,,
0,50,225,0.5,0.25,False,True,True,True,True,,
0,50,225,1.0,0.25,False,True,True,True,True,,
0,50,270,0.5,0.25,False,True,True,True,True,,
0,50,270,1.0,0.25,False,True,True,True,True,,
0,50,315,0.5,0.25,False,True,True,True,True,,
0,50,315,1.0,0.25,False,True,True,True,True,,
0,60,0,0.5,0.25,True,False,True,True,True,,
0,60,0,1.0,0.25,True,False,True,True,True,,
0,60,45,0.5,0.25,True,False,True,True,True,,
0,60,45,1.0,0.25,True,False,True,True,True,,
0,60,90,0.5,0.25,True,False,True,True,True,,
0,60,90,1.0,0.25,True,False,True,True,True,,
0,60,135,0.5,0.25,True,False,True,True,True,,
0,60,135,1.0,0.25,True,False,True,True,True,,
0,60,180,0.5,0.25,True,False,True,True,True,,
0,60,180,1.0,0.25,True,False,True,True,True,,
0,60,225,0.5,0.25,True,False,True,True,True,,
0,60,225,1.0,0.25,True,False,True,True,True,,
0,60,270,0.5,0.25,True,False,True,True,True,,
0,60,270,1.0,0.25,True,False,True,True,True,,
0,60,315,0.5,0.25,True,False,True,True,True,,
0,60,315,1.0,0.25,True,False,True,True,True,,
0,20,0,1.0,0.5,True,False,True,True,True,,
0,20,45,0.5,0.5,True,False,True,True,True,,
0,20,45,1.0,0.5,True,False,True,True,True,,
0,20,90,0.5,0.5,True,False,True,True,True,,
0,20,90,1.0,0.5,True,False,True,True,True,,
0,20,135,0.5,0.5,True,False,True,True,True,,
0,20,135,1.0,0.5,True,False,True,True,True,,
0,20,180,0.5,0.5,True,False,True,True,True,,
0,20,180,1.0,0.5,True,False,True,True,True,,
0,20,225,0.5,0.5,True,False,True,True,True,,
0,20,225,1.0,0.5,True,False,True,True,True,,
0,20,270,0.5,0.5,True,False,True,True,True,,
0,20,270,1.0,0.5,True,False,True,True,True,,
0,20,315,0.5,0.5,True,False,True,True,True,,
0,20,315,1.0,0.5,True,False,True,True,True,,
0,30,45,0.5,0.5,False,True,True,True,True,,
0,30,45,1.0,0.5,False,True,True,True,True,,
0,30,90,1.0,0.5,False,True,True,True,True,,
0,30,135,0.5,0.5,False,True,True,True,True,,
0,30,135,1.0,0.5,False,True,True,True,True,,
0,30,180,0.5,0.5,False,True,True,True,True,,
0,30,180,1.0,0.5,False,True,True,True,True,,
0,30,225,0.5,0.5,False,True,True,True,True,,
0,30,225,1.0,0.5,False,True,True,True,True,,
0,30,270,0.5,0.5,False,True,True,True,True,,
0,30,270,1.0,0.5,False,True,True,True,True,,
0,30,315,0.5,0.5,False,True,True,True,True,,
0,30,315,1.0,0.5,False,True,True,True,True,,
0,40,45,0.5,0.5,True,False,True,True,True,,
0,40,45,1.0,0.5,True,False,True,True,True,,
0,40,90,1.0,0.5,True,False,True,True,True,,
0,40,135,0.5,0.5,True,False,True,True,True,,
0,40,135,1.0,0.5,True,False,True,True,True,,
0,40,180,0.5,0.5,True,False,True,True,True,,
0,40,180,1.0,0.5,True,False,True,True,True,,
0,40,225,0.5,0.5,True,False,True,True,True,,
0,40,225,1.0,0.5,True,False,True,True,True,,
0,40,270,0.5,0.5,True,False,True,True,True,,
0,40,270,1.0,0.5,True,False,True,True,True,,
0,40,315,0.5,0.5,True,False,True,True,True,,
0,40,315,1.0,0.5,True,False,True,True,True,,
0,50,45,0.5,0.5,False,True,True,True,True,,
0,50,45,1.0,0.5,False,True,True,True,True,,
0,50,90,1.0,0.5,False,True,True,True,True,,
0,50,135,0.5,0.5,False,True,True,True,True,,
0,50,135,1.0,0.5,False,True,True,True,True,,
0,50,180,0.5,0.5,False,True,True,True,True,,
0,50,180,1.0,0.5,False,True,True,True,True,,
0,50,225,0.5,0.5,False,True,True,True,True,,
0,50,225,1.0,0.5,False,True,True,True,True,,
0,50,270,0.5,0.5,False,True,True,True,True,,
0,50,270,1.0,0.5,False,True,True,True,True,,
0,50,315,0.5,0.5,False,True,True,True,True,,
0,50,315,1.0,0.5,False,True,True,True,True,,
0,60,0,0.5,0.5,True,False,True,True,True,,
0,60,0,1.0,0.5,True,False,True,True,True,,
0,60,45,0.5,0.5,True,False,True,True,True,,
0,60,45,1.0,0.5,True,False,True,True,True,,
0,60,90,0.5,0.5,True,False,True,True,True,,
0,60,90,1.0,0.5,True,False,True,True,True,,
0,60,135,0.5,0.5,True,False,True,True,True,,
0,60,135,1.0,0.5,True,False,True,True,True,,
0,60,180,0.5,0.5,True,False,True,True,True,,
0,60,180,1.0,0.5,True,False,True,True,True,,
0,60,225,0.5,0.5,True,False,True,True,True,,
0,60,225,1.0,0.5,True,False,True,True,True,,
0,60,270,0.5,0.5,True,False,True,True,True,,
0,60,270,1.0,0.5,True,False,True,True,True,,
0,60,315,0.5,0.5,True,False,True,True,True,,
0,60,315,1.0,0.5,True,False,True,True,True,,
0,20,0,1.0,1.0,True,False,True,True,True,,
0,20,45,0.5,1.0,True,False,True,True,True,,
0,20,45,1.0,1.0,True,False,True,True,True,,
0,20,90,0.5,1.0,True,False,True,True,True,,
0,20,90,1.0,1.0,True,False,True,True,True,,
0,20,135,0.5,1.0,True,False,True,True,True,,
0,20,135,1.0,1.0,True,False,True,True,True,,
0,20,180,0.5,1.0,True,False,True,True,True,,
0,20,180,1.0,1.0,True,False,True,True,True,,
0,20,225,0.5,1.0,True,False,True,True,True,,
0,20,225,1.0,1.0,True,False,True,True,True,,
0,20,270,0.5,1.0,True,False,True,True,True,,
0,20,270,1.0,1.0,True,False,True,True,True,,
0,20,315,0.5,1.0,True,False,True,True,True,,
0,20,315,1.0,1.0,True,False,True,True,True,,
0,30,45,0.5,1.0,False,True,True,True,True,,
0,30,45,1.0,1.0,False,True,True,True,True,,
0,30,90,1.0,1.0,False,True,True,True,True,,
0,30,135,0.5,1.0,False,True,True,True,True,,
0,30,135,1.0,1.0,False,True,True,True,True,,
0,30,180,0.5,1.0,False,True,True,True,True,,
0,30,180,1.0,1.0,False,True,True,True,True,,
0,30,225,0.5,1.0,False,True,True,True,True,,
0,30,225,1.0,1.0,False,True,True,True,True,,
0,30,270,0.5,1.0,False,True,True,True,True,,
0,30,270,1.0,1.0,False,True,True,True,True,,
0,30,315,0.5,1.0,False,True,True,True,True,,
0,30,315,1.0,1.0,False,True,True,True,True,,
0,40,45,0.5,1.0,True,False,True,True,True,,
0,40,45,1.0,1.0,True,False,True,True,True,,
0,40,90,1.0,1.0,True,False,True,True,True,,
0,40,135,0.5,1.0,True,False,True,True,True,,
0,40,135,1.0,1.0,True,False,True,True,True,,
0,40,180,0.5,1.0,True,False,True,True,True,,
0,40,180,1.0,1.0,True,False,True,True,True,,
0,40,225,0.5,1.0,True,False,True,True,True,,
0,40,225,1.0,1.0,True,False,True,True,True,,
0,40,270,0.5,1.0,True,False,True,True,True,,
0,40,270,1.0,1.0,True,False,True,True,True,,
0,40,315,0.5,1.0,True,False,True,True,True,,
0,40,315,1.0,1.0,True,False,True,True,True,,
0,50,45,0.5,1.0,False,True,True,True,True,,
0,50,45,1.0,1.0,False,True,True,True,True,,
0,50,90,1.0,1.0,False,True,True,True,True,,
0,50,135,0.5,1.0,False,True,True,True,True,,
0,50,135,1.0,1.0,False,True,True,True,True,,
0,50,180,0.5,1.0,False,True,True,True,True,,
0,50,180,1.0,1.0,False,True,True,True,True,,
0,50,225,0.5,1.0,False,True,True,True,True,,
0,50,225,1.0,1.0,False,True,True,True,True,,
0,50,270,0.5,1.0,False,True,True,True,True,,
0,50,270,1.0,1.0,False,True,True,True,True,,
0,50,315,0.5,1.0,False,True,True,True,True,,
0,50,315,1.0,1.0,False,True,True,True,True,,
0,60,0,0.5,1.0,True,False,True,True,True,,
0,60,0,1.0,1.0,True,False,True,True,True,,
0,60,45,0.5,1.0,True,False,True,True,True,,
0,60,45,1.0,1.0,True,False,True,True,True,,
0,60,90,0.5,1.0,True,False,True,True,True,,
0,60,90,1.0,1.0,True,False,True,True,True,,
0,60,135,0.5,1.0,True,False,True,True,True,,
0,60,135,1.0,1.0,True,False,True,True,True,,
0,60,180,0.5,1.0,True,False,True,True,True,,
0,60,180,1.0,1.0,True,False,True,True,True,,
0,60,225,0.5,1.0,True,False,True,True,True,,
0,60,225,1.0,1.0,True,False,True,True,True,,
0,60,270,0.5,1.0,True,False,True,True,True,,
0,60,270,1.0,1.0,True,False,True,True,True,,
0,60,315,0.5,1.0,True,False,True,True,True,,
0,60,315,1.0,1.0,True,False,True,True,True,,
38,20,0,1.0,0.25,True,False,True,True,True,,
38,20,45,0.5,0.25,True,False,True,True,True,,
38,20,45,1.0,0.25,True,False,True,True,True,,
38,20,90,0.5,0.25,True,False,True,True,True,,
38,20,90,1.0,0.25,True,False,True,True,True,,
38,20,135,0.5,0.25,True,False,True,True,True,,
38,20,135,1.0,0.25,True,False,True,True,True,,
38,20,180,0.5,0.25,True,False,True,True,True,,
38,20,180,1.0,0.25,True,False,True,True,True,,
38,20,225,0.5,0.25,True,False,True,True,True,,
38,20,225,1.0,0.25,True,False,True,True,True,,
38,20,270,0.5,0.25,True,False,True,True,True,,
38,20,270,1.0,0.25,True,False,True,True,True,,
38,20,315,0.5,0.25,True,False,True,True,True,,
38,20,315,1.0,0.25,True,False,True,True,True,,
38,30,45,0.5,0.25,False,True,True,True,True,,
38,30,45,1.0,0.25,False,True,True,True,True,,
38,30,90,1.0,0.25,False,True,True,True,True,,
38,30,135,0.5,0.25,False,True,True,True,True,,
38,30,135,1.0,0.25,False,True,True,True,True,,
38,30,180,0.5,0.25,False,True,True,True,True,,
38,30,180,1.0,0.25,False,True,True,True,True,,
38,30,225,0.5,0.25,False,True,True,True,True,,
38,30,225,1.0,0.25,False,True,True,True,True,,
38,30,270,0.5,0.25,False,True,True,True,True,,
38,30,270,1.0,0.25,False,True,True,True,True,,
38,30,315,0.5,0.25,False,True,True,True,True,,
38,30,315,1.0,0.25,False,True,True,True,True,,
38,40,45,0.5,0.25,True,False,True,True,True,,
38,40,45,1.0,0.25,True,False,True,True,True,,
38,40,90,1.0,0.25,True,False,True,True,True,,
38,40,135,0.5,0.25,True,False,True,True,True,,
38,40,135,1.0,0.25,True,False,True,True,True,,
38,40,180,0.5,0.25,True,False,True,True,True,,
38,40,180,1.0,0.25,True,False,True,True,True,,
38,40,225,0.5,0.25,True,False,True,True,True,,
38,40,225,1.0,0.25,True,False,True,True,True,,
38,40,270,0.5,0.25,True,False,True,True,True,,
38,40,270,1.0,0.25,True,False,True,True,True,,
38,40,315,0.5,0.25,True,False,True,True,True,,
38,40,315,1.0,0.25,True,False,True,True,True,,
38,50,45,0.5,0.25,False,True,True,True,True,,
38,50,45,1.0,0.25,False,True,True,True,True,,
38,50,90,1.0,0.25,False,True,True,True,True,,
38,50,135,0.5,0.25,False,True,True,True,True,,
38,50,135,1.0,0.25,False,True,True,True,True,,
38,50,180,0.5,0.25,False,True,True,True,True,,
38,50,180,1.0,0.25,False,True,True,True,True,,
38,50,225,0.5,0.25,False,True,True,True,True,,
38,50,225,1.0,0.25,False,True,True,True,True,,
38,50,270,0.5,0.25,False,True,True,True,True,,
38,50,270,1.0,0.25,False,True,True,True,True,,
38,50,315,0.5,0.25,False,True,True,True,True,,
38,50,315,1.0,0.25,False,True,True,True,True,,
38,60,0,0.5,0.25,True,False,True,True,True,,
38,60,0,1.0,0.25,True,False,True,True,True,,
38,60,45,0.5,0.25,True,False,True,True,True,,
38,60,45,1.0,0.25,True,False,True,True,True,,
38,60,90,0.5,0.25,True,False,True,True,True,,
38,60,90,1.0,0.25,True,False,True,True,True,,
38,60,135,0.5,0.25,True,False,True,True,True,,
38,60,135,1.0,0.25,True,False,True,True,True,,
38,60,180,0.5,0.25,True,False,True,True,True,,
38,60,180,1.0,0.25,True,False,True,True,True,,
38,60,225,0.5,0.25,True,False,True,True,True,,
38,60,225,1.0,0.25,True,False,True,True,True,,
38,60,270,0.5,0.25,True,False,True,True,True,,
38,60,270,1.0,0.25,True,False,True,True,True,,
38,60,315,0.5,0.25,True,False,True,True,True,,
38,60,315,1.0,0.25,True,False,True,True,True,,
38,20,0,1.0,0.5,True,False,True,True,True,,
38,20,45,0.5,0.5,True,False,True,True,True,,
38,20,45,1.0,0.5,True,False,True,True,True,,
38,20,90,0.5,0.5,True,False,True,True,True,,
38,20,90,1.0,0.5,True,False,True,True,True,,
38,20,135,0.5,0.5,True,False,True,True,True,,
38,20,135,1.0,0.5,True,False,True,True,True,,
38,20,180,0.5,0.5,True,False,True,True,True,,
38,20,180,1.0,0.5,True,False,True,True,True,,
38,20,225,0.5,0.5,True,False,True,True,True,,
38,20,225,1.0,0.5,True,False,True,True,True,,
38,20,270,0.5,0.5,True,False,True,True,True,,
38,20,270,1.0,0.5,True,False,True,True,True,,
38,20,315,0.5,0.5,True,False,True,True,True,,
38,20,315,1.0,0.5,True,False,True,True,True,,
38,30,45,0.5,0.5,False,True,True,True,True,,
38,30,45,1.0,0.5,False,True,True,True,True,,
38,30,90,1.0,0.5,False,True,True,True,True,,
38,30,135,0.5,0.5,False,True,True,True,True,,
38,30,135,1.0,0.5,False,True,True,True,True,,
38,30,180,0.5,0.5,False,True,True,True,True,,
38,30,180,1.0,0.5,False,True,True,True,True,,
38,30,225,0.5,0.5,False,True,True,True,True,,
38,30,225,1.0,0.5,False,True,True,True,True,,
38,30,270,0.5,0.5,False,True,True,True,True,,
38,30,270,1.0,0.5,False,True,True,True,True,,
38,30,315,0.5,0.5,False,True,True,True,True,,
38,30,315,1.0,0.5,False,True,True,True,True,,
38,40,45,0.5,0.5,True,False,True,True,True,,
38,40,45,1.0,0.5,True,False,True,True,True,,
38,40,90,1.0,0.5,True,False,True,True,True,,
38,40,135,0.5,0.5,True,False,True,True,True,,
38,40,135,1.0,0.5,True,False,True,True,True,,
38,40,180,0.5,0.5,True,False,True,True,True,,
38,40,180,1.0,0.5,True,False,True,True,True,,
38,40,225,0.5,0.5,True,False,True,True,True,,
38,40,225,1.0,0.5,True,False,True,True,True,,
38,40,270,0.5,0.5,True,False,True,True,True,,
38,40,270,1.0,0.5,True,False,True,True,True,,
38,40,315,0.5,0.5,True,False,True,True,True,,
38,40,315,1.0,0.5,True,False,True,True,True,,
38,50,45,0.5,0.5,False,True,True,True,True,,
38,50,45,1.0,0.5,False,True,True,True,True,,
38,50,90,1.0,0.5,False,True,True,True,True,,
38,50,135,0.5,0.5,False,True,True,True,True,,
38,50,135,1.0,0.5,False,True,True,True,True,,
38,50,180,0.5,0.5,False,True,True,True,True,,
38,50,180,1.0,0.5,False,True,True,True,True,,
38,50,225,0.5,0.5,False,True,True,True,True,,
38,50,225,1.0,0.5,False,True,True,True,True,,
38,50,270,0.5,0.5,False,True,True,True,True,,
38,50,270,1.0,0.5,False,True,True,True,True,,
38,50,315,0.5,0.5,False,True,True,True,True,,
38,50,315,1.0,0.5,False,True,True,True,True,,
38,60,0,0.5,0.5,True,False,True,True,True,,
38,60,0,1.0,0.5,True,False,True,True,True,,
38,60,45,0.5,0.5,True,False,True,True,True,,
38,60,45,1.0,0.5,True,False,True,True,True,,
38,60,90,0.5,0.5,True,False,True,True,True,,
38,60,90,1.0,0.5,True,False,True,True,True,,
38,60,135,0.5,0.5,True,False,True,True,True,,
38,60,135,1.0,0.5,True,False,True,True,True,,
38,60,180,0.5,0.5,True,False,True,True,True,,
38,60,180,1.0,0.5,True,False,True,True,True,,
38,60,225,0.5,0.5,True,False,True,True,True,,
38,60,225,1.0,0.5,True,False,True,True,True,,
38,60,270,0.5,0.5,True,False,True,True,True,,
38,60,270,1.0,0.5,True,False,True,True,True,,
38,60,315,0.5,0.5,True,False,True,True,True,,
38,60,315,1.0,0.5,True,False,True,True,True,,
38,20,0,1.0,1.0,True,False,True,True,True,,
38,20,45,0.5,1.0,True,False,True,True,True,,
38,20,45,1.0,1.0,True,False,True,True,True,,
38,20,90,0.5,1.0,True,False,True,True,True,,
38,20,90,1.0,1.0,True,False,True,True,True,,
38,20,135,0.5,1.0,True,False,True,True,True,,
38,20,135,1.0,1.0,True,False,True,True,True,,
38,20,180,0.5,1.0,True,False,True,True,True,,
38,20,180,1.0,1.0,True,False,True,True,True,,
38,20,225,0.5,1.0,True,False,True,True,True,,
38,20,225,1.0,1.0,True,False,True,True,True,,
38,20,270,0.5,1.0,True,False,True,True,True,,
38,20,270,1.0,1.0,True,False,True,True,True,,
38,20,315,0.5,1.0,True,False,True,True,True,,
38,20,315,1.0,1.0,True,False,True,True,True,,
38,30,45,0.5,1.0,False,True,True,True,True,,
38,30,45,1.0,1.0,False,True,True,True,True,,
38,30,90,1.0,1.0,False,True,True,True,True,,
38,30,135,0.5,1.0,False,True,True,True,True,,
38,30,135,1.0,1.0,False,True,True,True,True,,
38,30,180,0.5,1.0,False,True,True,True,True,,
38,30,180,1.0,1.0,False,True,True,True,True,,
38,30,225,0.5,1.0,False,True,True,True,True,,
38,30,225,1.0,1.0,False,True,True,True,True,,
38,30,270,0.5,1.0,False,True,True,True,True,,
38,30,270,1.0,1.0,False,True,True,True,True,,
38,30,315,0.5,1.0,False,True,True,True,True,,
38,30,315,1.0,1.0,False,True,True,True,True,,
38,40,45,0.5,1.0,True,False,True,True,True,,
38,40,45,1.0,1.0,True,False,True,True,True,,
38,40,90,1.0,1.0,True,False,True,True,True,,
38,40,135,0.5,1.0,True,False,True,True,True,,
38,40,135,1.0,1.0,True,False,True,True,True,,
38,40,180,0.5,1.0,True,False,True,True,True,,
38,40,180,1.0,1.0,True,False,True,True,True,,
38,40,225,0.5,1.0,True,False,True,True,True,,
38,40,225,1.0,1.0,True,False,True,True,True,,
38,40,270,0.5,1.0,True,False,True,True,True,,
38,40,270,1.0,1.0,True,False,True,True,True,,
38,40,315,0.5,1.0,True,False,True,True,True,,
38,40,315,1.0,1.0,True,False,True,True,True,,
38,50,45,0.5,1.0,False,True,True,True,True,,
38,50,45,1.0,1.0,False,True,True,True,True,,
38,50,90,1.0,1.0,False,True,True,True,True,,
38,50,135,0.5,1.0,False,True,True,True,True,,
38,50,135,1.0,1.0,False,True,True,True,True,,
38,50,180,0.5,1.0,False,True,True,True,True,,
38,50,180,1.0,1.0,False,True,True,True,True,,
38,50,225,0.5,1.0,False,True,True,True,True,,
38,50,225,1.0,1.0,False,True,True,True,True,,
38,50,270,0.5,1.0,False,True,True,True,True,,
38,50,270,1.0,1.0,False,True,True,True,True,,
38,50,315,0.5,1.0,False,True,True,True,True,,
38,50,315,1.0,1.0,False,True,True,True,True,,
38,60,0,0.5,1.0,True,False,True,True,True,,
38,60,0,1.0,1.0,True,False,True,True,True,,
38,60,45,0.5,1.0,True,False,True,True,True,,
38,60,45,1.0,1.0,True,False,True,True,True,,
38,60,90,0.5,1.0,True,False,True,True,True,,
38,60,90,1.0,1.0,True,False,True,True,True,,
38,60,135,0.5,1.0,True,False,True,True,True,,
38,60,135,1.0,1.0,True,False,True,True,True,,
38,60,180,0.5,1.0,True,False,True,True,True,,
38,60,180,1.0,1.0,True,False,True,True,True,,
38,60,225,0.5,1.0,True,False,True,True,True,,
38,60,225,1.0,1.0,True,False,True,True,True,,
38,60,270,0.5,1.0,True,False,True,True,True,,
38,60,270,1.0,1.0,True,False,True,True,True,,
38,60,315,0.5,1.0,True,False,True,True,True,,
38,60,315,1.0,1.0,True,False,True,True,True,,
49,20,0,1.0,0.25,True,False,True,True,True,,
49,20,45,0.5,0.25,True,False,True,True,True,,
49,20,45,1.0,0.25,True,False,True,True,True,,
49,20,90,0.5,0.25,True,False,True,True,True,,
49,20,90,1.0,0.25,True,False,True,True,True,,
49,20,135,0.5,0.25,True,False,True,True,True,,
49,20,135,1.0,0.25,True,False,True,True,True,,
49,20,180,0.5,0.25,True,False,True,True,True,,
49,20,180,1.0,0.25,True,False,True,True,True,,
49,20,225,0.5,0.25,True,False,True,True,True,,
49,20,225,1.0,0.25,True,False,True,True,True,,
49,20,270,0.5,0.25,True,False,True,True,True,,
49,20,270,1.0,0.25,True,False,True,True,True,,
49,20,315,0.5,0.25,True,False,True,True,True,,
49,20,315,1.0,0.25,True,False,True,True,True,,
49,30,45,0.5,0.25,False,True,True,True,True,,
49,30,45,1.0,0.25,False,True,True,True,True,,
49,30,90,1.0,0.25,False,True,True,True,True,,
49,30,135,0.5,0.25,False,True,True,True,True,,
49,30,135,1.0,0.25,False,True,True,True,True,,
49,30,180,0.5,0.25,False,True,True,True,True,,
49,30,180,1.0,0.25,False,True,True,True,True,,
49,30,225,0.5,0.25,False,True,True,True,True,,
49,30,225,1.0,0.25,False,True,True,True,True,,
49,30,270,0.5,0.25,False,True,True,True,True,,
49,30,270,1.0,0.25,False,True,True,True,True,,
49,30,315,0.5,0.25,False,True,True,True,True,,
49,30,315,1.0,0.25,False,True,True,True,True,,
49,40,45,0.5,0.25,True,False,True,True,True,,
49,40,45,1.0,0.25,True,False,True,True,True,,
49,40,90,1.0,0.25,True,False,True,True,True,,
49,40,135,0.5,0.25,True,False,True,True,True,,
49,40,135,1.0,0.25,True,False,True,True,True,,
49,40,180,0.5,0.25,True,False,True,True,True,,
49,40,180,1.0,0.25,True,False,True,True,True,,
49,40,225,0.5,0.25,True,False,True,True,True,,
49,40,225,1.0,0.25,True,False,True,True,True,,
49,40,270,0.5,0.25,True,False,True,True,True,,
49,40,270,1.0,0.25,True,False,True,True,True,,
49,40,315,0.5,0.25,True,False,True,True,True,,
49,40,315,1.0,0.25,True,False,True,True,True,,
49,50,45,0.5,0.25,False,True,True,True,True,,
49,50,45,1.0,0.25,False,True,True,True,True,,
49,50,90,1.0,0.25,False,True,True,True,True,,
49,50,135,0.5,0.25,False,True,True,True,True,,
49,50,135,1.0,0.25,False,True,True,True,True,,
49,50,180,0.5,0.25,False,True,True,True,True,,
49,50,180,1.0,0.25,False,True,True,True,True,,
49,50,225,0.5,0.25,False,True,True,True,True,,
49,50,225,1.0,0.25,False,True,True,True,True,,
49,50,270,0.5,0.25,False,True,True,True,True,,
49,50,270,1.0,0.25,False,True,True,True,True,,
49,50,315,0.5,0.25,False,True,True,True,True,,
49,50,315,1.0,0.25,False,True,True,True,True,,
49,60,0,0.5,0.25,True,False,True,True,True,,
49,60,0,1.0,0.25,True,False,True,True,True,,
49,60,45,0.5,0.25,True,False,True,True,True,,
49,60,45,1.0,0.25,True,False,True,True,True,,
49,60,90,0.5,0.25,True,False,True,True,True,,
49,60,90,1.0,0.25,True,False,True,True,True,,
49,60,135,0.5,0.25,True,False,True,True,True,,
49,60,135,1.0,0.25,True,False,True,True,True,,
49,60,180,0.5,0.25,True,False,True,True,True,,
49,60,180,1.0,0.25,True,False,True,True,True,,
49,60,225,0.5,0.25,True,False,True,True,True,,
49,60,225,1.0,0.25,True,False,True,True,True,,
49,60,270,0.5,0.25,True,False,True,True,True,,
49,60,270,1.0,0.25,True,False,True,True,True,,
49,60,315,0.5,0.25,True,False,True,True,True,,
49,60,315,1.0,0.25,True,False,True,True,True,,
49,20,0,1.0,0.5,True,False,True,True,True,,
49,20,45,0.5,0.5,True,False,True,True,True,,
49,20,45,1.0,0.5,True,False,True,True,True,,
49,20,90,0.5,0.5,True,False,True,True,True,,
49,20,90,1.0,0.5,True,False,True,True,True,,
49,20,135,0.5,0.5,True,False,True,True,True,,
49,20,135,1.0,0.5,True,False,True,True,True,,
49,20,180,0.5,0.5,True,False,True,True,True,,
49,20,180,1.0,0.5,True,False,True,True,True,,
49,20,225,0.5,0.5,True,False,True,True,True,,
49,20,225,1.0,0.5,True,False,True,True,True,,
49,20,270,0.5,0.5,True,False,True,True,True,,
49,20,270,1.0,0.5,True,False,True,True,True,,
49,20,315,0.5,0.5,True,False,True,True,True,,
49,20,315,1.0,0.5,True,False,True,True,True,,
49,30,45,0.5,0.5,False,True,True,True,True,,
49,30,45,1.0,0.5,False,True,True,True,True,,
49,30,90,1.0,0.5,False,True,True,True,True,,
49,30,135,0.5,0.5,False,True,True,True,True,,
49,30,135,1.0,0.5,False,True,True,True,True,,
49,30,180,0.5,0.5,False,True,True,True,True,,
49,30,180,1.0,0.5,False,True,True,True,True,,
49,30,225,0.5,0.5,False,True,True,True,True,,
49,30,225,1.0,0.5,False,True,True,True,True,,
49,30,270,0.5,0.5,False,True,True,True,True,,
49,30,270,1.0,0.5,False,True,True,True,True,,
49,30,315,0.5,0.5,False,True,True,True,True,,
49,30,315,1.0,0.5,False,True,True,True,True,,
49,40,45,0.5,0.5,True,False,True,True,True,,
49,40,45,1.0,0.5,True,False,True,True,True,,
49,40,90,1.0,0.5,True,False,True,True,True,,
49,40,135,0.5,0.5,True,False,True,True,True,,
49,40,135,1.0,0.5,True,False,True,True,True,,
49,40,180,0.5,0.5,True,False,True,True,True,,
49,40,180,1.0,0.5,True,False,True,True,True,,
49,40,225,0.5,0.5,True,False,True,True,True,,
49,40,225,1.0,0.5,True,False,True,True,True,,
49,40,270,0.5,0.5,True,False,True,True,True,,
49,40,270,1.0,0.5,True,False,True,True,True,,
49,40,315,0.5,0.5,True,False,True,True,True,,
49,40,315,1.0,0.5,True,False,True,True,True,,
49,50,45,0.5,0.5,False,True,True,True,True,,
49,50,45,1.0,0.5,False,True,True,True,True,,
49,50,90,1.0,0.5,False,True,True,True,True,,
49,50,135,0.5,0.5,False,True,True,True,True,,
49,50,135,1.0,0.5,False,True,True,True,True,,
49,50,180,0.5,0.5,False,True,True,True,True,,
49,50,180,1.0,0.5,False,True,True,True,True,,
49,50,225,0.5,0.5,False,True,True,True,True,,
49,50,225,1.0,0.5,False,True,True,True,True,,
49,50,270,0.5,0.5,False,True,True,True,True,,
49,50,270,1.0,0.5,False,True,True,True,True,,
49,50,315,0.5,0.5,False,True,True,True,True,,
49,50,315,1.0,0.5,False,True,True,True,True,,
49,60,0,0.5,0.5,True,False,True,True,True,,
49,60,0,1.0,0.5,True,False,True,True,True,,
49,60,45,0.5,0.5,True,False,True,True,True,,
49,60,45,1.0,0.5,True,False,True,True,True,,
49,60,90,0.5,0.5,True,False,True,True,True,,
49,60,90,1.0,0.5,True,False,True,True,True,,
49,60,135,0.5,0.5,True,False,True,True,True,,
49,60,135,1.0,0.5,True,False,True,True,True,,
49,60,180,0.5,0.5,True,False,True,True,True,,
49,60,180,1.0,0.5,True,False,True,True,True,,
49,60,225,0.5,0.5,True,False,True,True,True,,
49,60,225,1.0,0.5,True,False,True,True,True,,
49,60,270,0.5,0.5,True,False,True,True,True,,
49,60,270,1.0,0.5,True,False,True,True,True,,
49,60,315,0.5,0.5,True,False,True,True,True,,
49,60,315,1.0,0.5,True,False,True,True,True,,
49,20,0,1.0,1.0,True,False,True,True,True,,
49,20,45,0.5,1.0,True,False,True,True,True,,
49,20,45,1.0,1.0,True,False,True,True,True,,
49,20,90,0.5,1.0,True,False,True,True,True,,
49,20,90,1.0,1.0,True,False,True,True,True,,
49,20,135,0.5,1.0,True,False,True,True,True,,
49,20,135,1.0,1.0,True,False,True,True,True,,
49,20,180,0.5,1.0,True,False,True,True,True,,
49,20,180,1.0,1.0,True,False,True,True,True,,
49,20,225,0.5,1.0,True,False,True,True,True,,
49,20,225,1.0,1.0,True,False,True,True,True,,
49,20,270,0.5,1.0,True,False,True,True,True,,
49,20,270,1.0,1.0,True,False,True,True,True,,
49,20,315,0.5,1.0,True,False,True,True,True,,
49,20,315,1.0,1.0,True,False,True,True,True,,
49,30,45,0.5,1.0,False,True,True,True,True,,
49,30,45,1.0,1.0,False,True,True,True,True,,
49,30,90,1.0,1.0,False,True,True,True,True,,
49,30,135,0.5,1.0,False,True,True,True,True,,
49,30,135,1.0,1.0,False,True,True,True,True,,
49,30,180,0.5,1.0,False,True,True,True,True,,
49,30,180,1.0,1.0,False,True,True,True,True,,
49,30,225,0.5,1.0,False,True,True,True,True,,
49,30,225,1.0,1.0,False,True,True,True,True,,
49,30,270,0.5,1.0,False,True,True,True,True,,
49,30,270,1.0,1.0,False,True,True,True,True,,
49,30,315,0.5,1.0,False,True,True,True,True,,
49,30,315,1.0,1.0,False,True,True,True,True,,
49,40,45,0.5,1.0,True,False,True,True,True,,
49,40,45,1.0,1.0,True,False,True,True,True,,
49,40,90,1.0,1.0,True,False,True,True,True,,
49,40,135,0.5,1.0,True,False,True,True,True,,
49,40,135,1.0,1.0,True,False,True,True,True,,
49,40,180,0.5,1.0,True,False,True,True,True,,
49,40,180,1.0,1.0,True,False,True,True,True,,
49,40,225,0.5,1.0,True,False,True,True,True,,
49,40,225,1.0,1.0,True,False,True,True,True,,
49,40,270,0.5,1.0,True,False,True,True,True,,
49,40,270,1.0,1.0,True,False,True,True,True,,
49,40,315,0.5,1.0,True,False,True,True,True,,
49,40,315,1.0,1.0,True,False,True,True,True,,
49,50,45,0.5,1.0,False,True,True,True,True,,
49,50,45,1.0,1.0,False,True,True,True,True,,
49,50,90,1.0,1.0,False,True,True,True,True,,
49,50,135,0.5,1.0,False,True,True,True,True,,
49,50,135,1.0,1.0,False,True,True,True,True,,
49,50,180,0.5,1.0,False,True,True,True,True,,
49,50,180,1.0,1.0,False,True,True,True,True,,
49,50,225,0.5,1.0,False,True,True,True,True,,
49,50,225,1.0,1.0,False,True,True,True,True,,
49,50,270,0.5,1.0,False,True,True,True,True,,
49,50,270,1.0,1.0,False,True,True,True,True,,
49,50,315,0.5,1.0,False,True,True,True,True,,
49,50,315,1.0,1.0,False,True,True,True,True,,
49,60,0,0.5,1.0,True,False,True,True,True,,
49,60,0,1.0,1.0,True,False,True,True,True,,
49,60,45,0.5,1.0,True,False,True,True,True,,
49,60,45,1.0,1.0,True,False,True,True,True,,
49,60,90,0.5,1.0,True,False,True,True,True,,
49,60,90,1.0,1.0,True,False,True,True,True,,
49,60,135,0.5,1.0,True,False,True,True,True,,
49,60,135,1.0,1.0,True,False,True,True,True,,
49,60,180,0.5,1.0,True,False,True,True,True,,
49,60,180,1.0,1.0,True,False,True,True,True,,
49,60,225,0.5,1.0,True,False,True,True,True,,
49,60,225,1.0,1.0,True,False,True,True,True,,
49,60,270,0.5,1.0,True,False,True,True,True,,
49,60,270,1.0,1.0,True,False,True,True,True,,
49,60,315,0.5,1.0,True,False,True,True,True,,
49,60,315,1.0,1.0,True,False,True,True,True,,
65,20,0,1.0,0.25,True,False,True,True,True,,
65,20,45,0.5,0.25,True,False,True,True,True,,
65,20,45,1.0,0.25,True,False,True,True,True,,
65,20,90,0.5,0.25,True,False,True,True,True,,
65,20,90,1.0,0.25,True,False,True,True,True,,
65,20,135,0.5,0.25,True,False,True,True,True,,
65,20,135,1.0,0.25,True,False,True,True,True,,
65,20,180,0.5,0.25,True,False,True,True,True,,
65,20,180,1.0,0.25,True,False,True,True,True,,
65,20,225,0.5,0.25,True,False,True,True,True,,
65,20,225,1.0,0.25,True,False,True,True,True,,
65,20,270,0.5,0.25,True,False,True,True,True,,
65,20,270,1.0,0.25,True,False,True,True,True,,
65,20,315,0.5,0.25,True,False,True,True,True,,
65,20,315,1.0,0.25,True,False,True,True,True,,
65,30,45,0.5,0.25,False,True,True,True,True,,
65,30,45,1.0,0.25,False,True,True,True,True,,
65,30,90,1.0,0.25,False,True,True,True,True,,
65,30,135,0.5,0.25,False,True,True,True,True,,
65,30,135,1.0,0.25,False,True,True,True,True,,
65,30,180,0.5,0.25,False,True,True,True,True,,
65,30,180,1.0,0.25,False,True,True,True,True,,
65,30,225,0.5,0.25,False,True,True,True,True,,
65,30,225,1.0,0.25,False,True,True,True,True,,
65,30,270,0.5,0.25,False,True,True,True,True,,
65,30,270,1.0,0.25,False,True,True,True,True,,
65,30,315,0.5,0.25,False,True,True,True,True,,
65,30,315,1.0,0.25,False,True,True,True,True,,
65,40,45,0.5,0.25,True,False,True,True,True,,
65,40,45,1.0,0.25,True,False,True,True,True,,
65,40,90,1.0,0.25,True,False,True,True,True,,
65,40,135,0.5,0.25,True,False,True,True,True,,
65,40,135,1.0,0.25,True,False,True,True,True,,
65,40,180,0.5,0.25,True,False,True,True,True,,
65,40,180,1.0,0.25,True,False,True,True,True,,
65,40,225,0.5,0.25,True,False,True,True,True,,
65,40,225,1.0,0.25,True,False,True,True,True,,
65,40,270,0.5,0.25,True,False,True,True,True,,
65,40,270,1.0,0.25,True,False,True,True,True,,
65,40,315,0.5,0.25,True,False,True,True,True,,
65,40,315,1.0,0.25,True,False,True,True,True,,
65,50,45,0.5,0.25,False,True,True,True,True,,
65,50,45,1.0,0.25,False,True,True,True,True,,
65,50,90,1.0,0.25,False,True,True,True,True,,
65,50,135,0.5,0.25,False,True,True,True,True,,
65,50,135,1.0,0.25,False,True,True,True,True,,
65,50,180,0.5,0.25,False,True,True,True,True,,
65,50,180,1.0,0.25,False,True,True,True,True,,
65,50,225,0.5,0.25,False,True,True,True,True,,
65,50,225,1.0,0.25,False,True,True,True,True,,
65,50,270,0.5,0.25,False,True,True,True,True,,
65,50,270,1.0,0.25,False,True,True,True,True,,
65,50,315,0.5,0.25,False,True,True,True,True,,
65,50,315,1.0,0.25,False,True,True,True,True,,
65,60,0,0.5,0.25,True,False,True,True,True,,
65,60,0,1.0,0.25,True,False,True,True,True,,
65,60,45,0.5,0.25,True,False,True,True,True,,
65,60,45,1.0,0.25,True,False,True,True,True,,
65,60,90,0.5,0.25,True,False,True,True,True,,
65,60,90,1.0,0.25,True,False,True,True,True,,
65,60,135,0.5,0.25,True,False,True,True,True,,
65,60,135,1.0,0.25,True,False,True,True,True,,
65,60,180,0.5,0.25,True,False,True,True,True,,
65,60,180,1.0,0.25,True,False,True,True,True,,
65,60,225,0.5,0.25,True,False,True,True,True,,
65,60,225,1.0,0.25,True,False,True,True,True,,
65,60,270,0.5,0.25,True,False,True,True,True,,
65,60,270,1.0,0.25,True,False,True,True,True,,
65,60,315,0.5,0.25,True,False,True,True,True,,
65,60,315,1.0,0.25,True,False,True,True,True,,
65,20,0,1.0,0.5,True,False,True,True,True,,
65,20,45,0.5,0.5,True,False,True,True,True,,
65,20,45,1.0,0.5,True,False,True,True,True,,
65,20,90,0.5,0.5,True,False,True,True,True,,
65,20,90,1.0,0.5,True,False,True,True,True,,
65,20,135,0.5,0.5,True,False,True,True,True,,
65,20,135,1.0,0.5,True,False,True,True,True,,
65,20,180,0.5,0.5,True,False,True,True,True,,
65,20,180,1.0,0.5,True,False,True,True,True,,
65,20,225,0.5,0.5,True,False,True,True,True,,
65,20,225,1.0,0.5,True,False,True,True,True,,
65,20,270,0.5,0.5,True,False,True,True,True,,
65,20,270,1.0,0.5,True,False,True,True,True,,
65,20,315,0.5,0.5,True,False,True,True,True,,
65,20,315,1.0,0.5,True,False,True,True,True,,
65,30,45,0.5,0.5,False,True,True,True,True,,
65,30,45,1.0,0.5,False,True,True,True,True,,
65,30,90,1.0,0.5,False,True,True,True,True,,
65,30,135,0.5,0.5,False,True,True,True,True,,
65,30,135,1.0,0.5,False,True,True,True,True,,
65,30,180,0.5,0.5,False,True,True,True,True,,
65,30,180,1.0,0.5,False,True,True,True,True,,
65,30,225,0.5,0.5,False,True,True,True,True,,
65,30,225,1.0,0.5,False,True,True,True,True,,
65,30,270,0.5,0.5,False,True,True,True,True,,
65,30,270,1.0,0.5,False,True,True,True,True,,
65,30,315,0.5,0.5,False,True,True,True,True,,
65,30,315,1.0,0.5,False,True,True,True,True,,
65,40,45,0.5,0.5,True,False,True,True,True,,
65,40,45,1.0,0.5,True,False,True,True,True,,
65,40,90,1.0,0.5,True,False,True,True,True,,
65,40,135,0.5,0.5,True,False,True,True,True,,
65,40,135,1.0,0.5,True,False,True,True,True,,
65,40,180,0.5,0.5,True,False,True,True,True,,
65,40,180,1.0,0.5,True,False,True,True,True,,
65,40,225,0.5,0.5,True,False,True,True,True,,
65,40,225,1.0,0.5,True,False,True,True,True,,
65,40,270,0.5,0.5,True,False,True,True,True,,
65,40,270,1.0,0.5,True,False,True,True,True,,
65,40,315,0.5,0.5,True,False,True,True,True,,
65,40,315,1.0,0.5,True,False,True,True,True,,
65,50,45,0.5,0.5,False,True,True,True,True,,
65,50,45,1.0,0.5,False,True,True,True,True,,
65,50,90,1.0,0.5,False,True,True,True,True,,
65,50,135,0.5,0.5,False,True,True,True,True,,
65,50,135,1.0,0.5,False,True,True,True,True,,
65,50,180,0.5,0.5,False,True,True,True,True,,
65,50,180,1.0,0.5,False,True,True,True,True,,
65,50,225,0.5,0.5,False,True,True,True,True,,
65,50,225,1.0,0.5,False,True,True,True,True,,
65,50,270,0.5,0.5,False,True,True,True,True,,
65,50,270,1.0,0.5,False,True,True,True,True,,
65,50,315,0.5,0.5,False,True,True,True,True,,
65,50,315,1.0,0.5,False,True,True,True,True,,
65,60,0,0.5,0.5,True,False,True,True,True,,
65,60,0,1.0,0.5,True,False,True,True,True,,
65,60,45,0.5,0.5,True,False,True,True,True,,
65,60,45,1.0,0.5,True,False,True,True,True,,
65,60,90,0.5,0.5,True,False,True,True,True,,
65,60,90,1.0,0.5,True,False,True,True,True,,
65,60,135,0.5,0.5,True,False,True,True,True,,
65,60,135,1.0,0.5,True,False,True,True,True,,
65,60,180,0.5,0.5,True,False,True,True,True,,
65,60,180,1.0,0.5,True,False,True,True,True,,
65,60,225,0.5,0.5,True,False,True,True,True,,
65,60,225,1.0,0.5,True,False,True,True,True,,
65,60,270,0.5,0.5,True,False,True,True,True,,
65,60,270,1.0,0.5,True,False,True,True,True,,
65,60,315,0.5,0.5,True,False,True,True,True,,
65,60,315,1.0,0.5,True,False,True,True,True,,
65,20,0,1.0,1.0,True,False,True,True,True,,
65,20,45,0.5,1.0,True,False,True,True,True,,
65,20,45,1.0,1.0,True,False,True,True,True,,
65,20,90,0.5,1.0,True,False,True,True,True,,
65,20,90,1.0,1.0,True,False,True,True,True,,
65,20,135,0.5,1.0,True,False,True,True,True,,
65,20,135,1.0,1.0,True,False,True,True,True,,
65,20,180,0.5,1.0,True,False,True,True,True,,
65,20,180,1.0,1.0,True,False,True,True,True,,
65,20,225,0.5,1.0,True,False,True,True,True,,
65,20,225,1.0,1.0,True,False,True,True,True,,
65,20,270,0.5,1.0,True,False,True,True,True,,
65,20,270,1.0,1.0,True,False,True,True,True,,
65,20,315,0.5,1.0,True,False,True,True,True,,
65,20,315,1.0,1.0,True,False,True,True,True,,
65,30,45,0.5,1.0,False,True,True,True,True,,
65,30,45,1.0,1.0,False,True,True,True,True,,
65,30,90,1.0,1.0,False,True,True,True,True,,
65,30,135,0.5,1.0,False,True,True,True,True,,
65,30,135,1.0,1.0,False,True,True,True,True,,
65,30,180,0.5,1.0,False,True,True,True,True,,
65,30,180,1.0,1.0,False,True,True,True,True,,
65,30,225,0.5,1.0,False,True,True,True,True,,
65,30,225,1.0,1.0,False,True,True,True,True,,
65,30,270,0.5,1.0,False,True,True,True,True,,
65,30,270,1.0,1.0,False,True,True,True,True,,
65,30,315,0.5,1.0,False,True,True,True,True,,
65,30,315,1.0,1.0,False,True,True,True,True,,
65,40,45,0.5,1.0,True,False,True,True,True,,
65,40,45,1.0,1.0,True,False,True,True,True,,
65,40,90,1.0,1.0,True,False,True,True,True,,
65,40,135,0.5,1.0,True,False,True,True,True,,
65,40,135,1.0,1.0,True,False,True,True,True,,
65,40,180,0.5,1.0,True,False,True,True,True,,
65,40,180,1.0,1.0,True,False,True,True,True,,
65,40,225,0.5,1.0,True,False,True,True,True,,
65,40,225,1.0,1.0,True,False,True,True,True,,
65,40,270,0.5,1.0,True,False,True,True,True,,
65,40,270,1.0,1.0,True,False,True,True,True,,
65,40,315,0.5,1.0,True,False,True,True,True,,
65,40,315,1.0,1.0,True,False,True,True,True,,
65,50,45,0.5,1.0,False,True,True,True,True,,
65,50,45,1.0,1.0,False,True,True,True,True,,
65,50,90,1.0,1.0,False,True,True,True,True,,
65,50,135,0.5,1.0,False,True,True,True,True,,
65,50,135,1.0,1.0,False,True,True,True,True,,
65,50,180,0.5,1.0,False,True,True,True,True,,
65,50,180,1.0,1.0,False,True,True,True,True,,
65,50,225,0.5,1.0,False,True,True,True,True,,
65,50,225,1.0,1.0,False,True,True,True,True,,
65,50,270,0.5,1.0,False,True,True,True,True,,
65,50,270,1.0,1.0,False,True,True,True,True,,
65,50,315,0.5,1.0,False,True,True,True,True,,
65,50,315,1.0,1.0,False,True,True,True,True,,
65,60,0,0.5,1.0,True,False,True,True,True,,
65,60,0,1.0,1.0,True,False,True,True,True,,
65,60,45,0.5,1.0,True,False,True,True,True,,
65,60,45,1.0,1.0,True,False,True,True,True,,
65,60,90,0.5,1.0,True,False,True,True,True,,
65,60,90,1.0,1.0,True,False,True,True,True,,
65,60,135,0.5,1.0,True,False,True,True,True,,
65,60,135,1.0,1.0,True,False,True,True,True,,
65,60,180,0.5,1.0,True,False,True,True,True,,
65,60,180,1.0,1.0,True,False,True,True,True,,
65,60,225,0.5,1.0,True,False,True,True,True,,
65,60,225,1.0,1.0,True,False,True,True,True,,
65,60,270,0.5,1.0,True,False,True,True,True,,
65,60,270,1.0,1.0,True,False,True,True,True,,
65,60,315,0.5,1.0,True,False,True,True,True,,
65,60,315,1.0,1.0,True,False,True,True,True,,
74,20,0,1.0,0.25,True,False,True,True,True,,
74,20,45,0.5,0.25,True,False,True,True,True,,
74,20,45,1.0,0.25,True,False,True,True,True,,
74,20,90,0.5,0.25,True,False,True,True,True,,
74,20,90,1.0,0.25,True,False,True,True,True,,
74,20,135,0.5,0.25,True,False,True,True,True,,
74,20,135,1.0,0.25,True,False,True,True,True,,
74,20,180,0.5,0.25,True,False,True,True,True,,
74,20,180,1.0,0.25,True,False,True,True,True,,
74,20,225,0.5,0.25,True,False,True,True,True,,
74,20,225,1.0,0.25,True,False,True,True,True,,
74,20,270,0.5,0.25,True,False,True,True,True,,
74,20,270,1.0,0.25,True,False,True,True,True,,
74,20,315,0.5,0.25,True,False,True,True,True,,
74,20,315,1.0,0.25,True,False,True,True,True,,
74,30,45,0.5,0.25,False,True,True,True,True,,
74,30,45,1.0,0.25,False,True,True,True,True,,
74,30,90,1.0,0.25,False,True,True,True,True,,
74,30,135,0.5,0.25,False,True,True,True,True,,
74,30,135,1.0,0.25,False,True,True,True,True,,
74,30,180,0.5,0.25,False,True,True,True,True,,
74,30,180,1.0,0.25,False,True,True,True,True,,
74,30,225,0.5,0.25,False,True,True,True,True,,
74,30,225,1.0,0.25,False,True,True,True,True,,
74,30,270,0.5,0.25,False,True,True,True,True,,
74,30,270,1.0,0.25,False,True,True,True,True,,
74,30,315,0.5,0.25,False,True,True,True,True,,
74,30,315,1.0,0.25,False,True,True,True,True,,
74,40,45,0.5,0.25,True,False,True,True,True,,
74,40,45,1.0,0.25,True,False,True,True,True,,
74,40,90,1.0,0.25,True,False,True,True,True,,
74,40,135,0.5,0.25,True,False,True,True,True,,
74,40,135,1.0,0.25,True,False,True,True,True,,
74,40,180,0.5,0.25,True,False,True,True,True,,
74,40,180,1.0,0.25,True,False,True,True,True,,
74,40,225,0.5,0.25,True,False,True,True,True,,
74,40,225,1.0,0.25,True,False,True,True,True,,
74,40,270,0.5,0.25,True,False,True,True,True,,
74,40,270,1.0,0.25,True,False,True,True,True,,
74,40,315,0.5,0.25,True,False,True,True,True,,
74,40,315,1.0,0.25,True,False,True,True,True,,
74,50,45,0.5,0.25,False,True,True,True,True,,
74,50,45,1.0,0.25,False,True,True,True,True,,
74,50,90,1.0,0.25,False,True,True,True,True,,
74,50,135,0.5,0.25,False,True,True,True,True,,
74,50,135,1.0,0.25,False,True,True,True,True,,
74,50,180,0.5,0.25,False,True,True,True,True,,
74,50,180,1.0,0.25,False,True,True,True,True,,
74,50,225,0.5,0.25,False,True,True,True,True,,
74,50,225,1.0,0.25,False,True,True,True,True,,
74,50,270,0.5,0.25,False,True,True,True,True,,
74,50,270,1.0,0.25,False,True,True,True,True,,
74,50,315,0.5,0.25,False,True,True,True,True,,
74,50,315,1.0,0.25,False,True,True,True,True,,
74,60,0,0.5,0.25,True,False,True,True,True,,
74,60,0,1.0,0.25,True,False,True,True,True,,
74,60,45,0.5,0.25,True,False,True,True,True,,
74,60,45,1.0,0.25,True,False,True,True,True,,
74,60,90,0.5,0.25,True,False,True,True,True,,
74,60,90,1.0,0.25,True,False,True,True,True,,
74,60,135,0.5,0.25,True,False,True,True,True,,
74,60,135,1.0,0.25,True,False,True,True,True,,
74,60,180,0.5,0.25,True,False,True,True,True,,
74,60,180,1.0,0.25,True,False,True,True,True,,
74,60,225,0.5,0.25,True,False,True,True,True,,
74,60,225,1.0,0.25,True,False,True,True,True,,
74,60,270,0.5,0.25,True,False,True,True,True,,
74,60,270,1.0,0.25,True,False,True,True,True,,
74,60,315,0.5,0.25,True,False,True,True,True,,
74,60,315,1.0,0.25,True,False,True,True,True,,
74,20,0,1.0,0.5,True,False,True,True,True,,
74,20,45,0.5,0.5,True,False,True,True,True,,
74,20,45,1.0,0.5,True,False,True,True,True,,
74,20,90,0.5,0.5,True,False,True,True,True,,
74,20,90,1.0,0.5,True,False,True,True,True,,
74,20,135,0.5,0.5,True,False,True,True,True,,
74,20,135,1.0,0.5,True,False,True,True,True,,
74,20,180,0.5,0.5,True,False,True,True,True,,
74,20,180,1.0,0.5,True,False,True,True,True,,
74,20,225,0.5,0.5,True,False,True,True,True,,
74,20,225,1.0,0.5,True,False,True,True,True,,
74,20,270,0.5,0.5,True,False,True,True,True,,
74,20,270,1.0,0.5,True,False,True,True,True,,
74,20,315,0.5,0.5,True,False,True,True,True,,
74,20,315,1.0,0.5,True,False,True,True,True,,
74,30,45,0.5,0.5,False,True,True,True,True,,
74,30,45,1.0,0.5,False,True,True,True,True,,
74,30,90,1.0,0.5,False,True,True,True,True,,
74,30,135,0.5,0.5,False,True,True,True,True,,
74,30,135,1.0,0.5,False,True,True,True,True,,
74,30,180,0.5,0.5,False,True,True,True,True,,
74,30,180,1.0,0.5,False,True,True,True,True,,
74,30,225,0.5,0.5,False,True,True,True,True,,
74,30,225,1.0,0.5,False,True,True,True,True,,
74,30,270,0.5,0.5,False,True,True,True,True,,
74,30,270,1.0,0.5,False,True,True,True,True,,
74,30,315,0.5,0.5,False,True,True,True,True,,
74,30,315,1.0,0.5,False,True,True,True,True,,
74,40,45,0.5,0.5,True,False,True,True,True,,
74,40,45,1.0,0.5,True,False,True,True,True,,
74,40,90,1.0,0.5,True,False,True,True,True,,
74,40,135,0.5,0.5,True,False,True,True,True,,
74,40,135,1.0,0.5,True,False,True,True,True,,
74,40,180,0.5,0.5,True,False,True,True,True,,
74,40,180,1.0,0.5,True,False,True,True,True,,
74,40,225,0.5,0.5,True,False,True,True,True,,
74,40,225,1.0,0.5,True,False,True,True,True,,
74,40,270,0.5,0.5,True,False,True,True,True,,
74,40,270,1.0,0.5,True,False,True,True,True,,
74,40,315,0.5,0.5,True,False,True,True,True,,
74,40,315,1.0,0.5,True,False,True,True,True,,
74,50,45,0.5,0.5,False,True,True,True,True,,
74,50,45,1.0,0.5,False,True,True,True,True,,
74,50,90,1.0,0.5,False,True,True,True,True,,
74,50,135,0.5,0.5,False,True,True,True,True,,
74,50,135,1.0,0.5,False,True,True,True,True,,
74,50,180,0.5,0.5,False,True,True,True,True,,
74,50,180,1.0,0.5,False,True,True,True,True,,
74,50,225,0.5,0.5,False,True,True,True,True,,
74,50,225,1.0,0.5,False,True,True,True,True,,
74,50,270,0.5,0.5,False,True,True,True,True,,
74,50,270,1.0,0.5,False,True,True,True,True,,
74,50,315,0.5,0.5,False,True,True,True,True,,
74,50,315,1.0,0.5,False,True,True,True,True,,
74,60,0,0.5,0.5,True,False,True,True,True,,
74,60,0,1.0,0.5,True,False,True,True,True,,
74,60,45,0.5,0.5,True,False,True,True,True,,
74,60,45,1.0,0.5,True,False,True,True,True,,
74,60,90,0.5,0.5,True,False,True,True,True,,
74,60,90,1.0,0.5,True,False,True,True,True,,
74,60,135,0.5,0.5,True,False,True,True,True,,
74,60,135,1.0,0.5,True,False,True,True,True,,
74,60,180,0.5,0.5,True,False,True,True,True,,
74,60,180,1.0,0.5,True,False,True,True,True,,
74,60,225,0.5,0.5,True,False,True,True,True,,
74,60,225,1.0,0.5,True,False,True,True,True,,
74,60,270,0.5,0.5,True,False,True,True,True,,
74,60,270,1.0,0.5,True,False,True,True,True,,
74,60,315,0.5,0.5,True,False,True,True,True,,
74,60,315,1.0,0.5,True,False,True,True,True,,
74,20,0,1.0,1.0,True,False,True,True,True,,
74,20,45,0.5,1.0,True,False,True,True,True,,
74,20,45,1.0,1.0,True,False,True,True,True,,
74,20,90,0.5,1.0,True,False,True,True,True,,
74,20,90,1.0,1.0,True,False,True,True,True,,
74,20,135,0.5,1.0,True,False,True,True,True,,
74,20,135,1.0,1.0,True,False,True,True,True,,
74,20,180,0.5,1.0,True,False,True,True,True,,
74,20,180,1.0,1.0,True,False,True,True,True,,
74,20,225,0.5,1.0,True,False,True,True,True,,
74,20,225,1.0,1.0,True,False,True,True,True,,
74,20,270,0.5,1.0,True,False,True,True,True,,
74,20,270,1.0,1.0,True,False,True,True,True,,
74,20,315,0.5,1.0,True,False,True,True,True,,
74,20,315,1.0,1.0,True,False,True,True,True,,
74,30,45,0.5,1.0,False,True,True,True,True,,
74,30,45,1.0,1.0,False,True,True,True,True,,
74,30,90,1.0,1.0,False,True,True,True,True,,
74,30,135,0.5,1.0,False,True,True,True,True,,
74,30,135,1.0,1.0,False,True,True,True,True,,
74,30,180,0.5,1.0,False,True,True,True,True,,
74,30,180,1.0,1.0,False,True,True,True,True,,
74,30,225,0.5,1.0,False,True,True,True,True,,
74,30,225,1.0,1.0,False,True,True,True,True,,
74,30,270,0.5,1.0,False,True,True,True,True,,
74,30,270,1.0,1.0,False,True,True,True,True,,
74,30,315,0.5,1.0,False,True,True,True,True,,
74,30,315,1.0,1.0,False,True,True,True,True,,
74,40,45,0.5,1.0,True,False,True,True,True,,
74,40,45,1.0,1.0,True,False,True,True,True,,
74,40,90,1.0,1.0,True,False,True,True,True,,
74,40,135,0.5,1.0,True,False,True,True,True,,
74,40,135,1.0,1.0,True,False,True,True,True,,
74,40,180,0.5,1.0,True,False,True,True,True,,
74,40,180,1.0,1.0,True,False,True,True,True,,
74,40,225,0.5,1.0,True,False,True,True,True,,
74,40,225,1.0,1.0,True,False,True,True,True,,
74,40,270,0.5,1.0,True,False,True,True,True,,
74,40,270,1.0,1.0,True,False,True,True,True,,
74,40,315,0.5,1.0,True,False,True,True,True,,
74,40,315,1.0,1.0,True,False,True,True,True,,
74,50,45,0.5,1.0,False,True,True,True,True,,
74,50,45,1.0,1.0,False,True,True,True,True,,
74,50,90,1.0,1.0,False,True,True,True,True,,
74,50,135,0.5,1.0,False,True,True,True,True,,
74,50,135,1.0,1.0,False,True,True,True,True,,
74,50,180,0.5,1.0,False,True,True,True,True,,
74,50,180,1.0,1.0,False,True,True,True,True,,
74,50,225,0.5,1.0,False,True,True,True,True,,
74,50,225,1.0,1.0,False,True,True,True,True,,
74,50,270,0.5,1.0,False,True,True,True,True,,
74,50,270,1.0,1.0,False,True,True,True,True,,
74,50,315,0.5,1.0,False,True,True,True,True,,
74,50,315,1.0,1.0,False,True,True,True,True,,
74,60,0,0.5,1.0,True,False,True,True,True,,
74,60,0,1.0,1.0,True,False,True,True,True,,
74,60,45,0.5,1.0,True,False,True,True,True,,
74,60,45,1.0,1.0,True,False,True,True,True,,
74,60,90,0.5,1.0,True,False,True,True,True,,
74,60,90,1.0,1.0,True,False,True,True,True,,
74,60,135,0.5,1.0,True,False,True,True,True,,
74,60,135,1.0,1.0,True,False,True,True,True,,
74,60,180,0.5,1.0,True,False,True,True,True,,
74,60,180,1.0,1.0,True,False,True,True,True,,
74,60,225,0.5,1.0,True,False,True,True,True,,
74,60,225,1.0,1.0,True,False,True,True,True,,
74,60,270,0.5,1.0,True,False,True,True,True,,
74,60,270,1.0,1.0,True,False,True,True,True,,
74,60,315,0.5,1.0,True,False,True,True,True,,
74,60,315,1.0,1.0,True,False,True,True,True,,
79,20,0,1.0,0.25,True,False,True,True,True,,
79,20,45,0.5,0.25,True,False,True,True,True,,
79,20,45,1.0,0.25,True,False,True,True,True,,
79,20,90,0.5,0.25,True,False,True,True,True,,
79,20,90,1.0,0.25,True,False,True,True,True,,
79,20,135,0.5,0.25,True,False,True,True,True,,
79,20,135,1.0,0.25,True,False,True,True,True,,
79,20,180,0.5,0.25,True,False,True,True,True,,
79,20,180,1.0,0.25,True,False,True,True,True,,
79,20,225,0.5,0.25,True,False,True,True,True,,
79,20,225,1.0,0.25,True,False,True,True,True,,
79,20,270,0.5,0.25,True,False,True,True,True,,
79,20,270,1.0,0.25,True,False,True,True,True,,
79,20,315,0.5,0.25,True,False,True,True,True,,
79,20,315,1.0,0.25,True,False,True,True,True,,
79,30,45,0.5,0.25,False,True,True,True,True,,
79,30,45,1.0,0.25,False,True,True,True,True,,
79,30,90,1.0,0.25,False,True,True,True,True,,
79,30,135,0.5,0.25,False,True,True,True,True,,
79,30,135,1.0,0.25,False,True,True,True,True,,
79,30,180,0.5,0.25,False,True,True,True,True,,
79,30,180,1.0,0.25,False,True,True,True,True,,
79,30,225,0.5,0.25,False,True,True,True,True,,
79,30,225,1.0,0.25,False,True,True,True,True,,
79,30,270,0.5,0.25,False,True,True,True,True,,
79,30,270,1.0,0.25,False,True,True,True,True,,
79,30,315,0.5,0.25,False,True,True,True,True,,
79,30,315,1.0,0.25,False,True,True,True,True,,
79,40,45,0.5,0.25,True,False,True,True,True,,
79,40,45,1.0,0.25,True,False,True,True,True,,
79,40,90,1.0,0.25,True,False,True,True,True,,
79,40,135,0.5,0.25,True,False,True,True,True,,
79,40,135,1.0,0.25,True,False,True,True,True,,
79,40,180,0.5,0.25,True,False,True,True,True,,
79,40,180,1.0,0.25,True,False,True,True,True,,
79,40,225,0.5,0.25,True,False,True,True,True,,
79,40,225,1.0,0.25,True,False,True,True,True,,
79,40,270,0.5,0.25,True,False,True,True,True,,
79,40,270,1.0,0.25,True,False,True,True,True,,
79,40,315,0.5,0.25,True,False,True,True,True,,
79,40,315,1.0,0.25,True,False,True,True,True,,
79,50,45,0.5,0.25,False,True,True,True,True,,
79,50,45,1.0,0.25,False,True,True,True,True,,
79,50,90,1.0,0.25,False,True,True,True,True,,
79,50,135,0.5,0.25,False,True,True,True,True,,
79,50,135,1.0,0.25,False,True,True,True,True,,
79,50,180,0.5,0.25,False,True,True,True,True,,
79,50,180,1.0,0.25,False,True,True,True,True,,
79,50,225,0.5,0.25,False,True,True,True,True,,
79,50,225,1.0,0.25,False,True,True,True,True,,
79,50,270,0.5,0.25,False,True,True,True,True,,
79,50,270,1.0,0.25,False,True,True,True,True,,
79,50,315,0.5,0.25,False,True,True,True,True,,
79,50,315,1.0,0.25,False,True,True,True,True,,
79,60,0,0.5,0.25,True,False,True,True,True,,
79,60,0,1.0,0.25,True,False,True,True,True,,
79,60,45,0.5,0.25,True,False,True,True,True,,
79,60,45,1.0,0.25,True,False,True,True,True,,
79,60,90,0.5,0.25,True,False,True,True,True,,
79,60,90,1.0,0.25,True,False,True,True,True,,
79,60,135,0.5,0.25,True,False,True,True,True,,
79,60,135,1.0,0.25,True,False,True,True,True,,
79,60,180,0.5,0.25,True,False,True,True,True,,
79,60,180,1.0,0.25,True,False,True,True,True,,
79,60,225,0.5,0.25,True,False,True,True,True,,
79,60,225,1.0,0.25,True,False,True,True,True,,
79,60,270,0.5,0.25,True,False,True,True,True,,
79,60,270,1.0,0.25,True,False,True,True,True,,
79,60,315,0.5,0.25,True,False,True,True,True,,
79,60,315,1.0,0.25,True,False,True,True,True,,
79,20,0,1.0,0.5,True,False,True,True,True,,
79,20,45,0.5,0.5,True,False,True,True,True,,
79,20,45,1.0,0.5,True,False,True,True,True,,
79,20,90,0.5,0.5,True,False,True,True,True,,
79,20,90,1.0,0.5,True,False,True,True,True,,
79,20,135,0.5,0.5,True,False,True,True,True,,
79,20,135,1.0,0.5,True,False,True,True,True,,
79,20,180,0.5,0.5,True,False,True,True,True,,
79,20,180,1.0,0.5,True,False,True,True,True,,
79,20,225,0.5,0.5,True,False,True,True,True,,
79,20,225,1.0,0.5,True,False,True,True,True,,
79,20,270,0.5,0.5,True,False,True,True,True,,
79,20,270,1.0,0.5,True,False,True,True,True,,
79,20,315,0.5,0.5,True,False,True,True,True,,
79,20,315,1.0,0.5,True,False,True,True,True,,
79,30,45,0.5,0.5,False,True,True,True,True,,
79,30,45,1.0,0.5,False,True,True,True,True,,
79,30,90,1.0,0.5,False,True,True,True,True,,
79,30,135,0.5,0.5,False,True,True,True,True,,
79,30,135,1.0,0.5,False,True,True,True,True,,
79,30,180,0.5,0.5,False,True,True,True,True,,
79,30,180,1.0,0.5,False,True,True,True,True,,
79,30,225,0.5,0.5,False,True,True,True,True,,
79,30,225,1.0,0.5,False,True,True,True,True,,
79,30,270,0.5,0.5,False,True,True,True,True,,
79,30,270,1.0,0.5,False,True,True,True,True,,
79,30,315,0.5,0.5,False,True,True,True,True,,
79,30,315,1.0,0.5,False,True,True,True,True,,
79,40,45,0.5,0.5,True,False,True,True,True,,
79,40,45,1.0,0.5,True,False,True,True,True,,
79,40,90,1.0,0.5,True,False,True,True,True,,
79,40,135,0.5,0.5,True,False,True,True,True,,
79,40,135,1.0,0.5,True,False,True,True,True,,
79,40,180,0.5,0.5,True,False,True,True,True,,
79,40,180,1.0,0.5,True,False,True,True,True,,
79,40,225,0.5,0.5,True,False,True,True,True,,
79,40,225,1.0,0.5,True,False,True,True,True,,
79,40,270,0.5,0.5,True,False,True,True,True,,
79,40,270,1.0,0.5,True,False,True,True,True,,
79,40,315,0.5,0.5,True,False,True,True,True,,
79,40,315,1.0,0.5,True,False,True,True,True,,
79,50,45,0.5,0.5,False,True,True,True,True,,
79,50,45,1.0,0.5,False,True,True,True,True,,
79,50,90,1.0,0.5,False,True,True,True,True,,
79,50,135,0.5,0.5,False,True,True,True,True,,
79,50,135,1.0,0.5,False,True,True,True,True,,
79,50,180,0.5,0.5,False,True,True,True,True,,
79,50,180,1.0,0.5,False,True,True,True,True,,
79,50,225,0.5,0.5,False,True,True,True,True,,
79,50,225,1.0,0.5,False,True,True,True,True,,
79,50,270,0.5,0.5,False,True,True,True,True,,
79,50,270,1.0,0.5,False,True,True,True,True,,
79,50,315,0.5,0.5,False,True,True,True,True,,
79,50,315,1.0,0.5,False,True,True,True,True,,
79,60,0,0.5,0.5,True,False,True,True,True,,
79,60,0,1.0,0.5,True,False,True,True,True,,
79,60,45,0.5,0.5,True,False,True,True,True,,
79,60,45,1.0,0.5,True,False,True,True,True,,
79,60,90,0.5,0.5,True,False,True,True,True,,
79,60,90,1.0,0.5,True,False,True,True,True,,
79,60,135,0.5,0.5,True,False,True,True,True,,
79,60,135,1.0,0.5,True,False,True,True,True,,
79,60,180,0.5,0.5,True,False,True,True,True,,
79,60,180,1.0,0.5,True,False,True,True,True,,
79,60,225,0.5,0.5,True,False,True,True,True,,
79,60,225,1.0,0.5,True,False,True,True,True,,
79,60,270,0.5,0.5,True,False,True,True,True,,
79,60,270,1.0,0.5,True,False,True,True,True,,
79,60,315,0.5,0.5,True,False,True,True,True,,
79,60,315,1.0,0.5,True,False,True,True,True,,
79,20,0,1.0,1.0,True,False,True,True,True,,
79,20,45,0.5,1.0,True,False,True,True,True,,
79,20,45,1.0,1.0,True,False,True,True,True,,
79,20,90,0.5,1.0,True,False,True,True,True,,
79,20,90,1.0,1.0,True,False,True,True,True,,
79,20,135,0.5,1.0,True,False,True,True,True,,
79,20,135,1.0,1.0,True,False,True,True,True,,
79,20,180,0.5,1.0,True,False,True,True,True,,
79,20,180,1.0,1.0,True,False,True,True,True,,
79,20,225,0.5,1.0,True,False,True,True,True,,
79,20,225,1.0,1.0,True,False,True,True,True,,
79,20,270,0.5,1.0,True,False,True,True,True,,
79,20,270,1.0,1.0,True,False,True,True,True,,
79,20,315,0.5,1.0,True,False,True,True,True,,
79,20,315,1.0,1.0,True,False,True,True,True,,
79,30,45,0.5,1.0,False,True,True,True,True,,
79,30,45,1.0,1.0,False,True,True,True,True,,
79,30,90,1.0,1.0,False,True,True,True,True,,
79,30,135,0.5,1.0,False,True,True,True,True,,
79,30,135,1.0,1.0,False,True,True,True,True,,
79,30,180,0.5,1.0,False,True,True,True,True,,
79,30,180,1.0,1.0,False,True,True,True,True,,
79,30,225,0.5,1.0,False,True,True,True,True,,
79,30,225,1.0,1.0,False,True,True,True,True,,
79,30,270,0.5,1.0,False,True,True,True,True,,
79,30,270,1.0,1.0,False,True,True,True,True,,
79,30,315,0.5,1.0,False,True,True,True,True,,
79,30,315,1.0,1.0,False,True,True,True,True,,
79,40,45,0.5,1.0,True,False,True,True,True,,
79,40,45,1.0,1.0,True,False,True,True,True,,
79,40,90,1.0,1.0,True,False,True,True,True,,
79,40,135,0.5,1.0,True,False,True,True,True,,
79,40,135,1.0,1.0,True,False,True,True,True,,
79,40,180,0.5,1.0,True,False,True,True,True,,
79,40,180,1.0,1.0,True,False,True,True,True,,
79,40,225,0.5,1.0,True,False,True,True,True,,
79,40,225,1.0,1.0,True,False,True,True,True,,
79,40,270,0.5,1.0,True,False,True,True,True,,
79,40,270,1.0,1.0,True,False,True,True,True,,
79,40,315,0.5,1.0,True,False,True,True,True,,
79,40,315,1.0,1.0,True,False,True,True,True,,
79,50,45,0.5,1.0,False,True,True,True,True,,
79,50,45,1.0,1.0,False,True,True,True,True,,
79,50,90,1.0,1.0,False,True,True,True,True,,
79,50,135,0.5,1.0,False,True,True,True,True,,
79,50,135,1.0,1.0,False,True,True,True,True,,
79,50,180,0.5,1.0,False,True,True,True,True,,
79,50,180,1.0,1.0,False,True,True,True,True,,
79,50,225,0.5,1.0,False,True,True,True,True,,
79,50,225,1.0,1.0,False,True,True,True,True,,
79,50,270,0.5,1.0,False,True,True,True,True,,
79,50,270,1.0,1.0,False,True,True,True,True,,
79,50,315,0.5,1.0,False,True,True,True,True,,
79,50,315,1.0,1.0,False,True,True,True,True,,
79,60,0,0.5,1.0,True,False,True,True,True,,
79,60,0,1.0,1.0,True,False,True,True,True,,
79,60,45,0.5,1.0,True,False,True,True,True,,
79,60,45,1.0,1.0,True,False,True,True,True,,
79,60,90,0.5,1.0,True,False,True,True,True,,
79,60,90,1.0,1.0,True,False,True,True,True,,
79,60,135,0.5,1.0,True,False,True,True,True,,
79,60,135,1.0,1.0,True,False,True,True,True,,
79,60,180,0.5,1.0,True,False,True,True,True,,
79,60,180,1.0,1.0,True,False,True,True,True,,
79,60,225,0.5,1.0,True,False,True,True,True,,
79,60,225,1.0,1.0,True,False,True,True,True,,
79,60,270,0.5,1.0,True,False,True,True,True,,
79,60,270,1.0,1.0,True,False,True,True,True,,
79,60,315,0.5,1.0,True,False,True,True,True,,
79,60,315,1.0,1.0,True,False,True,True,True,,
82,20,0,1.0,0.25,True,False,True,True,True,,
82,20,45,0.5,0.25,True,False,True,True,True,,
82,20,45,1.0,0.25,True,False,True,True,True,,
82,20,90,0.5,0.25,True,False,True,True,True,,
82,20,90,1.0,0.25,True,False,True,True,True,,
82,20,135,0.5,0.25,True,False,True,True,True,,
82,20,135,1.0,0.25,True,False,True,True,True,,
82,20,180,0.5,0.25,True,False,True,True,True,,
82,20,180,1.0,0.25,True,False,True,True,True,,
82,20,225,0.5,0.25,True,False,True,True,True,,
82,20,225,1.0,0.25,True,False,True,True,True,,
82,20,270,0.5,0.25,True,False,True,True,True,,
82,20,270,1.0,0.25,True,False,True,True,True,,
82,20,315,0.5,0.25,True,False,True,True,True,,
82,20,315,1.0,0.25,True,False,True,True,True,,
82,30,45,0.5,0.25,False,True,True,True,True,,
82,30,45,1.0,0.25,False,True,True,True,True,,
82,30,90,1.0,0.25,False,True,True,True,True,,
82,30,135,0.5,0.25,False,True,True,True,True,,
82,30,135,1.0,0.25,False,True,True,True,True,,
82,30,180,0.5,0.25,False,True,True,True,True,,
82,30,180,1.0,0.25,False,True,True,True,True,,
82,30,225,0.5,0.25,False,True,True,True,True,,
82,30,225,1.0,0.25,False,True,True,True,True,,
82,30,270,0.5,0.25,False,True,True,True,True,,
82,30,270,1.0,0.25,False,True,True,True,True,,
82,30,315,0.5,0.25,False,True,True,True,True,,
82,30,315,1.0,0.25,False,True,True,True,True,,
82,40,45,0.5,0.25,True,False,True,True,True,,
82,40,45,1.0,0.25,True,False,True,True,True,,
82,40,90,1.0,0.25,True,False,True,True,True,,
82,40,135,0.5,0.25,True,False,True,True,True,,
82,40,135,1.0,0.25,True,False,True,True,True,,
82,40,180,0.5,0.25,True,False,True,True,True,,
82,40,180,1.0,0.25,True,False,True,True,True,,
82,40,225,0.5,0.25,True,False,True,True,True,,
82,40,225,1.0,0.25,True,False,True,True,True,,
82,40,270,0.5,0.25,True,False,True,True,True,,
82,40,270,1.0,0.25,True,False,True,True,True,,
82,40,315,0.5,0.25,True,False,True,True,True,,
82,40,315,1.0,0.25,True,False,True,True,True,,
82,50,45,0.5,0.25,False,True,True,True,True,,
82,50,45,1.0,0.25,False,True,True,True,True,,
82,50,90,1.0,0.25,False,True,True,True,True,,
82,50,135,0.5,0.25,False,True,True,True,True,,
82,50,135,1.0,0.25,False,True,True,True,True,,
82,50,180,0.5,0.25,False,True,True,True,True,,
82,50,180,1.0,0.25,False,True,True,True,True,,
82,50,225,0.5,0.25,False,True,True,True,True,,
82,50,225,1.0,0.25,False,True,True,True,True,,
82,50,270,0.5,0.25,False,True,True,True,True,,
82,50,270,1.0,0.25,False,True,True,True,True,,
82,50,315,0.5,0.25,False,True,True,True,True,,
82,50,315,1.0,0.25,False,True,True,True,True,,
82,60,0,0.5,0.25,True,False,True,True,True,,
82,60,0,1.0,0.25,True,False,True,True,True,,
82,60,45,0.5,0.25,True,False,True,True,True,,
82,60,45,1.0,0.25,True,False,True,True,True,,
82,60,90,0.5,0.25,True,False,True,True,True,,
82,60,90,1.0,0.25,True,False,True,True,True,,
82,60,135,0.5,0.25,True,False,True,True,True,,
82,60,135,1.0,0.25,True,False,True,True,True,,
82,60,180,0.5,0.25,True,False,True,True,True,,
82,60,180,1.0,0.25,True,False,True,True,True,,
82,60,225,0.5,0.25,True,False,True,True,True,,
82,60,225,1.0,0.25,True,False,True,True,True,,
82,60,270,0.5,0.25,True,False,True,True,True,,
82,60,270,1.0,0.25,True,False,True,True,True,,
82,60,315,0.5,0.25,True,False,True,True,True,,
82,60,315,1.0,0.25,True,False,True,True,True,,
82,20,0,1.0,0.5,True,False,True,True,True,,
82,20,45,0.5,0.5,True,False,True,True,True,,
82,20,45,1.0,0.5,True,False,True,True,True,,
82,20,90,0.5,0.5,True,False,True,True,True,,
82,20,90,1.0,0.5,True,False,True,True,True,,
82,20,135,0.5,0.5,True,False,True,True,True,,
82,20,135,1.0,0.5,True,False,True,True,True,,
82,20,180,0.5,0.5,True,False,True,True,True,,
82,20,180,1.0,0.5,True,False,True,True,True,,
82,20,225,0.5,0.5,True,False,True,True,True,,
82,20,225,1.0,0.5,True,False,True,True,True,,
82,20,270,0.5,0.5,True,False,True,True,True,,
82,20,270,1.0,0.5,True,False,True,True,True,,
82,20,315,0.5,0.5,True,False,True,True,True,,
82,20,315,1.0,0.5,True,False,True,True,True,,
82,30,45,0.5,0.5,False,True,True,True,True,,
82,30,45,1.0,0.5,False,True,True,True,True,,
82,30,90,1.0,0.5,False,True,True,True,True,,
82,30,135,0.5,0.5,False,True,True,True,True,,
82,30,135,1.0,0.5,False,True,True,True,True,,
82,30,180,0.5,0.5,False,True,True,True,True,,
82,30,180,1.0,0.5,False,True,True,True,True,,
82,30,225,0.5,0.5,False,True,True,True,True,,
82,30,225,1.0,0.5,False,True,True,True,True,,
82,30,270,0.5,0.5,False,True,True,True,True,,
82,30,270,1.0,0.5,False,True,True,True,True,,
82,30,315,0.5,0.5,False,True,True,True,True,,
82,30,315,1.0,0.5,False,True,True,True,True,,
82,40,45,0.5,0.5,True,False,True,True,True,,
82,40,45,1.0,0.5,True,False,True,True,True,,
82,40,90,1.0,0.5,True,False,True,True,True,,
82,40,135,0.5,0.5,True,False,True,True,True,,
82,40,135,1.0,0.5,True,False,True,True,True,,
82,40,180,0.5,0.5,True,False,True,True,True,,
82,40,180,1.0,0.5,True,False,True,True,True,,
82,40,225,0.5,0.5,True,False,True,True,True,,
82,40,225,1.0,0.5,True,False,True,True,True,,
82,40,270,0.5,0.5,True,False,True,True,True,,
82,40,270,1.0,0.5,True,False,True,True,True,,
82,40,315,0.5,0.5,True,False,True,True,True,,
82,40,315,1.0,0.5,True,False,True,True,True,,
82,50,45,0.5,0.5,False,True,True,True,True,,
82,50,45,1.0,0.5,False,True,True,True,True,,
82,50,90,1.0,0.5,False,True,True,True,True,,
82,50,135,0.5,0.5,False,True,True,True,True,,
82,50,135,1.0,0.5,False,True,True,True,True,,
82,50,180,0.5,0.5,False,True,True,True,True,,
82,50,180,1.0,0.5,False,True,True,True,True,,
82,50,225,0.5,0.5,False,True,True,True,True,,
82,50,225,1.0,0.5,False,True,True,True,True,,
82,50,270,0.5,0.5,False,True,True,True,True,,
82,50,270,1.0,0.5,False,True,True,True,True,,
82,50,315,0.5,0.5,False,True,True,True,True,,
82,50,315,1.0,0.5,False,True,True,True,True,,
82,60,0,0.5,0.5,True,False,True,True,True,,
82,60,0,1.0,0.5,True,False,True,True,True,,
82,60,45,0.5,0.5,True,False,True,True,True,,
82,60,45,1.0,0.5,True,False,True,True,True,,
82,60,90,0.5,0.5,True,False,True,True,True,,
82,60,90,1.0,0.5,True,False,True,True,True,,
82,60,135,0.5,0.5,True,False,True,True,True,,
82,60,135,1.0,0.5,True,False,True,True,True,,
82,60,180,0.5,0.5,True,False,True,True,True,,
82,60,180,1.0,0.5,True,False,True,True,True,,
82,60,225,0.5,0.5,True,False,True,True,True,,
82,60,225,1.0,0.5,True,False,True,True,True,,
82,60,270,0.5,0.5,True,False,True,True,True,,
82,60,270,1.0,0.5,True,False,True,True,True,,
82,60,315,0.5,0.5,True,False,True,True,True,,
82,60,315,1.0,0.5,True,False,True,True,True,,
82,20,0,1.0,1.0,True,False,True,True,True,,
82,20,45,0.5,1.0,True,False,True,True,True,,
82,20,45,1.0,1.0,True,False,True,True,True,,
82,20,90,0.5,1.0,True,False,True,True,True,,
82,20,90,1.0,1.0,True,False,True,True,True,,
82,20,135,0.5,1.0,True,False,True,True,True,,
82,20,135,1.0,1.0,True,False,True,True,True,,
82,20,180,0.5,1.0,True,False,True,True,True,,
82,20,180,1.0,1.0,True,False,True,True,True,,
82,20,225,0.5,1.0,True,False,True,True,True,,
82,20,225,1.0,1.0,True,False,True,True,True,,
82,20,270,0.5,1.0,True,False,True,True,True,,
82,20,270,1.0,1.0,True,False,True,True,True,,
82,20,315,0.5,1.0,True,False,True,True,True,,
82,20,315,1.0,1.0,True,False,True,True,True,,
82,30,45,0.5,1.0,False,True,True,True,True,,
82,30,45,1.0,1.0,False,True,True,True,True,,
82,30,90,1.0,1.0,False,True,True,True,True,,
82,30,135,0.5,1.0,False,True,True,True,True,,
82,30,135,1.0,1.0,False,True,True,True,True,,
82,30,180,0.5,1.0,False,True,True,True,True,,
82,30,180,1.0,1.0,False,True,True,True,True,,
82,30,225,0.5,1.0,False,True,True,True,True,,
82,30,225,1.0,1.0,False,True,True,True,True,,
82,30,270,0.5,1.0,False,True,True,True,True,,
82,30,270,1.0,1.0,False,True,True,True,True,,
82,30,315,0.5,1.0,False,True,True,True,True,,
82,30,315,1.0,1.0,False,True,True,True,True,,
82,40,45,0.5,1.0,True,False,True,True,True,,
82,40,45,1.0,1.0,True,False,True,True,True,,
82,40,90,1.0,1.0,True,False,True,True,True,,
82,40,135,0.5,1.0,True,False,True,True,True,,
82,40,135,1.0,1.0,True,False,True,True,True,,
82,40,180,0.5,1.0,True,False,True,True,True,,
82,40,180,1.0,1.0,True,False,True,True,True,,
82,40,225,0.5,1.0,True,False,True,True,True,,
82,40,225,1.0,1.0,True,False,True,True,True,,
82,40,270,0.5,1.0,True,False,True,True,True,,
82,40,270,1.0,1.0,True,False,True,True,True,,
82,40,315,0.5,1.0,True,False,True,True,True,,
82,40,315,1.0,1.0,True,False,True,True,True,,
82,50,45,0.5,1.0,False,True,True,True,True,,
82,50,45,1.0,1.0,False,True,True,True,True,,
82,50,90,1.0,1.0,False,True,True,True,True,,
82,50,135,0.5,1.0,False,True,True,True,True,,
82,50,135,1.0,1.0,False,True,True,True,True,,
82,50,180,0.5,1.0,False,True,True,True,True,,
82,50,180,1.0,1.0,False,True,True,True,True,,
82,50,225,0.5,1.0,False,True,True,True,True,,
82,50,225,1.0,1.0,False,True,True,True,True,,
82,50,270,0.5,1.0,False,True,True,True,True,,
82,50,270,1.0,1.0,False,True,True,True,True,,
82,50,315,0.5,1.0,False,True,True,True,True,,
82,50,315,1.0,1.0,False,True,True,True,True,,
82,60,0,0.5,1.0,True,False,True,True,True,,
82,60,0,1.0,1.0,True,False,True,True,True,,
82,60,45,0.5,1.0,True,False,True,True,True,,
82,60,45,1.0,1.0,True,False,True,True,True,,
82,60,90,0.5,1.0,True,False,True,True,True,,
82,60,90,1.0,1.0,True,False,True,True,True,,
82,60,135,0.5,1.0,True,False,True,True,True,,
82,60,135,1.0,1.0,True,False,True,True,True,,
82,60,180,0.5,1.0,True,False,True,True,True,,
82,60,180,1.0,1.0,True,False,True,True,True,,
82,60,225,0.5,1.0,True,False,True,True,True,,
82,60,225,1.0,1.0,True,False,True,True,True,,
82,60,270,0.5,1.0,True,False,True,True,True,,
82,60,270,1.0,1.0,True,False,True,True,True,,
82,60,315,0.5,1.0,True,False,True,True,True,,
82,60,315,1.0,1.0,True,False,True,True,True,,
87,20,0,1.0,0.25,True,False,True,True,True,,
87,20,45,0.5,0.25,True,False,True,True,True,,
87,20,45,1.0,0.25,True,False,True,True,True,,
87,20,90,0.5,0.25,True,False,True,True,True,,
87,20,90,1.0,0.25,True,False,True,True,True,,
87,20,135,0.5,0.25,True,False,True,True,True,,
87,20,135,1.0,0.25,True,False,True,True,True,,
87,20,180,0.5,0.25,True,False,True,True,True,,
87,20,180,1.0,0.25,True,False,True,True,True,,
87,20,225,0.5,0.25,True,False,True,True,True,,
87,20,225,1.0,0.25,True,False,True,True,True,,
87,20,270,0.5,0.25,True,False,True,True,True,,
87,20,270,1.0,0.25,True,False,True,True,True,,
87,20,315,0.5,0.25,True,False,True,True,True,,
87,20,315,1.0,0.25,True,False,True,True,True,,
87,30,45,0.5,0.25,False,True,True,True,True,,
87,30,45,1.0,0.25,False,True,True,True,True,,
87,30,90,1.0,0.25,False,True,True,True,True,,
87,30,135,0.5,0.25,False,True,True,True,True,,
87,30,135,1.0,0.25,False,True,True,True,True,,
87,30,180,0.5,0.25,False,True,True,True,True,,
87,30,180,1.0,0.25,False,True,True,True,True,,
87,30,225,0.5,0.25,False,True,True,True,True,,
87,30,225,1.0,0.25,False,True,True,True,True,,
87,30,270,0.5,0.25,False,True,True,True,True,,
87,30,270,1.0,0.25,False,True,True,True,True,,
87,30,315,0.5,0.25,False,True,True,True,True,,
87,30,315,1.0,0.25,False,True,True,True,True,,
87,40,45,0.5,0.25,True,False,True,True,True,,
87,40,45,1.0,0.25,True,False,True,True,True,,
87,40,90,1.0,0.25,True,False,True,True,True,,
87,40,135,0.5,0.25,True,False,True,True,True,,
87,40,135,1.0,0.25,True,False,True,True,True,,
87,40,180,0.5,0.25,True,False,True,True,True,,
87,40,180,1.0,0.25,True,False,True,True,True,,
87,40,225,0.5,0.25,True,False,True,True,True,,
87,40,225,1.0,0.25,True,False,True,True,True,,
87,40,270,0.5,0.25,True,False,True,True,True,,
87,40,270,1.0,0.25,True,False,True,True,True,,
87,40,315,0.5,0.25,True,False,True,True,True,,
87,40,315,1.0,0.25,True,False,True,True,True,,
87,50,45,0.5,0.25,False,True,True,True,True,,
87,50,45,1.0,0.25,False,True,True,True,True,,
87,50,90,1.0,0.25,False,True,True,True,True,,
87,50,135,0.5,0.25,False,True,True,True,True,,
87,50,135,1.0,0.25,False,True,True,True,True,,
87,50,180,0.5,0.25,False,True,True,True,True,,
87,50,180,1.0,0.25,False,True,True,True,True,,
87,50,225,0.5,0.25,False,True,True,True,True,,
87,50,225,1.0,0.25,False,True,True,True,True,,
87,50,270,0.5,0.25,False,True,True,True,True,,
87,50,270,1.0,0.25,False,True,True,True,True,,
87,50,315,0.5,0.25,False,True,True,True,True,,
87,50,315,1.0,0.25,False,True,True,True,True,,
87,60,0,0.5,0.25,True,False,True,True,True,,
87,60,0,1.0,0.25,True,False,True,True,True,,
87,60,45,0.5,0.25,True,False,True,True,True,,
87,60,45,1.0,0.25,True,False,True,True,True,,
87,60,90,0.5,0.25,True,False,True,True,True,,
87,60,90,1.0,0.25,True,False,True,True,True,,
87,60,135,0.5,0.25,True,False,True,True,True,,
87,60,135,1.0,0.25,True,False,True,True,True,,
87,60,180,0.5,0.25,True,False,True,True,True,,
87,60,180,1.0,0.25,True,False,True,True,True,,
87,60,225,0.5,0.25,True,False,True,True,True,,
87,60,225,1.0,0.25,True,False,True,True,True,,
87,60,270,0.5,0.25,True,False,True,True,True,,
87,60,270,1.0,0.25,True,False,True,True,True,,
87,60,315,0.5,0.25,True,False,True,True,True,,
87,60,315,1.0,0.25,True,False,True,True,True,,
87,20,0,1.0,0.5,True,False,True,True,True,,
87,20,45,0.5,0.5,True,False,True,True,True,,
87,20,45,1.0,0.5,True,False,True,True,True,,
87,20,90,0.5,0.5,True,False,True,True,True,,
87,20,90,1.0,0.5,True,False,True,True,True,,
87,20,135,0.5,0.5,True,False,True,True,True,,
87,20,135,1.0,0.5,True,False,True,True,True,,
87,20,180,0.5,0.5,True,False,True,True,True,,
87,20,180,1.0,0.5,True,False,True,True,True,,
87,20,225,0.5,0.5,True,False,True,True,True,,
87,20,225,1.0,0.5,True,False,True,True,True,,
87,20,270,0.5,0.5,True,False,True,True,True,,
87,20,270,1.0,0.5,True,False,True,True,True,,
87,20,315,0.5,0.5,True,False,True,True,True,,
87,20,315,1.0,0.5,True,False,True,True,True,,
87,30,45,0.5,0.5,False,True,True,True,True,,
87,30,45,1.0,0.5,False,True,True,True,True,,
87,30,90,1.0,0.5,False,True,True,True,True,,
87,30,135,0.5,0.5,False,True,True,True,True,,
87,30,135,1.0,0.5,False,True,True,True,True,,
87,30,180,0.5,0.5,False,True,True,True,True,,
87,30,180,1.0,0.5,False,True,True,True,True,,
87,30,225,0.5,0.5,False,True,True,True,True,,
87,30,225,1.0,0.5,False,True,True,True,True,,
87,30,270,0.5,0.5,False,True,True,True,True,,
87,30,270,1.0,0.5,False,True,True,True,True,,
87,30,315,0.5,0.5,False,True,True,True,True,,
87,30,315,1.0,0.5,False,True,True,True,True,,
87,40,45,0.5,0.5,True,False,True,True,True,,
87,40,45,1.0,0.5,True,False,True,True,True,,
87,40,90,1.0,0.5,True,False,True,True,True,,
87,40,135,0.5,0.5,True,False,True,True,True,,
87,40,135,1.0,0.5,True,False,True,True,True,,
87,40,180,0.5,0.5,True,False,True,True,True,,
87,40,180,1.0,0.5,True,False,True,True,True,,
87,40,225,0.5,0.5,True,False,True,True,True,,
87,40,225,1.0,0.5,True,False,True,True,True,,
87,40,270,0.5,0.5,True,False,True,True,True,,
87,40,270,1.0,0.5,True,False,True,True,True,,
87,40,315,0.5,0.5,True,False,True,True,True,,
87,40,315,1.0,0.5,True,False,True,True,True,,
87,50,45,0.5,0.5,False,True,True,True,True,,
87,50,45,1.0,0.5,False,True,True,True,True,,
87,50,90,1.0,0.5,False,True,True,True,True,,
87,50,135,0.5,0.5,False,True,True,True,True,,
87,50,135,1.0,0.5,False,True,True,True,True,,
87,50,180,0.5,0.5,False,True,True,True,True,,
87,50,180,1.0,0.5,False,True,True,True,True,,
87,50,225,0.5,0.5,False,True,True,True,True,,
87,50,225,1.0,0.5,False,True,True,True,True,,
87,50,270,0.5,0.5,False,True,True,True,True,,
87,50,270,1.0,0.5,False,True,True,True,True,,
87,50,315,0.5,0.5,False,True,True,True,True,,
87,50,315,1.0,0.5,False,True,True,True,True,,
87,60,0,0.5,0.5,True,False,True,True,True,,
87,60,0,1.0,0.5,True,False,True,True,True,,
87,60,45,0.5,0.5,True,False,True,True,True,,
87,60,45,1.0,0.5,True,False,True,True,True,,
87,60,90,0.5,0.5,True,False,True,True,True,,
87,60,90,1.0,0.5,True,False,True,True,True,,
87,60,135,0.5,0.5,True,False,True,True,True,,
87,60,135,1.0,0.5,True,False,True,True,True,,
87,60,180,0.5,0.5,True,False,True,True,True,,
87,60,180,1.0,0.5,True,False,True,True,True,,
87,60,225,0.5,0.5,True,False,True,True,True,,
87,60,225,1.0,0.5,True,False,True,True,True,,
87,60,270,0.5,0.5,True,False,True,True,True,,
87,60,270,1.0,0.5,True,False,True,True,True,,
87,60,315,0.5,0.5,True,False,True,True,True,,
87,60,315,1.0,0.5,True,False,True,True,True,,
87,20,0,1.0,1.0,True,False,True,True,True,,
87,20,45,0.5,1.0,True,False,True,True,True,,
87,20,45,1.0,1.0,True,False,True,True,True,,
87,20,90,0.5,1.0,True,False,True,True,True,,
87,20,90,1.0,1.0,True,False,True,True,True,,
87,20,135,0.5,1.0,True,False,True,True,True,,
87,20,135,1.0,1.0,True,False,True,True,True,,
87,20,180,0.5,1.0,True,False,True,True,True,,
87,20,180,1.0,1.0,True,False,True,True,True,,
87,20,225,0.5,1.0,True,False,True,True,True,,
87,20,225,1.0,1.0,True,False,True,True,True,,
87,20,270,0.5,1.0,True,False,True,True,True,,
87,20,270,1.0,1.0,True,False,True,True,True,,
87,20,315,0.5,1.0,True,False,True,True,True,,
87,20,315,1.0,1.0,True,False,True,True,True,,
87,30,45,0.5,1.0,False,True,True,True,True,,
87,30,45,1.0,1.0,False,True,True,True,True,,
87,30,90,1.0,1.0,False,True,True,True,True,,
87,30,135,0.5,1.0,False,True,True,True,True,,
87,30,135,1.0,1.0,False,True,True,True,True,,
87,30,180,0.5,1.0,False,True,True,True,True,,
87,30,180,1.0,1.0,False,True,True,True,True,,
87,30,225,0.5,1.0,False,True,True,True,True,,
87,30,225,1.0,1.0,False,True,True,True,True,,
87,30,270,0.5,1.0,False,True,True,True,True,,
87,30,270,1.0,1.0,False,True,True,True,True,,
87,30,315,0.5,1.0,False,True,True,True,True,,
87,30,315,1.0,1.0,False,True,True,True,True,,
87,40,45,0.5,1.0,True,False,True,True,True,,
87,40,45,1.0,1.0,True,False,True,True,True,,
87,40,90,1.0,1.0,True,False,True,True,True,,
87,40,135,0.5,1.0,True,False,True,True,True,,
87,40,135,1.0,1.0,True,False,True,True,True,,
87,40,180,0.5,1.0,True,False,True,True,True,,
87,40,180,1.0,1.0,True,False,True,True,True,,
87,40,225,0.5,1.0,True,False,True,True,True,,
87,40,225,1.0,1.0,True,False,True,True,True,,
87,40,270,0.5,1.0,True,False,True,True,True,,
87,40,270,1.0,1.0,True,False,True,True,True,,
87,40,315,0.5,1.0,True,False,True,True,True,,
87,40,315,1.0,1.0,True,False,True,True,True,,
87,50,45,0.5,1.0,False,True,True,True,True,,
87,50,45,1.0,1.0,False,True,True,True,True,,
87,50,90,1.0,1.0,False,True,True,True,True,,
87,50,135,0.5,1.0,False,True,True,True,True,,
87,50,135,1.0,1.0,False,True,True,True,True,,
87,50,180,0.5,1.0,False,True,True,True,True,,
87,50,180,1.0,1.0,False,True,True,True,True,,
87,50,225,0.5,1.0,False,True,True,True,True,,
87,50,225,1.0,1.0,False,True,True,True,True,,
87,50,270,0.5,1.0,False,True,True,True,True,,
87,50,270,1.0,1.0,False,True,True,True,True,,
87,50,315,0.5,1.0,False,True,True,True,True,,
87,50,315,1.0,1.0,False,True,True,True,True,,
87,60,0,0.5,1.0,True,False,True,True,True,,
87,60,0,1.0,1.0,True,False,True,True,True,,
87,60,45,0.5,1.0,True,False,True,True,True,,
87,60,45,1.0,1.0,True,False,True,True,True,,
87,60,90,0.5,1.0,True,False,True,True,True,,
87,60,90,1.0,1.0,True,False,True,True,True,,
87,60,135,0.5,1.0,True,False,True,True,True,,
87,60,135,1.0,1.0,True,False,True,True,True,,
87,60,180,0.5,1.0,True,False,True,True,True,,
87,60,180,1.0,1.0,True,False,True,True,True,,
87,60,225,0.5,1.0,True,False,True,True,True,,
87,60,225,1.0,1.0,True,False,True,True,True,,
87,60,270,0.5,1.0,True,False,True,True,True,,
87,60,270,1.0,1.0,True,False,True,True,True,,
87,60,315,0.5,1.0,True,False,True,True,True,,
87,60,315,1.0,1.0,True,False,True,True,True,,
102,20,0,1.0,0.25,True,False,True,True,True,,
102,20,45,0.5,0.25,True,False,True,True,True,,
102,20,45,1.0,0.25,True,False,True,True,True,,
102,20,90,0.5,0.25,True,False,True,True,True,,
102,20,90,1.0,0.25,True,False,True,True,True,,
102,20,135,0.5,0.25,True,False,True,True,True,,
102,20,135,1.0,0.25,True,False,True,True,True,,
102,20,180,0.5,0.25,True,False,True,True,True,,
102,20,180,1.0,0.25,True,False,True,True,True,,
102,20,225,0.5,0.25,True,False,True,True,True,,
102,20,225,1.0,0.25,True,False,True,True,True,,
102,20,270,0.5,0.25,True,False,True,True,True,,
102,20,270,1.0,0.25,True,False,True,True,True,,
102,20,315,0.5,0.25,True,False,True,True,True,,
102,20,315,1.0,0.25,True,False,True,True,True,,
102,30,45,0.5,0.25,False,True,True,True,True,,
102,30,45,1.0,0.25,False,True,True,True,True,,
102,30,90,1.0,0.25,False,True,True,True,True,,
102,30,135,0.5,0.25,False,True,True,True,True,,
102,30,135,1.0,0.25,False,True,True,True,True,,
102,30,180,0.5,0.25,False,True,True,True,True,,
102,30,180,1.0,0.25,False,True,True,True,True,,
102,30,225,0.5,0.25,False,True,True,True,True,,
102,30,225,1.0,0.25,False,True,True,True,True,,
102,30,270,0.5,0.25,False,True,True,True,True,,
102,30,270,1.0,0.25,False,True,True,True,True,,
102,30,315,0.5,0.25,False,True,True,True,True,,
102,30,315,1.0,0.25,False,True,True,True,True,,
102,40,45,0.5,0.25,True,False,True,True,True,,
102,40,45,1.0,0.25,True,False,True,True,True,,
102,40,90,1.0,0.25,True,False,True,True,True,,
102,40,135,0.5,0.25,True,False,True,True,True,,
102,40,135,1.0,0.25,True,False,True,True,True,,
102,40,180,0.5,0.25,True,False,True,True,True,,
102,40,180,1.0,0.25,True,False,True,True,True,,
102,40,225,0.5,0.25,True,False,True,True,True,,
102,40,225,1.0,0.25,True,False,True,True,True,,
102,40,270,0.5,0.25,True,False,True,True,True,,
102,40,270,1.0,0.25,True,False,True,True,True,,
102,40,315,0.5,0.25,True,False,True,True,True,,
102,40,315,1.0,0.25,True,False,True,True,True,,
102,50,45,0.5,0.25,False,True,True,True,True,,
102,50,45,1.0,0.25,False,True,True,True,True,,
102,50,90,1.0,0.25,False,True,True,True,True,,
102,50,135,0.5,0.25,False,True,True,True,True,,
102,50,135,1.0,0.25,False,True,True,True,True,,
102,50,180,0.5,0.25,False,True,True,True,True,,
102,50,180,1.0,0.25,False,True,True,True,True,,
102,50,225,0.5,0.25,False,True,True,True,True,,
102,50,225,1.0,0.25,False,True,True,True,True,,
102,50,270,0.5,0.25,False,True,True,True,True,,
102,50,270,1.0,0.25,False,True,True,True,True,,
102,50,315,0.5,0.25,False,True,True,True,True,,
102,50,315,1.0,0.25,False,True,True,True,True,,
102,60,0,0.5,0.25,True,False,True,True,True,,
102,60,0,1.0,0.25,True,False,True,True,True,,
102,60,45,0.5,0.25,True,False,True,True,True,,
102,60,45,1.0,0.25,True,False,True,True,True,,
102,60,90,0.5,0.25,True,False,True,True,True,,
102,60,90,1.0,0.25,True,False,True,True,True,,
102,60,135,0.5,0.25,True,False,True,True,True,,
102,60,135,1.0,0.25,True,False,True,True,True,,
102,60,180,0.5,0.25,True,False,True,True,True,,
102,60,180,1.0,0.25,True,False,True,True,True,,
102,60,225,0.5,0.25,True,False,True,True,True,,
102,60,225,1.0,0.25,True,False,True,True,True,,
102,60,270,0.5,0.25,True,False,True,True,True,,
102,60,270,1.0,0.25,True,False,True,True,True,,
102,60,315,0.5,0.25,True,False,True,True,True,,
102,60,315,1.0,0.25,True,False,True,True,True,,
102,20,0,1.0,0.5,True,False,True,True,True,,
102,20,45,0.5,0.5,True,False,True,True,True,,
102,20,45,1.0,0.5,True,False,True,True,True,,
102,20,90,0.5,0.5,True,False,True,True,True,,
102,20,90,1.0,0.5,True,False,True,True,True,,
102,20,135,0.5,0.5,True,False,True,True,True,,
102,20,135,1.0,0.5,True,False,True,True,True,,
102,20,180,0.5,0.5,True,False,True,True,True,,
102,20,180,1.0,0.5,True,False,True,True,True,,
102,20,225,0.5,0.5,True,False,True,True,True,,
102,20,225,1.0,0.5,True,False,True,True,True,,
102,20,270,0.5,0.5,True,False,True,True,True,,
102,20,270,1.0,0.5,True,False,True,True,True,,
102,20,315,0.5,0.5,True,False,True,True,True,,
102,20,315,1.0,0.5,True,False,True,True,True,,
102,30,45,0.5,0.5,False,True,True,True,True,,
102,30,45,1.0,0.5,False,True,True,True,True,,
102,30,90,1.0,0.5,False,True,True,True,True,,
102,30,135,0.5,0.5,False,True,True,True,True,,
102,30,135,1.0,0.5,False,True,True,True,True,,
102,30,180,0.5,0.5,False,True,True,True,True,,
102,30,180,1.0,0.5,False,True,True,True,True,,
102,30,225,0.5,0.5,False,True,True,True,True,,
102,30,225,1.0,0.5,False,True,True,True,True,,
102,30,270,0.5,0.5,False,True,True,True,True,,
102,30,270,1.0,0.5,False,True,True,True,True,,
102,30,315,0.5,0.5,False,True,True,True,True,,
102,30,315,1.0,0.5,False,True,True,True,True,,
102,40,45,0.5,0.5,True,False,True,True,True,,
102,40,45,1.0,0.5,True,False,True,True,True,,
102,40,90,1.0,0.5,True,False,True,True,True,,
102,40,135,0.5,0.5,True,False,True,True,True,,
102,40,135,1.0,0.5,True,False,True,True,True,,
102,40,180,0.5,0.5,True,False,True,True,True,,
102,40,180,1.0,0.5,True,False,True,True,True,,
102,40,225,0.5,0.5,True,False,True,True,True,,
102,40,225,1.0,0.5,True,False,True,True,True,,
102,40,270,0.5,0.5,True,False,True,True,True,,
102,40,270,1.0,0.5,True,False,True,True,True,,
102,40,315,0.5,0.5,True,False,True,True,True,,
102,40,315,1.0,0.5,True,False,True,True,True,,
102,50,45,0.5,0.5,False,True,True,True,True,,
102,50,45,1.0,0.5,False,True,True,True,True,,
102,50,90,1.0,0.5,False,True,True,True,True,,
102,50,135,0.5,0.5,False,True,True,True,True,,
102,50,135,1.0,0.5,False,True,True,True,True,,
102,50,180,0.5,0.5,False,True,True,True,True,,
102,50,180,1.0,0.5,False,True,True,True,True,,
102,50,225,0.5,0.5,False,True,True,True,True,,
102,50,225,1.0,0.5,False,True,True,True,True,,
102,50,270,0.5,0.5,False,True,True,True,True,,
102,50,270,1.0,0.5,False,True,True,True,True,,
102,50,315,0.5,0.5,False,True,True,True,True,,
102,50,315,1.0,0.5,False,True,True,True,True,,
102,60,0,0.5,0.5,True,False,True,True,True,,
102,60,0,1.0,0.5,True,False,True,True,True,,
102,60,45,0.5,0.5,True,False,True,True,True,,
102,60,45,1.0,0.5,True,False,True,True,True,,
102,60,90,0.5,0.5,True,False,True,True,True,,
102,60,90,1.0,0.5,True,False,True,True,True,,
102,60,135,0.5,0.5,True,False,True,True,True,,
102,60,135,1.0,0.5,True,False,True,True,True,,
102,60,180,0.5,0.5,True,False,True,True,True,,
102,60,180,1.0,0.5,True,False,True,True,True,,
102,60,225,0.5,0.5,True,False,True,True,True,,
102,60,225,1.0,0.5,True,False,True,True,True,,
102,60,270,0.5,0.5,True,False,True,True,True,,
102,60,270,1.0,0.5,True,False,True,True,True,,
102,60,315,0.5,0.5,True,False,True,True,True,,
102,60,315,1.0,0.5,True,False,True,True,True,,
102,20,0,1.0,1.0,True,False,True,True,True,,
102,20,45,0.5,1.0,True,False,True,True,True,,
102,20,45,1.0,1.0,True,False,True,True,True,,
102,20,90,0.5,1.0,True,False,True,True,True,,
102,20,90,1.0,1.0,True,False,True,True,True,,
102,20,135,0.5,1.0,True,False,True,True,True,,
102,20,135,1.0,1.0,True,False,True,True,True,,
102,20,180,0.5,1.0,True,False,True,True,True,,
102,20,180,1.0,1.0,True,False,True,True,True,,
102,20,225,0.5,1.0,True,False,True,True,True,,
102,20,225,1.0,1.0,True,False,True,True,True,,
102,20,270,0.5,1.0,True,False,True,True,True,,
102,20,270,1.0,1.0,True,False,True,True,True,,
102,20,315,0.5,1.0,True,False,True,True,True,,
102,20,315,1.0,1.0,True,False,True,True,True,,
102,30,45,0.5,1.0,False,True,True,True,True,,
102,30,45,1.0,1.0,False,True,True,True,True,,
102,30,90,1.0,1.0,False,True,True,True,True,,
102,30,135,0.5,1.0,False,True,True,True,True,,
102,30,135,1.0,1.0,False,True,True,True,True,,
102,30,180,0.5,1.0,False,True,True,True,True,,
102,30,180,1.0,1.0,False,True,True,True,True,,
102,30,225,0.5,1.0,False,True,True,True,True,,
102,30,225,1.0,1.0,False,True,True,True,True,,
102,30,270,0.5,1.0,False,True,True,True,True,,
102,30,270,1.0,1.0,False,True,True,True,True,,
102,30,315,0.5,1.0,False,True,True,True,True,,
102,30,315,1.0,1.0,False,True,True,True,True,,
102,40,45,0.5,1.0,True,False,True,True,True,,
102,40,45,1.0,1.0,True,False,True,True,True,,
102,40,90,1.0,1.0,True,False,True,True,True,,
102,40,135,0.5,1.0,True,False,True,True,True,,
102,40,135,1.0,1.0,True,False,True,True,True,,
102,40,180,0.5,1.0,True,False,True,True,True,,
102,40,180,1.0,1.0,True,False,True,True,True,,
102,40,225,0.5,1.0,True,False,True,True,True,,
102,40,225,1.0,1.0,True,False,True,True,True,,
102,40,270,0.5,1.0,True,False,True,True,True,,
102,40,270,1.0,1.0,True,False,True,True,True,,
102,40,315,0.5,1.0,True,False,True,True,True,,
102,40,315,1.0,1.0,True,False,True,True,True,,
102,50,45,0.5,1.0,False,True,True,True,True,,
102,50,45,1.0,1.0,False,True,True,True,True,,
102,50,90,1.0,1.0,False,True,True,True,True,,
102,50,135,0.5,1.0,False,True,True,True,True,,
102,50,135,1.0,1.0,False,True,True,True,True,,
102,50,180,0.5,1.0,False,True,True,True,True,,
102,50,180,1.0,1.0,False,True,True,True,True,,
102,50,225,0.5,1.0,False,True,True,True,True,,
102,50,225,1.0,1.0,False,True,True,True,True,,
102,50,270,0.5,1.0,False,True,True,True,True,,
102,50,270,1.0,1.0,False,True,True,True,True,,
102,50,315,0.5,1.0,False,True,True,True,True,,
102,50,315,1.0,1.0,False,True,True,True,True,,
102,60,0,0.5,1.0,True,False,True,True,True,,
102,60,0,1.0,1.0,True,False,True,True,True,,
102,60,45,0.5,1.0,True,False,True,True,True,,
102,60,45,1.0,1.0,True,False,True,True,True,,
102,60,90,0.5,1.0,True,False,True,True,True,,
102,60,90,1.0,1.0,True,False,True,True,True,,
102,60,135,0.5,1.0,True,False,True,True,True,,
102,60,135,1.0,1.0,True,False,True,True,True,,
102,60,180,0.5,1.0,True,False,True,True,True,,
102,60,180,1.0,1.0,True,False,True,True,True,,
102,60,225,0.5,1.0,True,False,True,True,True,,
102,60,225,1.0,1.0,True,False,True,True,True,,
102,60,270,0.5,1.0,True,False,True,True,True,,
102,60,270,1.0,1.0,True,False,True,True,True,,
102,60,315,0.5,1.0,True,False,True,True,True,,
102,60,315,1.0,1.0,True,False,True,True,True,,
103,20,0,1.0,0.25,True,False,True,True,True,,
103,20,45,0.5,0.25,True,False,True,True,True,,
103,20,45,1.0,0.25,True,False,True,True,True,,
103,20,90,0.5,0.25,True,False,True,True,True,,
103,20,90,1.0,0.25,True,False,True,True,True,,
103,20,135,0.5,0.25,True,False,True,True,True,,
103,20,135,1.0,0.25,True,False,True,True,True,,
103,20,180,0.5,0.25,True,False,True,True,True,,
103,20,180,1.0,0.25,True,False,True,True,True,,
103,20,225,0.5,0.25,True,False,True,True,True,,
103,20,225,1.0,0.25,True,False,True,True,True,,
103,20,270,0.5,0.25,True,False,True,True,True,,
103,20,270,1.0,0.25,True,False,True,True,True,,
103,20,315,0.5,0.25,True,False,True,True,True,,
103,20,315,1.0,0.25,True,False,True,True,True,,
103,30,45,0.5,0.25,False,True,True,True,True,,
103,30,45,1.0,0.25,False,True,True,True,True,,
103,30,90,1.0,0.25,False,True,True,True,True,,
103,30,135,0.5,0.25,False,True,True,True,True,,
103,30,135,1.0,0.25,False,True,True,True,True,,
103,30,180,0.5,0.25,False,True,True,True,True,,
103,30,180,1.0,0.25,False,True,True,True,True,,
103,30,225,0.5,0.25,False,True,True,True,True,,
103,30,225,1.0,0.25,False,True,True,True,True,,
103,30,270,0.5,0.25,False,True,True,True,True,,
103,30,270,1.0,0.25,False,True,True,True,True,,
103,30,315,0.5,0.25,False,True,True,True,True,,
103,30,315,1.0,0.25,False,True,True,True,True,,
103,40,45,0.5,0.25,True,False,True,True,True,,
103,40,45,1.0,0.25,True,False,True,True,True,,
103,40,90,1.0,0.25,True,False,True,True,True,,
103,40,135,0.5,0.25,True,False,True,True,True,,
103,40,135,1.0,0.25,True,False,True,True,True,,
103,40,180,0.5,0.25,True,False,True,True,True,,
103,40,180,1.0,0.25,True,False,True,True,True,,
103,40,225,0.5,0.25,True,False,True,True,True,,
103,40,225,1.0,0.25,True,False,True,True,True,,
103,40,270,0.5,0.25,True,False,True,True,True,,
103,40,270,1.0,0.25,True,False,True,True,True,,
103,40,315,0.5,0.25,True,False,True,True,True,,
103,40,315,1.0,0.25,True,False,True,True,True,,
103,50,45,0.5,0.25,False,True,True,True,True,,
103,50,45,1.0,0.25,False,True,True,True,True,,
103,50,90,1.0,0.25,False,True,True,True,True,,
103,50,135,0.5,0.25,False,True,True,True,True,,
103,50,135,1.0,0.25,False,True,True,True,True,,
103,50,180,0.5,0.25,False,True,True,True,True,,
103,50,180,1.0,0.25,False,True,True,True,True,,
103,50,225,0.5,0.25,False,True,True,True,True,,
103,50,225,1.0,0.25,False,True,True,True,True,,
103,50,270,0.5,0.25,False,True,True,True,True,,
103,50,270,1.0,0.25,False,True,True,True,True,,
103,50,315,0.5,0.25,False,True,True,True,True,,
103,50,315,1.0,0.25,False,True,True,True,True,,
103,60,0,0.5,0.25,True,False,True,True,True,,
103,60,0,1.0,0.25,True,False,True,True,True,,
103,60,45,0.5,0.25,True,False,True,True,True,,
103,60,45,1.0,0.25,True,False,True,True,True,,
103,60,90,0.5,0.25,True,False,True,True,True,,
103,60,90,1.0,0.25,True,False,True,True,True,,
103,60,135,0.5,0.25,True,False,True,True,True,,
103,60,135,1.0,0.25,True,False,True,True,True,,
103,60,180,0.5,0.25,True,False,True,True,True,,
103,60,180,1.0,0.25,True,False,True,True,True,,
103,60,225,0.5,0.25,True,False,True,True,True,,
103,60,225,1.0,0.25,True,False,True,True,True,,
103,60,270,0.5,0.25,True,False,True,True,True,,
103,60,270,1.0,0.25,True,False,True,True,True,,
103,60,315,0.5,0.25,True,False,True,True,True,,
103,60,315,1.0,0.25,True,False,True,True,True,,
103,20,0,1.0,0.5,True,False,True,True,True,,
103,20,45,0.5,0.5,True,False,True,True,True,,
103,20,45,1.0,0.5,True,False,True,True,True,,
103,20,90,0.5,0.5,True,False,True,True,True,,
103,20,90,1.0,0.5,True,False,True,True,True,,
103,20,135,0.5,0.5,True,False,True,True,True,,
103,20,135,1.0,0.5,True,False,True,True,True,,
103,20,180,0.5,0.5,True,False,True,True,True,,
103,20,180,1.0,0.5,True,False,True,True,True,,
103,20,225,0.5,0.5,True,False,True,True,True,,
103,20,225,1.0,0.5,True,False,True,True,True,,
103,20,270,0.5,0.5,True,False,True,True,True,,
103,20,270,1.0,0.5,True,False,True,True,True,,
103,20,315,0.5,0.5,True,False,True,True,True,,
103,20,315,1.0,0.5,True,False,True,True,True,,
103,30,45,0.5,0.5,False,True,True,True,True,,
103,30,45,1.0,0.5,False,True,True,True,True,,
103,30,90,1.0,0.5,False,True,True,True,True,,
103,30,135,0.5,0.5,False,True,True,True,True,,
103,30,135,1.0,0.5,False,True,True,True,True,,
103,30,180,0.5,0.5,False,True,True,True,True,,
103,30,180,1.0,0.5,False,True,True,True,True,,
103,30,225,0.5,0.5,False,True,True,True,True,,
103,30,225,1.0,0.5,False,True,True,True,True,,
103,30,270,0.5,0.5,False,True,True,True,True,,
103,30,270,1.0,0.5,False,True,True,True,True,,
103,30,315,0.5,0.5,False,True,True,True,True,,
103,30,315,1.0,0.5,False,True,True,True,True,,
103,40,45,0.5,0.5,True,False,True,True,True,,
103,40,45,1.0,0.5,True,False,True,True,True,,
103,40,90,1.0,0.5,True,False,True,True,True,,
103,40,135,0.5,0.5,True,False,True,True,True,,
103,40,135,1.0,0.5,True,False,True,True,True,,
103,40,180,0.5,0.5,True,False,True,True,True,,
103,40,180,1.0,0.5,True,False,True,True,True,,
103,40,225,0.5,0.5,True,False,True,True,True,,
103,40,225,1.0,0.5,True,False,True,True,True,,
103,40,270,0.5,0.5,True,False,True,True,True,,
103,40,270,1.0,0.5,True,False,True,True,True,,
103,40,315,0.5,0.5,True,False,True,True,True,,
103,40,315,1.0,0.5,True,False,True,True,True,,
103,50,45,0.5,0.5,False,True,True,True,True,,
103,50,45,1.0,0.5,False,True,True,True,True,,
103,50,90,1.0,0.5,False,True,True,True,True,,
103,50,135,0.5,0.5,False,True,True,True,True,,
103,50,135,1.0,0.5,False,True,True,True,True,,
103,50,180,0.5,0.5,False,True,True,True,True,,
103,50,180,1.0,0.5,False,True,True,True,True,,
103,50,225,0.5,0.5,False,True,True,True,True,,
103,50,225,1.0,0.5,False,True,True,True,True,,
103,50,270,0.5,0.5,False,True,True,True,True,,
103,50,270,1.0,0.5,False,True,True,True,True,,
103,50,315,0.5,0.5,False,True,True,True,True,,
103,50,315,1.0,0.5,False,True,True,True,True,,
103,60,0,0.5,0.5,True,False,True,True,True,,
103,60,0,1.0,0.5,True,False,True,True,True,,
103,60,45,0.5,0.5,True,False,True,True,True,,
103,60,45,1.0,0.5,True,False,True,True,True,,
103,60,90,0.5,0.5,True,False,True,True,True,,
103,60,90,1.0,0.5,True,False,True,True,True,,
103,60,135,0.5,0.5,True,False,True,True,True,,
103,60,135,1.0,0.5,True,False,True,True,True,,
103,60,180,0.5,0.5,True,False,True,True,True,,
103,60,180,1.0,0.5,True,False,True,True,True,,
103,60,225,0.5,0.5,True,False,True,True,True,,
103,60,225,1.0,0.5,True,False,True,True,True,,
103,60,270,0.5,0.5,True,False,True,True,True,,
103,60,270,1.0,0.5,True,False,True,True,True,,
103,60,315,0.5,0.5,True,False,True,True,True,,
103,60,315,1.0,0.5,True,False,True,True,True,,
103,20,0,1.0,1.0,True,False,True,True,True,,
103,20,45,0.5,1.0,True,False,True,True,True,,
103,20,45,1.0,1.0,True,False,True,True,True,,
103,20,90,0.5,1.0,True,False,True,True,True,,
103,20,90,1.0,1.0,True,False,True,True,True,,
103,20,135,0.5,1.0,True,False,True,True,True,,
103,20,135,1.0,1.0,True,False,True,True,True,,
103,20,180,0.5,1.0,True,False,True,True,True,,
103,20,180,1.0,1.0,True,False,True,True,True,,
103,20,225,0.5,1.0,True,False,True,True,True,,
103,20,225,1.0,1.0,True,False,True,True,True,,
103,20,270,0.5,1.0,True,False,True,True,True,,
103,20,270,1.0,1.0,True,False,True,True,True,,
103,20,315,0.5,1.0,True,False,True,True,True,,
103,20,315,1.0,1.0,True,False,True,True,True,,
103,30,45,0.5,1.0,False,True,True,True,True,,
103,30,45,1.0,1.0,False,True,True,True,True,,
103,30,90,1.0,1.0,False,True,True,True,True,,
103,30,135,0.5,1.0,False,True,True,True,True,,
103,30,135,1.0,1.0,False,True,True,True,True,,
103,30,180,0.5,1.0,False,True,True,True,True,,
103,30,180,1.0,1.0,False,True,True,True,True,,
103,30,225,0.5,1.0,False,True,True,True,True,,
103,30,225,1.0,1.0,False,True,True,True,True,,
103,30,270,0.5,1.0,False,True,True,True,True,,
103,30,270,1.0,1.0,False,True,True,True,True,,
103,30,315,0.5,1.0,False,True,True,True,True,,
103,30,315,1.0,1.0,False,True,True,True,True,,
103,40,45,0.5,1.0,True,False,True,True,True,,
103,40,45,1.0,1.0,True,False,True,True,True,,
103,40,90,1.0,1.0,True,False,True,True,True,,
103,40,135,0.5,1.0,True,False,True,True,True,,
103,40,135,1.0,1.0,True,False,True,True,True,,
103,40,180,0.5,1.0,True,False,True,True,True,,
103,40,180,1.0,1.0,True,False,True,True,True,,
103,40,225,0.5,1.0,True,False,True,True,True,,
103,40,225,1.0,1.0,True,False,True,True,True,,
103,40,270,0.5,1.0,True,False,True,True,True,,
103,40,270,1.0,1.0,True,False,True,True,True,,
103,40,315,0.5,1.0,True,False,True,True,True,,
103,40,315,1.0,1.0,True,False,True,True,True,,
103,50,45,0.5,1.0,False,True,True,True,True,,
103,50,45,1.0,1.0,False,True,True,True,True,,
103,50,90,1.0,1.0,False,True,True,True,True,,
103,50,135,0.5,1.0,False,True,True,True,True,,
103,50,135,1.0,1.0,False,True,True,True,True,,
103,50,180,0.5,1.0,False,True,True,True,True,,
103,50,180,1.0,1.0,False,True,True,True,True,,
103,50,225,0.5,1.0,False,True,True,True,True,,
103,50,225,1.0,1.0,False,True,True,True,True,,
103,50,270,0.5,1.0,False,True,True,True,True,,
103,50,270,1.0,1.0,False,True,True,True,True,,
103,50,315,0.5,1.0,False,True,True,True,True,,
103,50,315,1.0,1.0,False,True,True,True,True,,
103,60,0,0.5,1.0,True,False,True,True,True,,
103,60,0,1.0,1.0,True,False,True,True,True,,
103,60,45,0.5,1.0,True,False,True,True,True,,
103,60,45,1.0,1.0,True,False,True,True,True,,
103,60,90,0.5,1.0,True,False,True,True,True,,
103,60,90,1.0,1.0,True,False,True,True,True,,
103,60,135,0.5,1.0,True,False,True,True,True,,
103,60,135,1.0,1.0,True,False,True,True,True,,
103,60,180,0.5,1.0,True,False,True,True,True,,
103,60,180,1.0,1.0,True,False,True,True,True,,
103,60,225,0.5,1.0,True,False,True,True,True,,
103,60,225,1.0,1.0,True,False,True,True,True,,
103,60,270,0.5,1.0,True,False,True,True,True,,
103,60,270,1.0,1.0,True,False,True,True,True,,
103,60,315,0.5,1.0,True,False,True,True,True,,
103,60,315,1.0,1.0,True,False,True,True,True,,
