condition_role,speed_mm_s,direction_deg,nominal_force_N,requested,half_second,one_second,force_ratio_median,travel_ratio_median,heading_absolute_max_deg
transfer,30,45,0.5,20,20,20,1.0747475992236137,0.9927656995205336,0.02806903723634946
transfer,30,45,1.0,20,20,20,1.0436374849096537,0.9919656617578324,0.02810701774913582
transfer,30,90,1.0,20,20,20,1.0280945663992167,0.993970624509084,0.0009202320959502686
transfer,30,135,0.5,20,20,20,1.0670063576233388,0.9908639374961309,0.045485408933359395
transfer,30,135,1.0,20,20,20,1.0289938222082853,0.9927275326988221,0.040096890425388665
transfer,30,180,0.5,20,20,20,1.0100656470673082,0.9951695128104061,0.0009202320959502686
transfer,30,180,1.0,20,20,20,0.9993686470841565,0.992130305602073,0.0009202320959502686
transfer,30,225,0.5,20,20,20,0.9843749381360014,0.9919129331298757,0.02931990891863734
transfer,30,225,1.0,20,20,20,0.9810093664442301,0.9928430976014956,0.041664611500891624
transfer,30,270,0.5,20,20,20,1.0100740270593165,0.9922692271777306,0.0009202320959502686
transfer,30,270,1.0,20,20,20,1.001828865066111,0.9916056522143537,0.0009202320959502686
transfer,30,315,0.5,20,20,19,0.9854629305303095,0.9956809851740266,0.028965206869315807
transfer,30,315,1.0,20,20,20,1.0011824426074822,0.9958944346044203,0.02471835487244789
transfer,50,45,0.5,20,20,18,1.0767608949873448,0.9927110454116432,0.026090439965400947
transfer,50,45,1.0,20,20,14,1.050450512588501,0.9912482456071849,0.018701296532867673
transfer,50,90,1.0,20,20,17,1.0284417544014453,1.0051174095540254,0.0009202320959502686
transfer,50,135,0.5,20,20,20,1.0652225049741268,0.9924311074567949,0.025091403248779898
transfer,50,135,1.0,20,20,20,1.0307705471805335,0.9866572199811923,0.024795904666916613
transfer,50,180,0.5,20,20,18,1.0000117766554357,1.0025080597519236,0.0009202320959502686
transfer,50,180,1.0,20,20,20,1.002076789179524,0.9987385010775243,0.0009202320959502686
transfer,50,225,0.5,20,20,18,0.9736347466551363,0.9908741560470706,0.02003822023812063
transfer,50,225,1.0,20,20,18,0.9834854690828323,0.9924708745962685,0.01645001822987524
transfer,50,270,0.5,20,20,20,1.0036011698989866,0.9963689495397644,0.0009202320959502686
transfer,50,270,1.0,20,20,17,1.0018578508848945,0.998269948359148,0.0009202320959502686
transfer,50,315,0.5,20,20,19,0.9936180260863305,0.9901592741119796,0.018565602515991486
transfer,50,315,1.0,20,20,19,1.0011812737160324,0.9897495893617048,0.01505867989590115
