surface_id,speed_mm_s,direction_deg,nominal_force_N,repeat_id,recording_id,valid,steady_start_s,steady_end_s,canonical_start_s,available_0.25,available_0.5,available_1
0,20,0,0.5,0,0_0_20_500_0,True,1.70952643,4.68089843,1.7096666666666667,True,True,True
0,20,0,0.5,1,0_0_20_500_1,True,0.290468,4.699897,0.290571986,True,True,True
0,20,0,1.0,0,0_0_20_1000_0,True,0.2899198,4.6803738,0.29,True,True,True
0,20,0,1.0,1,0_0_20_1000_1,True,0.279584746,4.680205746,0.2796666666666667,True,True,True
0,20,45,0.5,0,0_45_20_500_0,True,0.278811352,4.658984352,0.2788333333333333,True,True,True
0,20,45,0.5,1,0_45_20_500_1,True,0.259194314,4.649183314,0.25933333333333336,True,True,True
0,20,45,1.0,0,0_45_20_1000_0,True,2.168941564,4.659026564,2.169,True,True,True
0,20,45,1.0,1,0_45_20_1000_1,True,0.27978046,4.6704554599999994,0.2798333333333333,True,True,True
0,20,90,0.5,0,0_90_20_500_0,True,0.270817,4.680223,0.2708534673333333,True,True,True
0,20,90,0.5,1,0_90_20_500_1,True,0.310168,4.709013,0.3103027646666666,True,True,True
0,20,90,1.0,0,0_90_20_1000_0,True,1.529001,3.980529,1.529104109,True,True,True
0,20,90,1.0,1,0_90_20_1000_1,True,0.300213,4.700286,0.3002683706666667,True,True,True
0,20,135,0.5,0,0_135_20_500_0,True,0.330011,4.6797,0.330117419,True,True,True
0,20,135,0.5,1,0_135_20_500_1,True,0.260246,4.649902000000001,0.2602687066666667,True,True,True
0,20,135,1.0,0,0_135_20_1000_0,True,0.299864372,4.219514372,0.3,True,True,True
0,20,135,1.0,1,0_135_20_1000_1,True,0.60923,4.679776,0.6093852733333333,True,True,True
0,20,180,0.5,0,0_180_20_500_0,True,0.709622,4.010854,0.7097023366666667,True,True,True
0,20,180,0.5,1,0_180_20_500_1,True,0.2902,3.109226,0.29024452466666667,True,True,True
0,20,180,1.0,0,0_180_20_1000_0,True,2.248823008,4.349236008,2.2488333333333332,True,True,True
0,20,180,1.0,1,0_180_20_1000_1,True,0.610688885,4.688735885,0.6108333333333333,True,True,True
0,20,225,0.5,0,0_225_20_500_0,True,0.299022,4.67874,0.299051668,True,True,True
0,20,225,0.5,1,0_225_20_500_1,True,0.28071,3.210501,0.2808765936666667,True,True,True
0,20,225,1.0,0,0_225_20_1000_0,True,1.499349907,4.650455907,1.4995,True,True,True
0,20,225,1.0,1,0_225_20_1000_1,True,0.300993,4.690368,0.301096399,True,True,True
0,20,270,0.5,0,0_270_20_500_0,True,0.289738,4.699597,0.289874023,True,True,True
0,20,270,0.5,1,0_270_20_500_1,True,0.279947611,4.680659611,0.28,True,True,True
0,20,270,1.0,0,0_270_20_1000_0,True,1.748849103,4.680369103,1.749,True,True,True
0,20,270,1.0,1,0_270_20_1000_1,True,0.279437,4.690601,0.27956964100000004,True,True,True
0,20,315,0.5,0,0_315_20_500_0,True,0.279971885,4.649575885,0.28,True,True,True
0,20,315,0.5,1,0_315_20_500_1,True,2.218868995,4.680495995,2.219,True,True,True
0,20,315,1.0,0,0_315_20_1000_0,True,0.269221295,4.670771295,0.2693333333333333,True,True,True
0,20,315,1.0,1,0_315_20_1000_1,True,0.279962438,4.669925438,0.28,True,True,True
0,40,0,0.5,0,0_0_40_500_0,True,0.289832,2.419737,0.28997353433333334,True,True,True
0,40,0,0.5,1,0_0_40_500_1,True,0.330520839,2.459336839,0.33066666666666666,True,True,True
0,40,0,1.0,0,0_0_40_1000_0,True,0.969026,2.419676,0.969077448,True,True,True
0,40,0,1.0,1,0_0_40_1000_1,True,0.340008,2.468803,0.3400858573333333,True,True,True
0,40,45,0.5,0,0_45_40_500_0,True,0.28058904,2.42048704,0.2806666666666667,True,True,True
0,40,45,0.5,1,0_45_40_500_1,True,0.290997,2.419773,0.29107297099999996,True,True,True
0,40,45,1.0,0,0_45_40_1000_0,True,0.30042638,2.4109643800000002,0.3005,True,True,True
0,40,45,1.0,1,0_45_40_1000_1,True,1.01942,2.401125,1.019558154,True,True,True
0,40,90,0.5,0,0_90_40_500_0,True,0.298912901,2.029197901,0.299,True,True,True
0,40,90,0.5,1,0_90_40_500_1,True,0.299622,2.430289,0.2997558556666667,True,True,True
0,40,90,1.0,0,0_90_40_1000_0,True,0.299279017,2.429126017,0.29933333333333334,True,True,True
0,40,90,1.0,1,0_90_40_1000_1,True,0.290912553,2.421174553,0.291,True,True,True
0,40,135,0.5,0,0_135_40_500_0,True,0.300245,2.420468,0.300292303,True,True,True
0,40,135,0.5,1,0_135_40_500_1,True,0.299455,2.431286,0.299559871,True,True,True
0,40,135,1.0,0,0_135_40_1000_0,True,0.28947,1.4007550000000002,0.28954813199999996,True,True,True
0,40,135,1.0,1,0_135_40_1000_1,True,0.339912369,2.420015369,0.34,True,True,True
0,40,180,0.5,0,0_180_40_500_0,True,0.299342255,2.420058255,0.2995,True,True,True
0,40,180,0.5,1,0_180_40_500_1,True,0.290923299,2.421112299,0.291,True,True,True
0,40,180,1.0,0,0_180_40_1000_0,True,0.290056,2.408758,0.2902015036666667,True,True,True
0,40,180,1.0,1,0_180_40_1000_1,True,0.290979,2.409619,0.291106575,True,True,True
0,40,225,0.5,0,0_225_40_500_0,True,0.280177595,2.409785595,0.2803333333333333,True,True,True
0,40,225,0.5,1,0_225_40_500_1,True,0.290619854,2.419710854,0.2906666666666667,True,True,True
0,40,225,1.0,0,0_225_40_1000_0,True,0.481161,1.519255,0.48123467766666667,True,True,True
0,40,225,1.0,1,0_225_40_1000_1,True,0.290224,2.420812,0.2902594806666667,True,True,True
0,40,270,0.5,0,0_270_40_500_0,True,0.290314129,2.409610129,0.29033333333333333,True,True,True
0,40,270,0.5,1,0_270_40_500_1,True,0.280261,2.410126,0.28037545433333333,True,True,True
0,40,270,1.0,0,0_270_40_1000_0,True,0.289357,2.420439,0.289517665,True,True,True
0,40,270,1.0,1,0_270_40_1000_1,True,0.280396,2.40937,0.2805277903333333,True,True,True
0,40,315,0.5,0,0_315_40_500_0,True,0.300668,2.41031,0.3006758536666667,True,True,True
0,40,315,0.5,1,0_315_40_500_1,True,0.29989247,2.40035147,0.3,True,True,True
0,40,315,1.0,0,0_315_40_1000_0,True,0.298690315,2.419653315,0.29883333333333334,True,True,True
0,40,315,1.0,1,0_315_40_1000_1,True,0.280716,2.399421,0.28079156000000005,True,True,True
0,60,0,0.5,0,0_0_60_500_0,True,0.329964494,1.710019494,0.33,True,True,True
0,60,0,0.5,1,0_0_60_500_1,True,0.350655917,1.7205189170000001,0.3506666666666667,True,True,True
0,60,0,1.0,0,0_0_60_1000_0,True,0.360238606,1.730517606,0.36033333333333334,True,True,True
0,60,0,1.0,1,0_0_60_1000_1,True,0.329873081,1.719741081,0.33,True,True,True
0,60,45,0.5,0,0_45_60_500_0,True,0.300913749,1.469008749,0.301,True,True,True
0,60,45,0.5,1,0_45_60_500_1,True,0.289815,1.660679,0.28992229733333336,True,True,True
0,60,45,1.0,0,0_45_60_1000_0,True,0.30008,1.6605759999999998,0.3002256716666667,True,True,True
0,60,45,1.0,1,0_45_60_1000_1,True,0.310152,1.680341,0.3101909606666666,True,True,True
0,60,90,0.5,0,0_90_60_500_0,True,0.299177,1.679766,0.29924032266666667,True,True,True
0,60,90,0.5,1,0_90_60_500_1,True,1.019907,1.679651,1.020065315,True,True,False
0,60,90,1.0,0,0_90_60_1000_0,True,0.300383678,1.678989678,0.3005,True,True,True
0,60,90,1.0,1,0_90_60_1000_1,True,0.279333535,1.659711535,0.2795,True,True,True
0,60,135,0.5,0,0_135_60_500_0,True,0.311162,1.681261,0.31130815666666667,True,True,True
0,60,135,0.5,1,0_135_60_500_1,True,0.311126,1.67062,0.31126555366666664,True,True,True
0,60,135,1.0,0,0_135_60_1000_0,True,0.309059,1.660089,0.30922201166666663,True,True,True
0,60,135,1.0,1,0_135_60_1000_1,True,0.299849,1.66948,0.29987090633333335,True,True,True
0,60,180,0.5,0,0_180_60_500_0,True,0.309543,1.669641,0.309649939,True,True,True
0,60,180,0.5,1,0_180_60_500_1,True,0.300521529,1.670252529,0.3006666666666667,True,True,True
0,60,180,1.0,0,0_180_60_1000_0,True,0.310593,1.119793,0.31071458066666663,True,True,False
0,60,180,1.0,1,0_180_60_1000_1,True,0.699043,1.659301,0.6991816456666667,True,True,False
0,60,225,0.5,0,0_225_60_500_0,True,0.291117269,1.6703572689999997,0.2911666666666667,True,True,True
0,60,225,0.5,1,0_225_60_500_1,True,0.319408016,1.6803590160000001,0.3195,True,True,True
0,60,225,1.0,0,0_225_60_1000_0,True,0.330745,1.689445,0.3308760943333333,True,True,True
0,60,225,1.0,1,0_225_60_1000_1,True,0.309326,1.669461,0.30934279333333337,True,True,True
0,60,270,0.5,0,0_270_60_500_0,True,0.319948,1.49899,0.320017659,True,True,True
0,60,270,0.5,1,0_270_60_500_1,True,0.290714587,1.669987587,0.29083333333333333,True,True,True
0,60,270,1.0,0,0_270_60_1000_0,True,0.329472,1.000628,0.329557963,True,True,False
0,60,270,1.0,1,0_270_60_1000_1,True,0.480875,1.65991,0.48091265033333336,True,True,True
0,60,315,0.5,0,0_315_60_500_0,True,0.310205,1.669967,0.3103582203333333,True,True,True
0,60,315,0.5,1,0_315_60_500_1,True,0.309941144,1.679965144,0.31,True,True,True
0,60,315,1.0,0,0_315_60_1000_0,True,0.309143607,1.659293607,0.30916666666666665,True,True,True
0,60,315,1.0,1,0_315_60_1000_1,True,0.299266,1.658856,0.29933635533333336,True,True,True
38,20,0,0.5,0,38_0_20_500_0,True,1.011003,4.689564,1.011078156,True,True,True
38,20,0,0.5,1,38_0_20_500_1,True,0.289964,4.329753,0.290008174,True,True,True
38,20,0,1.0,0,38_0_20_1000_0,True,0.288613274,3.340603274,0.2886666666666667,True,True,True
38,20,0,1.0,1,38_0_20_1000_1,True,1.329498,4.690795,1.3295428189999998,True,True,True
38,20,45,0.5,0,38_45_20_500_0,True,0.299364,4.669823,0.299520891,True,True,True
38,20,45,0.5,1,38_45_20_500_1,True,0.289589,2.591107,0.2897192986666667,True,True,True
38,20,45,1.0,0,38_45_20_1000_0,True,0.280378,4.660513,0.2804221883333333,True,True,True
38,20,45,1.0,1,38_45_20_1000_1,True,0.291341,4.680517,0.29136809933333335,True,True,True
38,20,90,0.5,0,38_90_20_500_0,True,1.130369254,4.699612254,1.1305,True,True,True
38,20,90,0.5,1,38_90_20_500_1,True,1.191026,3.629702,1.191073799,True,True,True
38,20,90,1.0,0,38_90_20_1000_0,True,0.309946,4.709806,0.310058167,True,True,True
38,20,90,1.0,1,38_90_20_1000_1,True,2.219533,4.69982,2.219609533,True,True,True
38,20,135,0.5,0,38_135_20_500_0,True,0.288814548,4.659763548,0.28883333333333333,True,True,True
38,20,135,0.5,1,38_135_20_500_1,True,1.951019,4.690413,1.951104071,True,True,True
38,20,135,1.0,0,38_135_20_1000_0,True,0.280827,4.659723,0.28086751633333334,True,True,True
38,20,135,1.0,1,38_135_20_1000_1,True,0.28098,4.660247,0.28109296600000006,True,True,True
38,20,180,0.5,0,38_180_20_500_0,True,0.279316,4.699795,0.2794380403333333,True,True,True
38,20,180,0.5,1,38_180_20_500_1,True,0.28111,4.691027,0.2811820016666667,True,True,True
38,20,180,1.0,0,38_180_20_1000_0,True,1.549769,4.689271,1.5499203583333334,True,True,True
38,20,180,1.0,1,38_180_20_1000_1,True,0.280967184,4.699430184,0.281,True,True,True
38,20,225,0.5,0,38_225_20_500_0,True,0.27923,4.66921,0.2792387336666667,True,True,True
38,20,225,0.5,1,38_225_20_500_1,True,0.779578,3.769993,0.7797223706666666,True,True,True
38,20,225,1.0,0,38_225_20_1000_0,True,0.28977909,4.67012309,0.28983333333333333,True,True,True
38,20,225,1.0,1,38_225_20_1000_1,True,0.289487485,4.290560485,0.2895,True,True,True
38,20,270,0.5,0,38_270_20_500_0,True,1.390262,4.700524,1.3902861256666668,True,True,True
38,20,270,0.5,1,38_270_20_500_1,True,0.270614129,4.320744129,0.27066666666666667,True,True,True
38,20,270,1.0,0,38_270_20_1000_0,True,2.320451943,4.700436943,2.3205,True,True,True
38,20,270,1.0,1,38_270_20_1000_1,True,0.279286,2.979592,0.2794143803333333,True,True,True
38,20,315,0.5,0,38_315_20_500_0,True,0.279769,4.669394,0.27985258533333335,True,True,True
38,20,315,0.5,1,38_315_20_500_1,True,0.279735,4.66069,0.2798931573333333,True,True,True
38,20,315,1.0,0,38_315_20_1000_0,True,1.749708165,4.670552165,1.7498333333333334,True,True,True
38,20,315,1.0,1,38_315_20_1000_1,True,0.278649314,4.678997314,0.2786666666666667,True,True,True
38,40,0,0.5,0,38_0_40_500_0,True,0.290579832,2.428844832,0.2906666666666667,True,True,True
38,40,0,0.5,1,38_0_40_500_1,True,0.310534824,1.949375824,0.31066666666666665,True,True,True
38,40,0,1.0,0,38_0_40_1000_0,True,0.290033391,2.390490391,0.2901666666666667,True,True,True
38,40,0,1.0,1,38_0_40_1000_1,True,0.299939,2.259818,0.2999690913333333,True,True,True
38,40,45,0.5,0,38_45_40_500_0,True,0.291148515,2.418833515,0.2911666666666667,True,True,True
38,40,45,0.5,1,38_45_40_500_1,True,0.308981479,2.420403479,0.309,True,True,True
38,40,45,1.0,0,38_45_40_1000_0,True,0.309329,2.428854,0.30936371733333334,True,True,True
38,40,45,1.0,1,38_45_40_1000_1,True,0.289337,2.398972,0.2893476166666667,True,True,True
38,40,90,0.5,0,38_90_40_500_0,True,1.11965524,2.42938424,1.1196666666666666,True,True,True
38,40,90,0.5,1,38_90_40_500_1,True,0.319587,2.44939,0.3197153466666667,True,True,True
38,40,90,1.0,0,38_90_40_1000_0,True,0.320526,2.440055,0.320636631,True,True,True
38,40,90,1.0,1,38_90_40_1000_1,True,0.311197161,2.440453161,0.31133333333333335,True,True,True
38,40,135,0.5,0,38_135_40_500_0,True,0.298861558,2.418910558,0.299,True,True,True
38,40,135,0.5,1,38_135_40_500_1,True,0.279458254,2.409060254,0.2795,True,True,True
38,40,135,1.0,0,38_135_40_1000_0,True,0.289697525,2.4197245250000003,0.28983333333333333,True,True,True
38,40,135,1.0,1,38_135_40_1000_1,True,0.29057,2.410163,0.29067102666666667,True,True,True
38,40,180,0.5,0,38_180_40_500_0,True,0.300888,2.41028,0.30101503,True,True,True
38,40,180,0.5,1,38_180_40_500_1,True,0.28972164,2.3998896399999996,0.28983333333333333,True,True,True
38,40,180,1.0,0,38_180_40_1000_0,True,0.299771,2.4291219999999996,0.2998714983333333,True,True,True
38,40,180,1.0,1,38_180_40_1000_1,True,0.279788,2.410447,0.2798390413333333,True,True,True
38,40,225,0.5,0,38_225_40_500_0,True,0.311251,2.430066,0.31138071733333333,True,True,True
38,40,225,0.5,1,38_225_40_500_1,True,0.300334411,2.418632411,0.3005,True,True,True
38,40,225,1.0,0,38_225_40_1000_0,True,0.290331958,2.420133958,0.29033333333333333,True,True,True
38,40,225,1.0,1,38_225_40_1000_1,True,0.320287673,2.430365673,0.32033333333333336,True,True,True
38,40,270,0.5,0,38_270_40_500_0,True,1.329723,2.440511,1.3297923116666668,True,True,True
38,40,270,0.5,1,38_270_40_500_1,True,0.300573866,2.439713866,0.3006666666666667,True,True,True
38,40,270,1.0,0,38_270_40_1000_0,True,0.530328265,2.400182265,0.5303333333333333,True,True,True
38,40,270,1.0,1,38_270_40_1000_1,True,0.310483117,2.419394117,0.3105,True,True,True
38,40,315,0.5,0,38_315_40_500_0,True,0.300712,2.250979,0.3008489873333333,True,True,True
38,40,315,0.5,1,38_315_40_500_1,True,0.310211968,2.419277968,0.31033333333333335,True,True,True
38,40,315,1.0,0,38_315_40_1000_0,True,0.300593,2.410253,0.300647667,True,True,True
38,40,315,1.0,1,38_315_40_1000_1,True,0.310076,2.418982,0.31018515266666663,True,True,True
38,60,0,0.5,0,38_0_60_500_0,True,0.299299,1.670837,0.2994014993333333,True,True,True
38,60,0,0.5,1,38_0_60_500_1,True,0.299691,1.67035,0.2998416116666667,True,True,True
38,60,0,1.0,0,38_0_60_1000_0,True,0.289288741,1.669507741,0.28933333333333333,True,True,True
38,60,0,1.0,1,38_0_60_1000_1,True,0.311220137,1.679458137,0.31133333333333335,True,True,True
38,60,45,0.5,0,38_45_60_500_0,True,0.320607,1.6800259999999998,0.32072461566666666,True,True,True
38,60,45,0.5,1,38_45_60_500_1,True,0.319472,1.679203,0.319552723,True,True,True
38,60,45,1.0,0,38_45_60_1000_0,True,0.310670529,1.669968529,0.31083333333333335,True,True,True
38,60,45,1.0,1,38_45_60_1000_1,True,0.29913901,1.65995101,0.2991666666666667,True,True,True
38,60,90,0.5,0,38_90_60_500_0,True,0.310846,1.689887,0.31092758833333334,True,True,True
38,60,90,0.5,1,38_90_60_500_1,True,0.309952646,1.480340646,0.31,True,True,True
38,60,90,1.0,0,38_90_60_1000_0,True,0.320137588,1.679614588,0.32016666666666665,True,True,True
38,60,90,1.0,1,38_90_60_1000_1,True,0.308915,1.690842,0.309036708,True,True,True
38,60,135,0.5,0,38_135_60_500_0,True,0.459339724,1.6595567239999998,0.4595,True,True,True
38,60,135,0.5,1,38_135_60_500_1,True,0.289416,1.6694810000000002,0.2894408266666667,True,True,True
38,60,135,1.0,0,38_135_60_1000_0,True,0.320403467,1.679059467,0.3205,True,True,True
38,60,135,1.0,1,38_135_60_1000_1,True,0.289751663,1.659086663,0.28983333333333333,True,True,True
38,60,180,0.5,0,38_180_60_500_0,True,0.310055239,1.690897239,0.31016666666666665,True,True,True
38,60,180,0.5,1,38_180_60_500_1,True,0.309066804,1.670774804,0.30916666666666665,True,True,True
38,60,180,1.0,0,38_180_60_1000_0,True,0.30897,1.679354,0.309035218,True,True,True
38,60,180,1.0,1,38_180_60_1000_1,True,0.299598,1.669063,0.2997178206666667,True,True,True
38,60,225,0.5,0,38_225_60_500_0,True,0.309926,1.679346,0.310047151,True,True,True
38,60,225,0.5,1,38_225_60_500_1,True,0.329941,1.699932,0.330065694,True,True,True
38,60,225,1.0,0,38_225_60_1000_0,True,0.299623933,1.670208933,0.2996666666666667,True,True,True
38,60,225,1.0,1,38_225_60_1000_1,True,0.290649,1.659415,0.2907012016666667,True,True,True
38,60,270,0.5,0,38_270_60_500_0,True,1.110958,1.6897,1.111109916,True,True,False
38,60,270,0.5,1,38_270_60_500_1,True,0.319594,1.680216,0.31975456366666666,True,True,True
38,60,270,1.0,0,38_270_60_1000_0,True,0.289564,1.669584,0.28958785033333334,True,True,True
38,60,270,1.0,1,38_270_60_1000_1,True,0.310299,1.669412,0.31034853233333337,True,True,True
38,60,315,0.5,0,38_315_60_500_0,True,0.320721,1.681098,0.32078987666666664,True,True,True
38,60,315,0.5,1,38_315_60_500_1,True,0.300668,1.669806,0.3008333616666667,True,True,True
38,60,315,1.0,0,38_315_60_1000_0,True,0.30981474,1.65993374,0.30983333333333335,True,True,True
38,60,315,1.0,1,38_315_60_1000_1,True,0.30915965,1.67874265,0.30916666666666665,True,True,True
49,20,0,0.5,0,49_0_20_500_0,True,0.291098,4.709882,0.2912499396666667,True,True,True
49,20,0,0.5,1,49_0_20_500_1,True,0.910803869,3.100061869,0.9108333333333334,True,True,True
49,20,0,1.0,0,49_0_20_1000_0,True,2.279757256,4.699278256,2.2798333333333334,True,True,True
49,20,0,1.0,1,49_0_20_1000_1,True,0.380198666,3.110604666,0.38033333333333336,True,True,True
49,20,45,0.5,0,49_45_20_500_0,True,0.29007592,4.67028292,0.2901666666666667,True,True,True
49,20,45,0.5,1,49_45_20_500_1,True,0.288617956,2.540340956,0.2886666666666667,True,True,True
49,20,45,1.0,0,49_45_20_1000_0,True,0.298885,4.669554,0.299042706,True,True,True
49,20,45,1.0,1,49_45_20_1000_1,True,0.291097054,4.659947054,0.2911666666666667,True,True,True
49,20,90,0.5,0,49_90_20_500_0,True,0.309846855,4.719629855,0.31,True,True,True
49,20,90,0.5,1,49_90_20_500_1,True,0.289717,4.700213999999999,0.2897566866666667,True,True,True
49,20,90,1.0,0,49_90_20_1000_0,True,2.450187,4.679136,2.4502230476666664,True,True,True
49,20,90,1.0,1,49_90_20_1000_1,True,0.298923856,4.710359856,0.299,True,True,True
49,20,135,0.5,0,49_135_20_500_0,True,0.300022561,4.681107561000001,0.3001666666666667,True,True,True
49,20,135,0.5,1,49_135_20_500_1,True,0.300116189,4.680706189,0.3001666666666667,True,True,True
49,20,135,1.0,0,49_135_20_1000_0,True,0.299442,4.688912,0.299560104,True,True,True
49,20,135,1.0,1,49_135_20_1000_1,True,0.299498984,3.570037984,0.2995,True,True,True
49,20,180,0.5,0,49_180_20_500_0,True,0.301001,4.689984,0.30104551,True,True,True
49,20,180,0.5,1,49_180_20_500_1,True,2.370203,4.699433,2.3703375453333333,True,True,True
49,20,180,1.0,0,49_180_20_1000_0,True,1.67998291,4.69941491,1.68,True,True,True
49,20,180,1.0,1,49_180_20_1000_1,True,0.300004949,4.711224949,0.3001666666666667,True,True,True
49,20,225,0.5,0,49_225_20_500_0,True,0.361040149,3.539387149,0.3611666666666667,True,True,True
49,20,225,0.5,1,49_225_20_500_1,True,0.28914089,4.67875489,0.2891666666666667,True,True,True
49,20,225,1.0,0,49_225_20_1000_0,True,0.279917,4.659069,0.28007997300000004,True,True,True
49,20,225,1.0,1,49_225_20_1000_1,True,0.2996,4.679402,0.2997262146666667,True,True,True
49,20,270,0.5,0,49_270_20_500_0,True,0.280310575,4.690571575,0.2803333333333333,True,True,True
49,20,270,0.5,1,49_270_20_500_1,True,0.280290804,4.700216804,0.2803333333333333,True,True,True
49,20,270,1.0,0,49_270_20_1000_0,True,0.28973,4.699695,0.2898151136666667,True,True,True
49,20,270,1.0,1,49_270_20_1000_1,True,1.119685164,4.690702164,1.1198333333333332,True,True,True
49,20,315,0.5,0,49_315_20_500_0,True,0.279471,4.670588,0.279570982,True,True,True
49,20,315,0.5,1,49_315_20_500_1,True,0.289018,3.660604,0.289035439,True,True,True
49,20,315,1.0,0,49_315_20_1000_0,True,0.281091108,3.269239108,0.2811666666666667,True,True,True
49,20,315,1.0,1,49_315_20_1000_1,True,0.29073,4.671086,0.2908357753333333,True,True,True
49,40,0,0.5,0,49_0_40_500_0,True,0.571117,2.419767,0.5711882536666667,True,True,True
49,40,0,0.5,1,49_0_40_500_1,True,0.279189911,2.410605911,0.2793333333333333,True,True,True
49,40,0,1.0,0,49_0_40_1000_0,True,0.9397213,1.9597683,0.9398333333333333,True,True,True
49,40,0,1.0,1,49_0_40_1000_1,True,0.289018,2.420332,0.289058357,True,True,True
49,40,45,0.5,0,49_45_40_500_0,True,0.298955,2.410651,0.299042187,True,True,True
49,40,45,0.5,1,49_45_40_500_1,True,0.290408,2.411353,0.29052961899999996,True,True,True
49,40,45,1.0,0,49_45_40_1000_0,True,0.299604516,2.419903516,0.2996666666666667,True,True,True
49,40,45,1.0,1,49_45_40_1000_1,True,0.288760439,2.409415439,0.28883333333333333,True,True,True
49,40,90,0.5,0,49_90_40_500_0,True,0.799775343,2.430788343,0.7998333333333333,True,True,True
49,40,90,0.5,1,49_90_40_500_1,True,1.119309036,2.439613036,1.1193333333333333,True,True,True
49,40,90,1.0,0,49_90_40_1000_0,True,0.3208,2.419739,0.32088577133333335,True,True,True
49,40,90,1.0,1,49_90_40_1000_1,True,0.320242832,2.440242832,0.32033333333333336,True,True,True
49,40,135,0.5,0,49_135_40_500_0,True,0.299591,1.679429,0.2995934486666667,True,True,True
49,40,135,0.5,1,49_135_40_500_1,True,0.290111,2.429956,0.29020218,True,True,True
49,40,135,1.0,0,49_135_40_1000_0,True,0.309492809,2.430121809,0.3095,True,True,True
49,40,135,1.0,1,49_135_40_1000_1,True,0.310165,1.980992,0.31023149366666664,True,True,True
49,40,180,0.5,0,49_180_40_500_0,True,0.299751,2.419422,0.2997697076666667,True,True,True
49,40,180,0.5,1,49_180_40_500_1,True,0.669791,2.429274,0.6699138533333333,True,True,True
49,40,180,1.0,0,49_180_40_1000_0,True,0.940092037,2.430563037,0.9401666666666667,True,True,True
49,40,180,1.0,1,49_180_40_1000_1,True,0.269917224,1.389325224,0.27,True,True,True
49,40,225,0.5,0,49_225_40_500_0,True,0.300270014,1.698742014,0.30033333333333334,True,True,True
49,40,225,0.5,1,49_225_40_500_1,True,1.130872,2.419592,1.1309197863333333,True,True,True
49,40,225,1.0,0,49_225_40_1000_0,True,0.289261,2.419257,0.28938291233333335,True,True,True
49,40,225,1.0,1,49_225_40_1000_1,True,0.909500119,2.400206119,0.9096666666666666,True,True,True
49,40,270,0.5,0,49_270_40_500_0,True,0.298892,2.420737,0.2989162733333333,True,True,True
49,40,270,0.5,1,49_270_40_500_1,True,0.290836004,1.938967004,0.291,True,True,True
49,40,270,1.0,0,49_270_40_1000_0,True,0.29990064,2.41993864,0.3,True,True,True
49,40,270,1.0,1,49_270_40_1000_1,True,0.280234711,2.409699711,0.2803333333333333,True,True,True
49,40,315,0.5,0,49_315_40_500_0,True,0.300615,2.42954,0.3007741406666667,True,True,True
49,40,315,0.5,1,49_315_40_500_1,True,0.318968,2.409406,0.319063258,True,True,True
49,40,315,1.0,0,49_315_40_1000_0,True,0.288989651,2.420435651,0.289,True,True,True
49,40,315,1.0,1,49_315_40_1000_1,True,0.310783,2.419915,0.3108791593333334,True,True,True
49,60,0,0.5,0,49_0_60_500_0,True,0.350205,1.7098339999999999,0.35036618933333336,True,True,True
49,60,0,0.5,1,49_0_60_500_1,True,0.309125,1.680637,0.30920102,True,True,True
49,60,0,1.0,0,49_0_60_1000_0,True,0.300715,1.670194,0.3008654453333333,True,True,True
49,60,0,1.0,1,49_0_60_1000_1,True,0.309062,1.670036,0.309072494,True,True,True
49,60,45,0.5,0,49_45_60_500_0,True,0.300506004,1.669072004,0.3006666666666667,True,True,True
49,60,45,0.5,1,49_45_60_500_1,True,0.299672648,1.019276648,0.29983333333333334,True,True,False
49,60,45,1.0,0,49_45_60_1000_0,True,0.310702008,1.130153008,0.31083333333333335,True,True,False
49,60,45,1.0,1,49_45_60_1000_1,True,0.320443999,1.6806269990000002,0.3205,True,True,True
49,60,90,0.5,0,49_90_60_500_0,True,0.310173861,1.609616861,0.31033333333333335,True,True,True
49,60,90,0.5,1,49_90_60_500_1,True,0.32099907,1.68980407,0.321,True,True,True
49,60,90,1.0,0,49_90_60_1000_0,True,0.309367,1.681174,0.30937049133333333,True,True,True
49,60,90,1.0,1,49_90_60_1000_1,True,0.310699,1.669983,0.31083932033333334,True,True,True
49,60,135,0.5,0,49_135_60_500_0,True,0.32088868,1.66920068,0.321,True,True,True
49,60,135,0.5,1,49_135_60_500_1,True,0.310066288,1.680759288,0.31016666666666665,True,True,True
49,60,135,1.0,0,49_135_60_1000_0,True,0.309652251,1.669817251,0.30966666666666665,True,True,True
49,60,135,1.0,1,49_135_60_1000_1,True,0.300230657,1.670646657,0.30033333333333334,True,True,True
49,60,180,0.5,0,49_180_60_500_0,True,0.329315423,1.708808423,0.3293333333333333,True,True,True
49,60,180,0.5,1,49_180_60_500_1,True,0.340835993,1.709438993,0.341,True,True,True
49,60,180,1.0,0,49_180_60_1000_0,True,0.349603922,1.710246922,0.3496666666666667,True,True,True
49,60,180,1.0,1,49_180_60_1000_1,True,0.330635,1.700529,0.33068010366666667,True,True,True
49,60,225,0.5,0,49_225_60_500_0,True,0.32894218,1.69023718,0.329,True,True,True
49,60,225,0.5,1,49_225_60_500_1,True,0.299379,1.6692,0.2994660943333333,True,True,True
49,60,225,1.0,0,49_225_60_1000_0,True,0.310626,1.659869,0.31073589366666665,True,True,True
49,60,225,1.0,1,49_225_60_1000_1,True,0.339586,1.700358,0.33961018400000004,True,True,True
49,60,270,0.5,0,49_270_60_500_0,True,0.310574,1.6813379999999998,0.310632479,True,True,True
49,60,270,0.5,1,49_270_60_500_1,True,0.689454316,1.680741316,0.6895,True,True,False
49,60,270,1.0,0,49_270_60_1000_0,True,0.849111753,1.679323753,0.8491666666666666,True,True,False
49,60,270,1.0,1,49_270_60_1000_1,True,0.310496,1.6793300000000002,0.310619772,True,True,True
49,60,315,0.5,0,49_315_60_500_0,True,0.319492,1.689968,0.319566877,True,True,True
49,60,315,0.5,1,49_315_60_500_1,True,0.330399456,1.6705614559999997,0.3305,True,True,True
49,60,315,1.0,0,49_315_60_1000_0,True,0.879238,1.669545,0.8793922726666666,True,True,False
49,60,315,1.0,1,49_315_60_1000_1,True,0.939533,1.669504,0.9396707536666666,True,True,False
65,20,0,0.5,0,65_0_20_500_0,True,0.300051,4.259648,0.300052278,True,True,True
65,20,0,0.5,1,65_0_20_500_1,True,0.301039541,4.689367541,0.3011666666666667,True,True,True
65,20,0,1.0,0,65_0_20_1000_0,True,0.2994,4.700101,0.299534227,True,True,True
65,20,0,1.0,1,65_0_20_1000_1,True,0.679903,4.700053,0.680052356,True,True,True
65,20,45,0.5,0,65_45_20_500_0,True,0.29016496,4.67111996,0.2901666666666667,True,True,True
65,20,45,0.5,1,65_45_20_500_1,True,0.290505,4.110165,0.290513765,True,True,True
65,20,45,1.0,0,65_45_20_1000_0,True,0.299613513,4.670565513,0.2996666666666667,True,True,True
65,20,45,1.0,1,65_45_20_1000_1,True,0.290518998,4.479222998,0.2906666666666667,True,True,True
65,20,90,0.5,0,65_90_20_500_0,True,1.469344748,4.721397748,1.4695,True,True,True
65,20,90,0.5,1,65_90_20_500_1,True,0.319679388,4.089297388,0.31983333333333336,True,True,True
65,20,90,1.0,0,65_90_20_1000_0,True,0.290684,4.690797,0.2907622476666667,True,True,True
65,20,90,1.0,1,65_90_20_1000_1,True,0.890224924,3.219817924,0.8903333333333333,True,True,True
65,20,135,0.5,0,65_135_20_500_0,True,0.460202321,3.429432321,0.4603333333333333,True,True,True
65,20,135,0.5,1,65_135_20_500_1,True,0.300157,4.689822000000001,0.3002447376666667,True,True,True
65,20,135,1.0,0,65_135_20_1000_0,True,0.760519,4.680509,0.760542497,True,True,True
65,20,135,1.0,1,65_135_20_1000_1,True,0.300420432,4.681346432,0.3005,True,True,True
65,20,180,0.5,0,65_180_20_500_0,True,1.639906523,4.699092523,1.64,True,True,True
65,20,180,0.5,1,65_180_20_500_1,True,0.281187,4.690328,0.2812165026666667,True,True,True
65,20,180,1.0,0,65_180_20_1000_0,True,1.549754,4.699536,1.5498428883333335,True,True,True
65,20,180,1.0,1,65_180_20_1000_1,True,0.300002,4.710688,0.30007650799999996,True,True,True
65,20,225,0.5,0,65_225_20_500_0,True,0.299141058,4.670946058,0.2991666666666667,True,True,True
65,20,225,0.5,1,65_225_20_500_1,True,0.300458,4.691182,0.300531384,True,True,True
65,20,225,1.0,0,65_225_20_1000_0,True,0.29056,2.86097,0.2907221916666667,True,True,True
65,20,225,1.0,1,65_225_20_1000_1,True,0.288941982,4.660159982,0.289,True,True,True
65,20,270,0.5,0,65_270_20_500_0,True,0.289868,4.701287,0.290019871,True,True,True
65,20,270,0.5,1,65_270_20_500_1,True,0.289513,4.689672,0.2896683076666667,True,True,True
65,20,270,1.0,0,65_270_20_1000_0,True,0.289671,4.689597,0.28980928066666667,True,True,True
65,20,270,1.0,1,65_270_20_1000_1,True,0.290380033,4.439230033,0.2905,True,True,True
65,20,315,0.5,0,65_315_20_500_0,True,0.30068211,4.67118611,0.30083333333333334,True,True,True
65,20,315,0.5,1,65_315_20_500_1,True,0.299784332,4.679277332,0.29983333333333334,True,True,True
65,20,315,1.0,0,65_315_20_1000_0,True,0.299300687,4.670574687,0.29933333333333334,True,True,True
65,20,315,1.0,1,65_315_20_1000_1,True,0.289034,2.900035,0.28907970699999996,True,True,True
65,40,0,0.5,0,65_0_40_500_0,True,0.311183,1.599716,0.31133558033333336,True,True,True
65,40,0,0.5,1,65_0_40_500_1,True,0.318969719,2.429506719,0.319,True,True,True
65,40,0,1.0,0,65_0_40_1000_0,True,0.859669296,2.459195296,0.8598333333333333,True,True,True
65,40,0,1.0,1,65_0_40_1000_1,True,0.330599,2.31975,0.33067995166666664,True,True,True
65,40,45,0.5,0,65_45_40_500_0,True,0.290738833,2.408811833,0.29083333333333333,True,True,True
65,40,45,0.5,1,65_45_40_500_1,True,0.290795,2.41088,0.29085858833333333,True,True,True
65,40,45,1.0,0,65_45_40_1000_0,True,0.280175,2.410025,0.28019848166666667,True,True,True
65,40,45,1.0,1,65_45_40_1000_1,True,0.290343,1.369087,0.2903609986666667,True,True,True
65,40,90,0.5,0,65_90_40_500_0,True,0.289900332,1.590838332,0.29,True,True,True
65,40,90,0.5,1,65_90_40_500_1,True,0.289755048,2.419864048,0.28983333333333333,True,True,True
65,40,90,1.0,0,65_90_40_1000_0,True,0.299033809,2.438543809,0.2991666666666667,True,True,True
65,40,90,1.0,1,65_90_40_1000_1,True,0.309726,2.440592,0.30985556933333336,True,True,True
65,40,135,0.5,0,65_135_40_500_0,True,0.31002021,2.43062721,0.31016666666666665,True,True,True
65,40,135,0.5,1,65_135_40_500_1,True,0.310521468,2.429800468,0.31066666666666665,True,True,True
65,40,135,1.0,0,65_135_40_1000_0,True,0.299596,1.700113,0.2997122546666667,True,True,True
65,40,135,1.0,1,65_135_40_1000_1,True,0.309521287,2.419666287,0.30966666666666665,True,True,True
65,40,180,0.5,0,65_180_40_500_0,True,0.930371,2.418783,0.9304733603333334,True,True,True
65,40,180,0.5,1,65_180_40_500_1,True,0.289547152,2.419650152,0.2896666666666667,True,True,True
65,40,180,1.0,0,65_180_40_1000_0,True,0.640608,2.420505,0.6406134019999999,True,True,True
65,40,180,1.0,1,65_180_40_1000_1,True,0.959552527,2.420916527,0.9596666666666667,True,True,True
65,40,225,0.5,0,65_225_40_500_0,True,0.830570413,2.391365413,0.8306666666666667,True,True,True
65,40,225,0.5,1,65_225_40_500_1,True,0.300794,2.4203389999999994,0.30093574933333334,True,True,True
65,40,225,1.0,0,65_225_40_1000_0,True,0.291001152,2.4094281519999994,0.2911666666666667,True,True,True
65,40,225,1.0,1,65_225_40_1000_1,True,0.300467141,2.419075141,0.3005,True,True,True
65,40,270,0.5,0,65_270_40_500_0,True,1.390100014,2.439387014,1.3901666666666668,True,True,True
65,40,270,0.5,1,65_270_40_500_1,True,0.279732,1.4796940000000003,0.2798889093333333,True,True,True
65,40,270,1.0,0,65_270_40_1000_0,True,1.100662473,2.419550473,1.1006666666666667,True,True,True
65,40,270,1.0,1,65_270_40_1000_1,True,0.289591231,2.179879231,0.2896666666666667,True,True,True
65,40,315,0.5,0,65_315_40_500_0,True,0.290484,2.420905,0.290553758,True,True,True
65,40,315,0.5,1,65_315_40_500_1,True,0.308931685,2.420445685,0.309,True,True,True
65,40,315,1.0,0,65_315_40_1000_0,True,0.310073469,2.411101469,0.31016666666666665,True,True,True
65,40,315,1.0,1,65_315_40_1000_1,True,0.280042,2.41097,0.280047076,True,True,True
65,60,0,0.5,0,65_0_60_500_0,True,0.319814766,1.689810766,0.31983333333333336,True,True,True
65,60,0,0.5,1,65_0_60_500_1,True,0.319581042,1.670555042,0.31966666666666665,True,True,True
65,60,0,1.0,0,65_0_60_1000_0,True,0.300141652,1.539202652,0.3001666666666667,True,True,True
65,60,0,1.0,1,65_0_60_1000_1,True,0.299344,1.660046,0.29940406833333333,True,True,True
65,60,45,0.5,0,65_45_60_500_0,True,0.28999,1.661273,0.290086688,True,True,True
65,60,45,0.5,1,65_45_60_500_1,True,0.290003846,1.669163846,0.2901666666666667,True,True,True
65,60,45,1.0,0,65_45_60_1000_0,True,0.310451799,1.669766799,0.3105,True,True,True
65,60,45,1.0,1,65_45_60_1000_1,True,0.308986,1.65072,0.309042669,True,True,True
65,60,90,0.5,0,65_90_60_500_0,True,0.709807,1.609413,0.7099420563333333,True,True,False
65,60,90,0.5,1,65_90_60_500_1,True,0.368987,1.690661,0.369051376,True,True,True
65,60,90,1.0,0,65_90_60_1000_0,True,0.318616607,1.690059607,0.31866666666666665,True,True,True
65,60,90,1.0,1,65_90_60_1000_1,True,0.320324,1.670753,0.32043213833333334,True,True,True
65,60,135,0.5,0,65_135_60_500_0,True,0.319256,1.669147,0.31937446733333336,True,True,True
65,60,135,0.5,1,65_135_60_500_1,True,0.309639046,1.690645046,0.30966666666666665,True,True,True
65,60,135,1.0,0,65_135_60_1000_0,True,0.329379715,1.680541715,0.3295,True,True,True
65,60,135,1.0,1,65_135_60_1000_1,True,0.320379,1.68042,0.3204389183333334,True,True,True
65,60,180,0.5,0,65_180_60_500_0,True,0.299955,1.210039,0.300034138,True,True,False
65,60,180,0.5,1,65_180_60_500_1,True,0.309763,1.670519,0.30989181033333335,True,True,True
65,60,180,1.0,0,65_180_60_1000_0,True,0.300292,1.66084,0.30044919433333334,True,True,True
65,60,180,1.0,1,65_180_60_1000_1,True,0.309563,1.669847,0.30968429666666664,True,True,True
65,60,225,0.5,0,65_225_60_500_0,True,0.290072223,1.661160223,0.2901666666666667,True,True,True
65,60,225,0.5,1,65_225_60_500_1,True,0.300703,1.650363,0.3008259066666667,True,True,True
65,60,225,1.0,0,65_225_60_1000_0,True,0.309087,1.6791209999999999,0.30917318166666663,True,True,True
65,60,225,1.0,1,65_225_60_1000_1,True,0.320131095,1.689742095,0.32016666666666665,True,True,True
65,60,270,0.5,0,65_270_60_500_0,True,0.290482725,1.680985725,0.2905,True,True,True
65,60,270,0.5,1,65_270_60_500_1,True,0.389464,1.661052,0.38953818500000004,True,True,True
65,60,270,1.0,0,65_270_60_1000_0,True,0.40067687,1.66041987,0.4008333333333333,True,True,True
65,60,270,1.0,1,65_270_60_1000_1,True,0.299135343,1.680282343,0.2991666666666667,True,True,True
65,60,315,0.5,0,65_315_60_500_0,True,0.310064424,1.6713434240000002,0.31016666666666665,True,True,True
65,60,315,0.5,1,65_315_60_500_1,True,0.308696988,1.659102988,0.30883333333333335,True,True,True
65,60,315,1.0,0,65_315_60_1000_0,True,0.310169,1.679861,0.3102106846666666,True,True,True
65,60,315,1.0,1,65_315_60_1000_1,True,0.500762387,1.670401387,0.5008333333333334,True,True,True
74,20,0,0.5,0,74_0_20_500_0,True,0.280724,4.690782,0.28076434666666666,True,True,True
74,20,0,0.5,1,74_0_20_500_1,True,0.4002,4.699268,0.40035022433333334,True,True,True
74,20,0,1.0,0,74_0_20_1000_0,True,0.300525111,3.4395471109999995,0.3006666666666667,True,True,True
74,20,0,1.0,1,74_0_20_1000_1,True,1.55092,4.699444,1.551025392,True,True,True
74,20,45,0.5,0,74_45_20_500_0,True,1.160550468,4.669301468,1.1606666666666667,True,True,True
74,20,45,0.5,1,74_45_20_500_1,True,0.299839,3.409873,0.29985894333333335,True,True,True
74,20,45,1.0,0,74_45_20_1000_0,True,1.369899,4.670632,1.3699371663333333,True,True,True
74,20,45,1.0,1,74_45_20_1000_1,True,0.300566336,4.669476336,0.3006666666666667,True,True,True
74,20,90,0.5,0,74_90_20_500_0,True,0.270729,4.680714,0.27088317533333334,True,True,True
74,20,90,0.5,1,74_90_20_500_1,True,0.300345724,3.219466724,0.3005,True,True,True
74,20,90,1.0,0,74_90_20_1000_0,True,0.279087831,2.751117831,0.2791666666666667,True,True,True
74,20,90,1.0,1,74_90_20_1000_1,True,0.280378858,3.530684858,0.2805,True,True,True
74,20,135,0.5,0,74_135_20_500_0,True,0.299852,4.688962999999999,0.2999434203333333,True,True,True
74,20,135,0.5,1,74_135_20_500_1,True,1.989409305,4.680547305,1.9895,True,True,True
74,20,135,1.0,0,74_135_20_1000_0,True,0.300028597,4.690437597,0.3001666666666667,True,True,True
74,20,135,1.0,1,74_135_20_1000_1,True,0.709599615,4.690628615,0.7096666666666667,True,True,True
74,20,180,0.5,0,74_180_20_500_0,True,0.579049,4.700844,0.579095521,True,True,True
74,20,180,0.5,1,74_180_20_500_1,True,0.301095384,4.708948384,0.3011666666666667,True,True,True
74,20,180,1.0,0,74_180_20_1000_0,True,0.300073835,4.029857835,0.3001666666666667,True,True,True
74,20,180,1.0,1,74_180_20_1000_1,True,2.220675,4.709875,2.2206947886666666,True,True,True
74,20,225,0.5,0,74_225_20_500_0,True,1.290499,3.819501,1.290571829,True,True,True
74,20,225,0.5,1,74_225_20_500_1,True,0.28967028,4.67886128,0.28983333333333333,True,True,True
74,20,225,1.0,0,74_225_20_1000_0,True,0.300654,4.689957,0.3007722586666667,True,True,True
74,20,225,1.0,1,74_225_20_1000_1,True,0.579308,4.660372,0.5794158523333334,True,True,True
74,20,270,0.5,0,74_270_20_500_0,True,0.299213,4.699472,0.29927981566666667,True,True,True
74,20,270,0.5,1,74_270_20_500_1,True,1.229467,4.698943,1.2295256300000001,True,True,True
74,20,270,1.0,0,74_270_20_1000_0,True,0.290438627,4.701107627,0.2905,True,True,True
74,20,270,1.0,1,74_270_20_1000_1,True,0.279554,3.369922,0.2796823176666667,True,True,True
74,20,315,0.5,0,74_315_20_500_0,True,0.280913414,2.009140414,0.281,True,True,True
74,20,315,0.5,1,74_315_20_500_1,True,0.290046,4.669328,0.29005161199999996,True,True,True
74,20,315,1.0,0,74_315_20_1000_0,True,0.288997541,4.668845541,0.289,True,True,True
74,20,315,1.0,1,74_315_20_1000_1,True,0.290729,4.670678,0.2908469343333333,True,True,True
74,40,0,0.5,0,74_0_40_500_0,True,0.28945298,2.40980298,0.2895,True,True,True
74,40,0,0.5,1,74_0_40_500_1,True,0.289773281,2.420252281,0.28983333333333333,True,True,True
74,40,0,1.0,0,74_0_40_1000_0,True,0.950311231,2.419137231,0.9503333333333334,True,True,True
74,40,0,1.0,1,74_0_40_1000_1,True,0.510329731,2.409433731,0.5103333333333333,True,True,True
74,40,45,0.5,0,74_45_40_500_0,True,0.309418,2.430529,0.309515703,True,True,True
74,40,45,0.5,1,74_45_40_500_1,True,0.310663786,2.430824786,0.31066666666666665,True,True,True
74,40,45,1.0,0,74_45_40_1000_0,True,0.31108,2.501014,0.31120319266666663,True,True,True
74,40,45,1.0,1,74_45_40_1000_1,True,0.321453,2.410874,0.321553067,True,True,True
74,40,90,0.5,0,74_90_40_500_0,True,0.310637616,2.420159616,0.31066666666666665,True,True,True
74,40,90,0.5,1,74_90_40_500_1,True,0.289594233,2.410941233,0.2896666666666667,True,True,True
74,40,90,1.0,0,74_90_40_1000_0,True,0.30886765,2.43844165,0.309,True,True,True
74,40,90,1.0,1,74_90_40_1000_1,True,0.311084298,2.179075298,0.31116666666666665,True,True,True
74,40,135,0.5,0,74_135_40_500_0,True,0.300978,2.41973,0.3010412823333333,True,True,True
74,40,135,0.5,1,74_135_40_500_1,True,0.290287412,2.409272412,0.29033333333333333,True,True,True
74,40,135,1.0,0,74_135_40_1000_0,True,0.300941889,2.419553889,0.301,True,True,True
74,40,135,1.0,1,74_135_40_1000_1,True,0.300098,1.419613,0.3002594586666667,True,True,True
74,40,180,0.5,0,74_180_40_500_0,True,0.310324024,2.438912024,0.31033333333333335,True,True,True
74,40,180,0.5,1,74_180_40_500_1,True,1.050151,2.440118,1.0503011196666667,True,True,True
74,40,180,1.0,0,74_180_40_1000_0,True,0.320533415,2.429715415,0.32066666666666666,True,True,True
74,40,180,1.0,1,74_180_40_1000_1,True,0.30894091,2.19057091,0.309,True,True,True
74,40,225,0.5,0,74_225_40_500_0,True,0.30973041,2.4190624100000004,0.30983333333333335,True,True,True
74,40,225,0.5,1,74_225_40_500_1,True,0.3599709,1.6298459,0.36,True,True,True
74,40,225,1.0,0,74_225_40_1000_0,True,0.319093,2.439538,0.31922981066666667,True,True,True
74,40,225,1.0,1,74_225_40_1000_1,True,0.309653197,2.430210197,0.30966666666666665,True,True,True
74,40,270,0.5,0,74_270_40_500_0,True,0.299792,2.439018,0.29988492033333336,True,True,True
74,40,270,0.5,1,74_270_40_500_1,True,0.2905,2.409052,0.29058086,True,True,True
74,40,270,1.0,0,74_270_40_1000_0,True,0.28972489,2.42036889,0.28983333333333333,True,True,True
74,40,270,1.0,1,74_270_40_1000_1,True,0.290037,2.409912,0.29019648966666667,True,True,True
74,40,315,0.5,0,74_315_40_500_0,True,0.29952,2.4201370000000004,0.299578178,True,True,True
74,40,315,0.5,1,74_315_40_500_1,True,0.30989,2.419778,0.3099267623333333,True,True,True
74,40,315,1.0,0,74_315_40_1000_0,True,0.289528,2.4098229999999994,0.289561596,True,True,True
74,40,315,1.0,1,74_315_40_1000_1,True,0.280249505,1.851143505,0.2803333333333333,True,True,True
74,60,0,0.5,0,74_0_60_500_0,True,0.320418,1.4195770000000003,0.320511458,True,True,True
74,60,0,0.5,1,74_0_60_500_1,True,0.300194355,1.6604293549999998,0.30033333333333334,True,True,True
74,60,0,1.0,0,74_0_60_1000_0,True,0.309024622,1.6900736219999999,0.30916666666666665,True,True,True
74,60,0,1.0,1,74_0_60_1000_1,True,0.311055,1.680683,0.31119031066666664,True,True,True
74,60,45,0.5,0,74_45_60_500_0,True,0.319204368,1.680512368,0.31933333333333336,True,True,True
74,60,45,0.5,1,74_45_60_500_1,True,0.298676177,1.668841177,0.29883333333333334,True,True,True
74,60,45,1.0,0,74_45_60_1000_0,True,0.310631038,1.669041038,0.31066666666666665,True,True,True
74,60,45,1.0,1,74_45_60_1000_1,True,0.319601,1.680053,0.31969046966666664,True,True,True
74,60,90,0.5,0,74_90_60_500_0,True,0.321002,1.679961,0.32110423666666665,True,True,True
74,60,90,0.5,1,74_90_60_500_1,True,0.31075868,1.68054768,0.31083333333333335,True,True,True
74,60,90,1.0,0,74_90_60_1000_0,True,0.319241154,1.689856154,0.31933333333333336,True,True,True
74,60,90,1.0,1,74_90_60_1000_1,True,0.30958,1.679464,0.30971366266666667,True,True,True
74,60,135,0.5,0,74_135_60_500_0,True,0.320445572,1.410057572,0.3205,True,True,True
74,60,135,0.5,1,74_135_60_500_1,True,0.920207,1.64993,0.9203416643333333,True,True,False
74,60,135,1.0,0,74_135_60_1000_0,True,0.310727,1.659224,0.3107296073333333,True,True,True
74,60,135,1.0,1,74_135_60_1000_1,True,0.299447911,1.659402911,0.2995,True,True,True
74,60,180,0.5,0,74_180_60_500_0,True,0.330502875,1.690182875,0.33066666666666666,True,True,True
74,60,180,0.5,1,74_180_60_500_1,True,0.590001,1.680842,0.590011588,True,True,True
74,60,180,1.0,0,74_180_60_1000_0,True,0.298711,1.660083,0.2988681163333333,True,True,True
74,60,180,1.0,1,74_180_60_1000_1,True,0.310016,1.670247,0.31018065866666666,True,True,True
74,60,225,0.5,0,74_225_60_500_0,True,0.33002423,1.69942023,0.33016666666666666,True,True,True
74,60,225,0.5,1,74_225_60_500_1,True,0.309488824,1.679611824,0.3095,True,True,True
74,60,225,1.0,0,74_225_60_1000_0,True,0.320396902,1.689151902,0.3205,True,True,True
74,60,225,1.0,1,74_225_60_1000_1,True,0.32056,1.680365,0.3207176076666667,True,True,True
74,60,270,0.5,0,74_270_60_500_0,True,0.309305,1.67023,0.3094713763333333,True,True,True
74,60,270,0.5,1,74_270_60_500_1,True,0.320514045,1.6913790449999997,0.32066666666666666,True,True,True
74,60,270,1.0,0,74_270_60_1000_0,True,0.309865,1.680618,0.30990018333333336,True,True,True
74,60,270,1.0,1,74_270_60_1000_1,True,0.309582,1.680009,0.30962406,True,True,True
74,60,315,0.5,0,74_315_60_500_0,True,0.309822,1.690049,0.30984743733333336,True,True,True
74,60,315,0.5,1,74_315_60_500_1,True,0.309651719,1.6702087190000001,0.30966666666666665,True,True,True
74,60,315,1.0,0,74_315_60_1000_0,True,0.308906,1.670518,0.3089230233333333,True,True,True
74,60,315,1.0,1,74_315_60_1000_1,True,0.309461859,1.670058859,0.3095,True,True,True
79,20,0,0.5,0,79_0_20_500_0,True,0.290570109,4.709762109,0.2906666666666667,True,True,True
79,20,0,0.5,1,79_0_20_500_1,True,0.539562,4.700359,0.5397076126666667,True,True,True
79,20,0,1.0,0,79_0_20_1000_0,True,1.140644,4.7003,1.1407116706666667,True,True,True
79,20,0,1.0,1,79_0_20_1000_1,True,0.29975,4.699065,0.29984070533333335,True,True,True
79,20,45,0.5,0,79_45_20_500_0,True,0.330427,4.690142,0.3304449393333333,True,True,True
79,20,45,0.5,1,79_45_20_500_1,True,0.729501357,3.129910357,0.7296666666666667,True,True,True
79,20,45,1.0,0,79_45_20_1000_0,True,0.309338298,4.670023298,0.3095,True,True,True
79,20,45,1.0,1,79_45_20_1000_1,True,0.290297951,4.660046951,0.29033333333333333,True,True,True
79,20,90,0.5,0,79_90_20_500_0,True,0.278934893,4.690619893,0.279,True,True,True
79,20,90,0.5,1,79_90_20_500_1,True,1.769305,4.700388,1.7694108073333334,True,True,True
79,20,90,1.0,0,79_90_20_1000_0,True,0.289232477,4.709540477,0.28933333333333333,True,True,True
79,20,90,1.0,1,79_90_20_1000_1,True,1.720733,4.689572,1.7208780013333334,True,True,True
79,20,135,0.5,0,79_135_20_500_0,True,0.899825,4.649416,0.8998732273333334,True,True,True
79,20,135,0.5,1,79_135_20_500_1,True,0.280000027,3.120471027,0.2801666666666667,True,True,True
79,20,135,1.0,0,79_135_20_1000_0,True,0.280568691,2.549192691,0.2806666666666667,True,True,True
79,20,135,1.0,1,79_135_20_1000_1,True,0.280557,4.660438,0.280581811,True,True,True
79,20,180,0.5,0,79_180_20_500_0,True,1.760639,4.689414,1.7606743226666666,True,True,True
79,20,180,0.5,1,79_180_20_500_1,True,0.29002,4.688928,0.29017265966666667,True,True,True
79,20,180,1.0,0,79_180_20_1000_0,True,0.279071842,4.680125842000001,0.2791666666666667,True,True,True
79,20,180,1.0,1,79_180_20_1000_1,True,0.299406146,4.759650146,0.2995,True,True,True
79,20,225,0.5,0,79_225_20_500_0,True,0.320614,4.699917,0.32077594966666667,True,True,True
79,20,225,0.5,1,79_225_20_500_1,True,0.28106131,4.07963831,0.2811666666666667,True,True,True
79,20,225,1.0,0,79_225_20_1000_0,True,0.269112,4.659712,0.2691932046666667,True,True,True
79,20,225,1.0,1,79_225_20_1000_1,True,0.280695321,4.670046321,0.2808333333333333,True,True,True
79,20,270,0.5,0,79_270_20_500_0,True,0.288900095,4.689424095,0.289,True,True,True
79,20,270,0.5,1,79_270_20_500_1,True,0.279925593,4.699494593,0.28,True,True,True
79,20,270,1.0,0,79_270_20_1000_0,True,1.399419,4.690385,1.399537097,True,True,True
79,20,270,1.0,1,79_270_20_1000_1,True,0.280102106,2.500551106,0.2801666666666667,True,True,True
79,20,315,0.5,0,79_315_20_500_0,True,0.289509851,4.660333851,0.2896666666666667,True,True,True
79,20,315,0.5,1,79_315_20_500_1,True,0.289794,4.669245,0.28984345533333333,True,True,True
79,20,315,1.0,0,79_315_20_1000_0,True,2.061313576,4.649648576,2.0613333333333332,True,True,True
79,20,315,1.0,1,79_315_20_1000_1,True,0.279561095,4.669881095,0.2796666666666667,True,True,True
79,40,0,0.5,0,79_0_40_500_0,True,0.309427,1.7807109999999997,0.30946271633333333,True,True,True
79,40,0,0.5,1,79_0_40_500_1,True,0.299001822,2.410076822,0.2991666666666667,True,True,True
79,40,0,1.0,0,79_0_40_1000_0,True,0.288596,2.419384,0.288732473,True,True,True
79,40,0,1.0,1,79_0_40_1000_1,True,0.299071,2.430649,0.29921417466666667,True,True,True
79,40,45,0.5,0,79_45_40_500_0,True,0.280442145,2.399976145,0.2805,True,True,True
79,40,45,0.5,1,79_45_40_500_1,True,0.270391,2.398764,0.270421911,True,True,True
79,40,45,1.0,0,79_45_40_1000_0,True,0.269907,2.390089,0.27002553700000004,True,True,True
79,40,45,1.0,1,79_45_40_1000_1,True,0.279265,2.400559,0.2793713503333333,True,True,True
79,40,90,0.5,0,79_90_40_500_0,True,0.309358,2.439564,0.30941821733333336,True,True,True
79,40,90,0.5,1,79_90_40_500_1,True,0.309571,2.430718,0.3096947096666666,True,True,True
79,40,90,1.0,0,79_90_40_1000_0,True,0.309969,2.430295,0.310115634,True,True,True
79,40,90,1.0,1,79_90_40_1000_1,True,0.299503,2.429769,0.299554122,True,True,True
79,40,135,0.5,0,79_135_40_500_0,True,0.299456949,2.399847949,0.2995,True,True,True
79,40,135,0.5,1,79_135_40_500_1,True,0.308974014,2.410565014,0.309,True,True,True
79,40,135,1.0,0,79_135_40_1000_0,True,0.329504,2.42958,0.32959544,True,True,True
79,40,135,1.0,1,79_135_40_1000_1,True,0.36003998,2.41976398,0.3601666666666667,True,True,True
79,40,180,0.5,0,79_180_40_500_0,True,0.280500346,2.399438346,0.2806666666666667,True,True,True
79,40,180,0.5,1,79_180_40_500_1,True,0.299237,2.420974,0.2992451886666667,True,True,True
79,40,180,1.0,0,79_180_40_1000_0,True,0.32042595,2.43076895,0.3205,True,True,True
79,40,180,1.0,1,79_180_40_1000_1,True,0.290084,2.4205750000000004,0.290184059,True,True,True
79,40,225,0.5,0,79_225_40_500_0,True,0.279704675,2.400444675,0.2798333333333333,True,True,True
79,40,225,0.5,1,79_225_40_500_1,True,0.489075,2.410466,0.4891966586666667,True,True,True
79,40,225,1.0,0,79_225_40_1000_0,True,0.299105518,2.410600518,0.2991666666666667,True,True,True
79,40,225,1.0,1,79_225_40_1000_1,True,0.379635526,2.419917526,0.37966666666666665,True,True,True
79,40,270,0.5,0,79_270_40_500_0,True,0.309058037,2.4204460369999996,0.30916666666666665,True,True,True
79,40,270,0.5,1,79_270_40_500_1,True,1.198717,2.069672,1.1988736593333333,True,True,False
79,40,270,1.0,0,79_270_40_1000_0,True,0.290491606,2.4084486059999994,0.2905,True,True,True
79,40,270,1.0,1,79_270_40_1000_1,True,0.300822,2.420301,0.3008669093333333,True,True,True
79,40,315,0.5,0,79_315_40_500_0,True,0.290293,2.42018,0.29042101233333334,True,True,True
79,40,315,0.5,1,79_315_40_500_1,True,0.299934,1.729526,0.30004671633333335,True,True,True
79,40,315,1.0,0,79_315_40_1000_0,True,0.299752,2.4186249999999996,0.2998056286666667,True,True,True
79,40,315,1.0,1,79_315_40_1000_1,True,0.280633744,2.400645744,0.2806666666666667,True,True,True
79,60,0,0.5,0,79_0_60_500_0,True,0.310608257,1.679078257,0.31066666666666665,True,True,True
79,60,0,0.5,1,79_0_60_500_1,True,0.309706625,1.679498625,0.30983333333333335,True,True,True
79,60,0,1.0,0,79_0_60_1000_0,True,0.309544,1.66945,0.30959742,True,True,True
79,60,0,1.0,1,79_0_60_1000_1,True,0.351023,1.729844,0.351026283,True,True,True
79,60,45,0.5,0,79_45_60_500_0,True,0.299332866,1.671042866,0.29933333333333334,True,True,True
79,60,45,0.5,1,79_45_60_500_1,True,0.310146,1.669365,0.3102191756666666,True,True,True
79,60,45,1.0,0,79_45_60_1000_0,True,0.341046642,1.699088642,0.3411666666666667,True,True,True
79,60,45,1.0,1,79_45_60_1000_1,True,0.319604332,1.669498332,0.31966666666666665,True,True,True
79,60,90,0.5,0,79_90_60_500_0,True,0.320057982,1.690253982,0.32016666666666665,True,True,True
79,60,90,0.5,1,79_90_60_500_1,True,0.310359,1.659489,0.31036379133333336,True,True,True
79,60,90,1.0,0,79_90_60_1000_0,True,0.309898,1.670198,0.30992216133333333,True,True,True
79,60,90,1.0,1,79_90_60_1000_1,True,0.310568386,1.689910386,0.31066666666666665,True,True,True
79,60,135,0.5,0,79_135_60_500_0,True,0.308972189,1.669717189,0.309,True,True,True
79,60,135,0.5,1,79_135_60_500_1,True,0.299051,1.559023,0.2992153766666667,True,True,True
79,60,135,1.0,0,79_135_60_1000_0,True,0.290094232,1.659466232,0.2901666666666667,True,True,True
79,60,135,1.0,1,79_135_60_1000_1,True,0.31027829,1.67020529,0.31033333333333335,True,True,True
79,60,180,0.5,0,79_180_60_500_0,True,0.289775,1.669927,0.28993348933333335,True,True,True
79,60,180,0.5,1,79_180_60_500_1,True,0.320269,1.690071,0.32034667033333336,True,True,True
79,60,180,1.0,0,79_180_60_1000_0,True,0.289889,1.669008,0.28993696333333335,True,True,True
79,60,180,1.0,1,79_180_60_1000_1,True,0.310898,1.680364,0.311026737,True,True,True
79,60,225,0.5,0,79_225_60_500_0,True,0.390488,1.680012,0.390553766,True,True,True
79,60,225,0.5,1,79_225_60_500_1,True,0.290229055,1.649556055,0.29033333333333333,True,True,True
79,60,225,1.0,0,79_225_60_1000_0,True,0.318762,1.691118,0.31889686333333334,True,True,True
79,60,225,1.0,1,79_225_60_1000_1,True,0.940576,1.680018,0.9407028876666667,True,True,False
79,60,270,0.5,0,79_270_60_500_0,True,0.309409159,1.6596271589999998,0.3095,True,True,True
79,60,270,0.5,1,79_270_60_500_1,True,0.829912778,1.680910778,0.83,True,True,False
79,60,270,1.0,0,79_270_60_1000_0,True,0.309649,1.679048,0.30968279666666665,True,True,True
79,60,270,1.0,1,79_270_60_1000_1,True,0.309576946,1.670608946,0.30966666666666665,True,True,True
79,60,315,0.5,0,79_315_60_500_0,True,0.309895,1.668767,0.30990155533333336,True,True,True
79,60,315,0.5,1,79_315_60_500_1,True,0.310009906,1.670345906,0.31016666666666665,True,True,True
79,60,315,1.0,0,79_315_60_1000_0,True,0.290465,1.659485,0.290552818,True,True,True
79,60,315,1.0,1,79_315_60_1000_1,True,0.310515,1.6603980000000003,0.31068077766666663,True,True,True
82,20,0,0.5,0,82_0_20_500_0,True,0.300265,4.6899619999999995,0.3004028613333333,True,True,True
82,20,0,0.5,1,82_0_20_500_1,True,0.289403,4.701103,0.289557374,True,True,True
82,20,0,1.0,0,82_0_20_1000_0,True,2.429848,4.700817,2.4298559613333333,True,True,True
82,20,0,1.0,1,82_0_20_1000_1,True,0.280659,4.510144,0.28072309866666667,True,True,True
82,20,45,0.5,0,82_45_20_500_0,True,0.299905,2.610272,0.300021347,True,True,True
82,20,45,0.5,1,82_45_20_500_1,True,0.299074,3.148926,0.299104799,True,True,True
82,20,45,1.0,0,82_45_20_1000_0,True,0.290333765,3.740113765,0.2905,True,True,True
82,20,45,1.0,1,82_45_20_1000_1,True,1.199839,4.659923,1.1998981193333333,True,True,True
82,20,90,0.5,0,82_90_20_500_0,True,0.270984205,3.989779205,0.271,True,True,True
82,20,90,0.5,1,82_90_20_500_1,True,0.290602049,2.769639049,0.2906666666666667,True,True,True
82,20,90,1.0,0,82_90_20_1000_0,True,0.26963847,4.66086347,0.26966666666666667,True,True,True
82,20,90,1.0,1,82_90_20_1000_1,True,0.271209,4.680554,0.2712519446666667,True,True,True
82,20,135,0.5,0,82_135_20_500_0,True,2.060224,4.680505,2.0603803463333334,True,True,True
82,20,135,0.5,1,82_135_20_500_1,True,0.300398,4.661149,0.30041689633333335,True,True,True
82,20,135,1.0,0,82_135_20_1000_0,True,0.300680653,3.290090653,0.30083333333333334,True,True,True
82,20,135,1.0,1,82_135_20_1000_1,True,0.289351898,4.670472898,0.2895,True,True,True
82,20,180,0.5,0,82_180_20_500_0,True,0.310661776,4.620285776,0.31066666666666665,True,True,True
82,20,180,0.5,1,82_180_20_500_1,True,1.360287102,3.030415102,1.3603333333333334,True,True,True
82,20,180,1.0,0,82_180_20_1000_0,True,0.299706136,4.699313136,0.29983333333333334,True,True,True
82,20,180,1.0,1,82_180_20_1000_1,True,0.299510898,4.710533898,0.2996666666666667,True,True,True
82,20,225,0.5,0,82_225_20_500_0,True,0.290763115,4.659515115,0.29083333333333333,True,True,True
82,20,225,0.5,1,82_225_20_500_1,True,0.288957558,4.678950558,0.289,True,True,True
82,20,225,1.0,0,82_225_20_1000_0,True,1.150971,4.65137,1.151043993,True,True,True
82,20,225,1.0,1,82_225_20_1000_1,True,0.300604,2.259404,0.3007687776666667,True,True,True
82,20,270,0.5,0,82_270_20_500_0,True,0.27980909,4.69064609,0.2798333333333333,True,True,True
82,20,270,0.5,1,82_270_20_500_1,True,2.528685593,4.719756593,2.5288333333333335,True,True,True
82,20,270,1.0,0,82_270_20_1000_0,True,0.278922389,4.688924389,0.279,True,True,True
82,20,270,1.0,1,82_270_20_1000_1,True,1.819781846,4.699801846,1.8198333333333334,True,True,True
82,20,315,0.5,0,82_315_20_500_0,True,0.290039,4.670862,0.2900866046666667,True,True,True
82,20,315,0.5,1,82_315_20_500_1,True,1.060363,4.670382,1.060522753,True,True,True
82,20,315,1.0,0,82_315_20_1000_0,True,0.288938,4.659594,0.289085538,True,True,True
82,20,315,1.0,1,82_315_20_1000_1,True,0.300838,4.669488,0.3009032973333333,True,True,True
82,40,0,0.5,0,82_0_40_500_0,True,0.279592881,2.399619881,0.2796666666666667,True,True,True
82,40,0,0.5,1,82_0_40_500_1,True,0.280106,2.410815,0.28020223866666666,True,True,True
82,40,0,1.0,0,82_0_40_1000_0,True,0.290467,2.418871,0.29054460099999996,True,True,True
82,40,0,1.0,1,82_0_40_1000_1,True,0.300522,2.420177,0.3006870826666667,True,True,True
82,40,45,0.5,0,82_45_40_500_0,True,0.299616,2.410765,0.2997791476666667,True,True,True
82,40,45,0.5,1,82_45_40_500_1,True,0.279634142,2.399517142,0.2796666666666667,True,True,True
82,40,45,1.0,0,82_45_40_1000_0,True,0.289171,2.22054,0.28918130966666666,True,True,True
82,40,45,1.0,1,82_45_40_1000_1,True,0.290830303,2.409464303,0.29083333333333333,True,True,True
82,40,90,0.5,0,82_90_40_500_0,True,0.309996,2.42987,0.310039566,True,True,True
82,40,90,0.5,1,82_90_40_500_1,True,0.679413,2.419756,0.6795261416666667,True,True,True
82,40,90,1.0,0,82_90_40_1000_0,True,0.310273321,1.389565321,0.31033333333333335,True,True,True
82,40,90,1.0,1,82_90_40_1000_1,True,0.290506391,2.419585391,0.2906666666666667,True,True,True
82,40,135,0.5,0,82_135_40_500_0,True,0.290342891,2.421001891,0.2905,True,True,True
82,40,135,0.5,1,82_135_40_500_1,True,0.3089,2.429332,0.309053086,True,True,True
82,40,135,1.0,0,82_135_40_1000_0,True,0.310724992,2.430054992,0.31083333333333335,True,True,True
82,40,135,1.0,1,82_135_40_1000_1,True,0.289362,1.4107030000000003,0.2893721636666667,True,True,True
82,40,180,0.5,0,82_180_40_500_0,True,0.279685311,2.409975311,0.2798333333333333,True,True,True
82,40,180,0.5,1,82_180_40_500_1,True,1.121002,2.469756,1.121132541,True,True,True
82,40,180,1.0,0,82_180_40_1000_0,True,0.290504892,2.420186892,0.2906666666666667,True,True,True
82,40,180,1.0,1,82_180_40_1000_1,True,0.299715,2.430988,0.29983464633333334,True,True,True
82,40,225,0.5,0,82_225_40_500_0,True,0.319026,1.86907,0.31916666666666665,True,True,True
82,40,225,0.5,1,82_225_40_500_1,True,0.289235,2.421323,0.28939071299999997,True,True,True
82,40,225,1.0,0,82_225_40_1000_0,True,0.29982064,2.41091064,0.29983333333333334,True,True,True
82,40,225,1.0,1,82_225_40_1000_1,True,0.300451,2.4184079999999994,0.300495845,True,True,True
82,40,270,0.5,0,82_270_40_500_0,True,0.309104356,2.408712356,0.30916666666666665,True,True,True
82,40,270,0.5,1,82_270_40_500_1,True,0.298328,2.428815,0.2983447426666667,True,True,True
82,40,270,1.0,0,82_270_40_1000_0,True,0.289452799,2.420074799,0.2895,True,True,True
82,40,270,1.0,1,82_270_40_1000_1,True,0.28946864,2.41868264,0.2895,True,True,True
82,40,315,0.5,0,82_315_40_500_0,True,0.550628,2.428964,0.550677971,True,True,True
82,40,315,0.5,1,82_315_40_500_1,True,0.3004,2.4212619999999996,0.300510769,True,True,True
82,40,315,1.0,0,82_315_40_1000_0,True,0.281115564,2.399582564,0.2811666666666667,True,True,True
82,40,315,1.0,1,82_315_40_1000_1,True,0.289234,2.410402,0.2893969063333333,True,True,True
82,60,0,0.5,0,82_0_60_500_0,True,0.350548,1.718847,0.35067666766666666,True,True,True
82,60,0,0.5,1,82_0_60_500_1,True,0.310306805,1.669461805,0.31033333333333335,True,True,True
82,60,0,1.0,0,82_0_60_1000_0,True,0.30944,1.690174,0.309543215,True,True,True
82,60,0,1.0,1,82_0_60_1000_1,True,0.350368,1.749522,0.35052365199999996,True,True,True
82,60,45,0.5,0,82_45_60_500_0,True,0.310115,1.669772,0.3102605316666667,True,True,True
82,60,45,0.5,1,82_45_60_500_1,True,0.300365383,1.659437383,0.3005,True,True,True
82,60,45,1.0,0,82_45_60_1000_0,True,0.299256,1.669148,0.2993386426666667,True,True,True
82,60,45,1.0,1,82_45_60_1000_1,True,0.31055,1.680475,0.310623451,True,True,True
82,60,90,0.5,0,82_90_60_500_0,True,0.310407424,1.671065424,0.3105,True,True,True
82,60,90,0.5,1,82_90_60_500_1,True,0.320036,1.698767,0.320091475,True,True,True
82,60,90,1.0,0,82_90_60_1000_0,True,0.318703,1.680504,0.31884336566666666,True,True,True
82,60,90,1.0,1,82_90_60_1000_1,True,0.319197755,1.680660755,0.31933333333333336,True,True,True
82,60,135,0.5,0,82_135_60_500_0,True,0.319262,1.690375,0.31937773933333335,True,True,True
82,60,135,0.5,1,82_135_60_500_1,True,0.339152,1.750963,0.3391831826666667,True,True,True
82,60,135,1.0,0,82_135_60_1000_0,True,0.299457,1.6699799999999998,0.29946931033333335,True,True,True
82,60,135,1.0,1,82_135_60_1000_1,True,0.459764,1.680115,0.4598986293333333,True,True,True
82,60,180,0.5,0,82_180_60_500_0,True,0.330778,1.710748,0.33088328933333333,True,True,True
82,60,180,0.5,1,82_180_60_500_1,True,0.300315088,1.089694088,0.30033333333333334,True,True,False
82,60,180,1.0,0,82_180_60_1000_0,True,0.290767,1.659779,0.2908632563333333,True,True,True
82,60,180,1.0,1,82_180_60_1000_1,True,0.309609,1.679768,0.30975943266666667,True,True,True
82,60,225,0.5,0,82_225_60_500_0,True,0.319353,1.680024,0.319503372,True,True,True
82,60,225,0.5,1,82_225_60_500_1,True,0.319171,1.670499,0.31922466466666666,True,True,True
82,60,225,1.0,0,82_225_60_1000_0,True,0.32083,1.67967,0.3208411383333334,True,True,True
82,60,225,1.0,1,82_225_60_1000_1,True,0.299974946,1.660726946,0.3,True,True,True
82,60,270,0.5,0,82_270_60_500_0,True,0.309799117,1.679210117,0.30983333333333335,True,True,True
82,60,270,0.5,1,82_270_60_500_1,True,0.70870747,1.67126047,0.7088333333333333,True,True,False
82,60,270,1.0,0,82_270_60_1000_0,True,0.310031,1.679107,0.31005144,True,True,True
82,60,270,1.0,1,82_270_60_1000_1,True,0.311063437,1.670422437,0.31116666666666665,True,True,True
82,60,315,0.5,0,82_315_60_500_0,True,0.300145,1.670121,0.3001880886666667,True,True,True
82,60,315,0.5,1,82_315_60_500_1,True,0.299388,1.669354,0.29940490833333333,True,True,True
82,60,315,1.0,0,82_315_60_1000_0,True,0.720376,1.67041,0.7204429013333333,True,True,False
82,60,315,1.0,1,82_315_60_1000_1,True,0.309942598,1.6690235980000003,0.31,True,True,True
87,20,0,0.5,0,87_0_20_500_0,True,0.320458637,4.730454637,0.3205,True,True,True
87,20,0,0.5,1,87_0_20_500_1,True,0.279657,4.689916,0.2796735276666667,True,True,True
87,20,0,1.0,0,87_0_20_1000_0,True,0.320449,4.708677,0.320567265,True,True,True
87,20,0,1.0,1,87_0_20_1000_1,True,0.32074,4.489544,0.32087250933333333,True,True,True
87,20,45,0.5,0,87_45_20_500_0,True,0.289108307,4.668941307,0.2891666666666667,True,True,True
87,20,45,0.5,1,87_45_20_500_1,True,0.309115,4.689725,0.30926150666666663,True,True,True
87,20,45,1.0,0,87_45_20_1000_0,True,1.660068,4.661031,1.6602094856666665,True,True,True
87,20,45,1.0,1,87_45_20_1000_1,True,0.280326,4.660133,0.28039836933333334,True,True,True
87,20,90,0.5,0,87_90_20_500_0,True,0.279798428,4.689209428,0.2798333333333333,True,True,True
87,20,90,0.5,1,87_90_20_500_1,True,0.298640557,4.708973557,0.2986666666666667,True,True,True
87,20,90,1.0,0,87_90_20_1000_0,True,0.270433379,3.399918379,0.2705,True,True,True
87,20,90,1.0,1,87_90_20_1000_1,True,0.9014,4.72988,0.9015422359999999,True,True,True
87,20,135,0.5,0,87_135_20_500_0,True,0.28904,4.680587,0.2891910046666667,True,True,True
87,20,135,0.5,1,87_135_20_500_1,True,0.309463523,2.7795215229999997,0.3095,True,True,True
87,20,135,1.0,0,87_135_20_1000_0,True,0.299251,4.669791,0.2992874836666667,True,True,True
87,20,135,1.0,1,87_135_20_1000_1,True,0.31996,4.710722,0.320014102,True,True,True
87,20,180,0.5,0,87_180_20_500_0,True,0.31053,4.731099,0.31069476366666665,True,True,True
87,20,180,0.5,1,87_180_20_500_1,True,0.300056964,4.719077964,0.3001666666666667,True,True,True
87,20,180,1.0,0,87_180_20_1000_0,True,0.280512695,4.690156695,0.2806666666666667,True,True,True
87,20,180,1.0,1,87_180_20_1000_1,True,1.701298923,4.199200923,1.7013333333333334,True,True,True
87,20,225,0.5,0,87_225_20_500_0,True,0.280189766,4.668791766,0.2803333333333333,True,True,True
87,20,225,0.5,1,87_225_20_500_1,True,0.289935,4.678738,0.290049006,True,True,True
87,20,225,1.0,0,87_225_20_1000_0,True,0.298727,4.68046,0.2987799936666667,True,True,True
87,20,225,1.0,1,87_225_20_1000_1,True,1.650501123,3.350501123,1.6506666666666667,True,True,True
87,20,270,0.5,0,87_270_20_500_0,True,0.289741,3.729255,0.2898864443333333,True,True,True
87,20,270,0.5,1,87_270_20_500_1,True,0.699505,3.5698480000000004,0.699545662,True,True,True
87,20,270,1.0,0,87_270_20_1000_0,True,0.290054,4.430545,0.290065023,True,True,True
87,20,270,1.0,1,87_270_20_1000_1,True,0.320049027,2.539981027,0.32016666666666665,True,True,True
87,20,315,0.5,0,87_315_20_500_0,True,1.749795,4.660343,1.7498724313333334,True,True,True
87,20,315,0.5,1,87_315_20_500_1,True,1.759334,4.669992,1.7594321913333335,True,True,True
87,20,315,1.0,0,87_315_20_1000_0,True,0.301074,3.659454,0.3011671126666667,True,True,True
87,20,315,1.0,1,87_315_20_1000_1,True,0.319109,4.699626,0.319179149,True,True,True
87,40,0,0.5,0,87_0_40_500_0,True,0.278766,2.409456,0.2789315863333333,True,True,True
87,40,0,0.5,1,87_0_40_500_1,True,0.289704,2.420991,0.2897174806666667,True,True,True
87,40,0,1.0,0,87_0_40_1000_0,True,0.269758877,2.410379877,0.2698333333333333,True,True,True
87,40,0,1.0,1,87_0_40_1000_1,True,0.32962907,2.46047607,0.32966666666666666,True,True,True
87,40,45,0.5,0,87_45_40_500_0,True,0.299236189,2.429208189,0.29933333333333334,True,True,True
87,40,45,0.5,1,87_45_40_500_1,True,0.300350757,2.428974757,0.3005,True,True,True
87,40,45,1.0,0,87_45_40_1000_0,True,0.300749,2.420387,0.30085802266666667,True,True,True
87,40,45,1.0,1,87_45_40_1000_1,True,0.700479,2.409712,0.700598435,True,True,True
87,40,90,0.5,0,87_90_40_500_0,True,1.089557801,2.429838801,1.0896666666666666,True,True,True
87,40,90,0.5,1,87_90_40_500_1,True,0.280174,2.420139,0.28026602666666667,True,True,True
87,40,90,1.0,0,87_90_40_1000_0,True,0.300463528,2.429744528,0.3005,True,True,True
87,40,90,1.0,1,87_90_40_1000_1,True,0.299364,2.419522,0.299500787,True,True,True
87,40,135,0.5,0,87_135_40_500_0,True,0.300148,2.420269,0.3002532646666667,True,True,True
87,40,135,0.5,1,87_135_40_500_1,True,0.299664,2.420242,0.2997020456666667,True,True,True
87,40,135,1.0,0,87_135_40_1000_0,True,0.300052073,2.410315073,0.3001666666666667,True,True,True
87,40,135,1.0,1,87_135_40_1000_1,True,0.300285,2.399834,0.3002860556666667,True,True,True
87,40,180,0.5,0,87_180_40_500_0,True,0.299465993,1.9594469930000002,0.2995,True,True,True
87,40,180,0.5,1,87_180_40_500_1,True,0.300296,2.009396,0.30039955333333335,True,True,True
87,40,180,1.0,0,87_180_40_1000_0,True,0.289726403,2.409996403,0.28983333333333333,True,True,True
87,40,180,1.0,1,87_180_40_1000_1,True,0.290548,2.408696,0.2906887946666667,True,True,True
87,40,225,0.5,0,87_225_40_500_0,True,1.081285325,2.410240325,1.0813333333333333,True,True,True
87,40,225,0.5,1,87_225_40_500_1,True,0.280754038,2.410246038,0.2808333333333333,True,True,True
87,40,225,1.0,0,87_225_40_1000_0,True,1.479783,2.41914,1.4799218403333334,True,True,False
87,40,225,1.0,1,87_225_40_1000_1,True,0.290602,2.4200749999999998,0.2907420256666667,True,True,True
87,40,270,0.5,0,87_270_40_500_0,True,0.300728,2.430559,0.3007434006666667,True,True,True
87,40,270,0.5,1,87_270_40_500_1,True,0.289700902,2.440527902,0.28983333333333333,True,True,True
87,40,270,1.0,0,87_270_40_1000_0,True,0.31017104,2.41995904,0.31033333333333335,True,True,True
87,40,270,1.0,1,87_270_40_1000_1,True,0.28977,2.420761,0.28984378233333336,True,True,True
87,40,315,0.5,0,87_315_40_500_0,True,0.279685687,2.409351687,0.2798333333333333,True,True,True
87,40,315,0.5,1,87_315_40_500_1,True,0.291399,2.400734,0.2914063513333333,True,True,True
87,40,315,1.0,0,87_315_40_1000_0,True,0.280348562,2.410142562,0.2805,True,True,True
87,40,315,1.0,1,87_315_40_1000_1,True,0.300643585,2.410167585,0.3006666666666667,True,True,True
87,60,0,0.5,0,87_0_60_500_0,True,0.289246017,1.669716017,0.28933333333333333,True,True,True
87,60,0,0.5,1,87_0_60_500_1,True,0.300363786,1.669313786,0.3005,True,True,True
87,60,0,1.0,0,87_0_60_1000_0,True,0.349385456,1.710318456,0.3495,True,True,True
87,60,0,1.0,1,87_0_60_1000_1,True,0.350698553,1.719450553,0.35083333333333333,True,True,True
87,60,45,0.5,0,87_45_60_500_0,True,0.290375073,1.6601610729999998,0.2905,True,True,True
87,60,45,0.5,1,87_45_60_500_1,True,0.300271,1.670159,0.30027114433333335,True,True,True
87,60,45,1.0,0,87_45_60_1000_0,True,0.320660799,1.6903017990000002,0.32066666666666666,True,True,True
87,60,45,1.0,1,87_45_60_1000_1,True,0.300738,1.680252,0.30089651933333333,True,True,True
87,60,90,0.5,0,87_90_60_500_0,True,0.290637,1.650259,0.29074326066666667,True,True,True
87,60,90,0.5,1,87_90_60_500_1,True,0.31015476,1.68077276,0.31016666666666665,True,True,True
87,60,90,1.0,0,87_90_60_1000_0,True,0.310208,1.678796,0.31025761966666665,True,True,True
87,60,90,1.0,1,87_90_60_1000_1,True,0.300591,1.670192,0.300752335,True,True,True
87,60,135,0.5,0,87_135_60_500_0,True,0.309324,1.659654,0.30942727333333336,True,True,True
87,60,135,0.5,1,87_135_60_500_1,True,0.288738107,1.669896107,0.28883333333333333,True,True,True
87,60,135,1.0,0,87_135_60_1000_0,True,0.309454458,1.669995458,0.3095,True,True,True
87,60,135,1.0,1,87_135_60_1000_1,True,0.289582,1.668756,0.2897159836666667,True,True,True
87,60,180,0.5,0,87_180_60_500_0,True,0.299759,1.668945,0.29988033633333333,True,True,True
87,60,180,0.5,1,87_180_60_500_1,True,0.310489,1.679329,0.310588361,True,True,True
87,60,180,1.0,0,87_180_60_1000_0,True,0.349339,1.719264,0.3493617513333333,True,True,True
87,60,180,1.0,1,87_180_60_1000_1,True,0.290515,1.658881,0.290545848,True,True,True
87,60,225,0.5,0,87_225_60_500_0,True,0.318727796,1.6806637960000002,0.31883333333333336,True,True,True
87,60,225,0.5,1,87_225_60_500_1,True,0.308678498,1.669299498,0.30883333333333335,True,True,True
87,60,225,1.0,0,87_225_60_1000_0,True,0.839600268,1.659457268,0.8396666666666667,True,True,False
87,60,225,1.0,1,87_225_60_1000_1,True,0.299316,1.660778,0.29937132899999996,True,True,True
87,60,270,0.5,0,87_270_60_500_0,True,0.310632,1.6806,0.31073483766666665,True,True,True
87,60,270,0.5,1,87_270_60_500_1,True,0.280908,1.659413,0.28103016300000006,True,True,True
87,60,270,1.0,0,87_270_60_1000_0,True,0.308756,1.689882,0.30890539133333333,True,True,True
87,60,270,1.0,1,87_270_60_1000_1,True,0.320178,1.698769,0.32032472966666664,True,True,True
87,60,315,0.5,0,87_315_60_500_0,True,0.451408,1.661136,0.4515063293333333,True,True,True
87,60,315,0.5,1,87_315_60_500_1,True,0.300529,1.659924,0.300568515,True,True,True
87,60,315,1.0,0,87_315_60_1000_0,True,0.300454,1.661462,0.300589495,True,True,True
87,60,315,1.0,1,87_315_60_1000_1,True,0.329364,1.688979,0.329516533,True,True,True
102,20,0,0.5,0,102_0_20_500_0,True,0.42999,4.709028,0.430089777,True,True,True
102,20,0,0.5,1,102_0_20_500_1,True,0.320766,2.79944,0.32092105633333334,True,True,True
102,20,0,1.0,0,102_0_20_1000_0,True,0.81924,4.730495,0.8193411443333334,True,True,True
102,20,0,1.0,1,102_0_20_1000_1,True,0.33001,4.730504,0.3301700166666667,True,True,True
102,20,45,0.5,0,102_45_20_500_0,True,0.310581544,4.679260544,0.31066666666666665,True,True,True
102,20,45,0.5,1,102_45_20_500_1,True,0.310387827,4.701150826999999,0.3105,True,True,True
102,20,45,1.0,0,102_45_20_1000_0,True,0.310608437,4.709232437,0.31066666666666665,True,True,True
102,20,45,1.0,1,102_45_20_1000_1,True,0.310525009,4.681015009,0.31066666666666665,True,True,True
102,20,90,0.5,0,102_90_20_500_0,True,0.299484,4.699819,0.299603003,True,True,True
102,20,90,0.5,1,102_90_20_500_1,True,0.500601118,3.340470118,0.5006666666666667,True,True,True
102,20,90,1.0,0,102_90_20_1000_0,True,0.289346027,4.689694027,0.2895,True,True,True
102,20,90,1.0,1,102_90_20_1000_1,True,0.29925884,4.70972584,0.29933333333333334,True,True,True
102,20,135,0.5,0,102_135_20_500_0,True,0.320939,3.13959,0.321035779,True,True,True
102,20,135,0.5,1,102_135_20_500_1,True,0.329722982,4.709108982,0.3298333333333333,True,True,True
102,20,135,1.0,0,102_135_20_1000_0,True,0.30116437,4.69903237,0.3011666666666667,True,True,True
102,20,135,1.0,1,102_135_20_1000_1,True,0.319333751,4.699498751,0.3195,True,True,True
102,20,180,0.5,0,102_180_20_500_0,True,1.37036437,4.73078537,1.3705,True,True,True
102,20,180,0.5,1,102_180_20_500_1,True,0.329395097,4.730598097,0.3295,True,True,True
102,20,180,1.0,0,102_180_20_1000_0,True,0.318965,4.718838,0.31910636600000003,True,True,True
102,20,180,1.0,1,102_180_20_1000_1,True,0.309427,4.720095,0.30952129899999997,True,True,True
102,20,225,0.5,0,102_225_20_500_0,True,0.29103,4.669652,0.2911893546666667,True,True,True
102,20,225,0.5,1,102_225_20_500_1,True,0.298783677,4.679603677,0.29883333333333334,True,True,True
102,20,225,1.0,0,102_225_20_1000_0,True,1.919704,4.639463,1.9197635226666667,True,True,True
102,20,225,1.0,1,102_225_20_1000_1,True,0.300024,2.660842,0.300051923,True,True,True
102,20,270,0.5,0,102_270_20_500_0,True,0.310314853,4.721163853,0.31033333333333335,True,True,True
102,20,270,0.5,1,102_270_20_500_1,True,0.280880239,3.050578239,0.281,True,True,True
102,20,270,1.0,0,102_270_20_1000_0,True,0.308854,4.710855,0.30886164433333335,True,True,True
102,20,270,1.0,1,102_270_20_1000_1,True,0.308843681,4.729046681,0.309,True,True,True
102,20,315,0.5,0,102_315_20_500_0,True,0.28101,2.669689,0.28107981800000004,True,True,True
102,20,315,0.5,1,102_315_20_500_1,True,1.129679,4.659933,1.1297050326666667,True,True,True
102,20,315,1.0,0,102_315_20_1000_0,True,0.289134,4.670775,0.2892332086666667,True,True,True
102,20,315,1.0,1,102_315_20_1000_1,True,0.280042072,4.650395072,0.2801666666666667,True,True,True
102,40,0,0.5,0,102_0_40_500_0,True,0.289977788,2.430577788,0.29,True,True,True
102,40,0,0.5,1,102_0_40_500_1,True,0.310345,2.430064,0.31038671633333337,True,True,True
102,40,0,1.0,0,102_0_40_1000_0,True,0.290094,2.408868,0.290187201,True,True,True
102,40,0,1.0,1,102_0_40_1000_1,True,0.319594094,2.450072094,0.31966666666666665,True,True,True
102,40,45,0.5,0,102_45_40_500_0,True,0.280834722,2.410044722,0.281,True,True,True
102,40,45,0.5,1,102_45_40_500_1,True,0.290355,2.41095,0.2904205483333333,True,True,True
102,40,45,1.0,0,102_45_40_1000_0,True,0.339793559,2.460081559,0.3398333333333333,True,True,True
102,40,45,1.0,1,102_45_40_1000_1,True,1.239534,2.410602,1.239537734,True,True,True
102,40,90,0.5,0,102_90_40_500_0,True,0.310763771,2.420114771,0.31083333333333335,True,True,True
102,40,90,0.5,1,102_90_40_500_1,True,0.330233,2.4588419999999998,0.3303969063333333,True,True,True
102,40,90,1.0,0,102_90_40_1000_0,True,0.309737,2.449762,0.30989853433333336,True,True,True
102,40,90,1.0,1,102_90_40_1000_1,True,0.339894,2.480594,0.33992132633333333,True,True,True
102,40,135,0.5,0,102_135_40_500_0,True,0.299599368,2.409752368,0.2996666666666667,True,True,True
102,40,135,0.5,1,102_135_40_500_1,True,0.289357315,2.409575315,0.2895,True,True,True
102,40,135,1.0,0,102_135_40_1000_0,True,0.300622,2.401058,0.3007068326666667,True,True,True
102,40,135,1.0,1,102_135_40_1000_1,True,0.2901,2.410525,0.29010702899999996,True,True,True
102,40,180,0.5,0,102_180_40_500_0,True,0.340943,2.409248,0.34102776566666665,True,True,True
102,40,180,0.5,1,102_180_40_500_1,True,0.319778901,2.019444901,0.31983333333333336,True,True,True
102,40,180,1.0,0,102_180_40_1000_0,True,0.339217,2.459403,0.339246651,True,True,True
102,40,180,1.0,1,102_180_40_1000_1,True,0.340409,2.551103,0.34055325900000005,True,True,True
102,40,225,0.5,0,102_225_40_500_0,True,0.288778,2.409879,0.2887954656666667,True,True,True
102,40,225,0.5,1,102_225_40_500_1,True,0.31020329,1.74963429,0.31033333333333335,True,True,True
102,40,225,1.0,0,102_225_40_1000_0,True,0.301393,2.411203,0.30142087733333334,True,True,True
102,40,225,1.0,1,102_225_40_1000_1,True,0.280465,2.410449,0.280589803,True,True,True
102,40,270,0.5,0,102_270_40_500_0,True,0.290201213,2.420700213,0.29033333333333333,True,True,True
102,40,270,0.5,1,102_270_40_500_1,True,0.290044,2.410858,0.2900928626666667,True,True,True
102,40,270,1.0,0,102_270_40_1000_0,True,0.290524,2.41028,0.29063716,True,True,True
102,40,270,1.0,1,102_270_40_1000_1,True,0.290035805,2.410346805,0.2901666666666667,True,True,True
102,40,315,0.5,0,102_315_40_500_0,True,0.300324106,1.621399106,0.30033333333333334,True,True,True
102,40,315,0.5,1,102_315_40_500_1,True,0.299622,2.420979,0.2997311396666667,True,True,True
102,40,315,1.0,0,102_315_40_1000_0,True,0.280950868,2.409896868,0.281,True,True,True
102,40,315,1.0,1,102_315_40_1000_1,True,0.289819,2.400193,0.2899637153333333,True,True,True
102,60,0,0.5,0,102_0_60_500_0,True,0.30872358,1.6500695800000003,0.30883333333333335,True,True,True
102,60,0,0.5,1,102_0_60_500_1,True,0.300122,1.680052,0.3001715736666667,True,True,True
102,60,0,1.0,0,102_0_60_1000_0,True,0.289223933,1.660266933,0.28933333333333333,True,True,True
102,60,0,1.0,1,102_0_60_1000_1,True,0.329431948,1.678548948,0.3295,True,True,True
102,60,45,0.5,0,102_45_60_500_0,True,0.519874,1.699648,0.5199320833333334,True,True,True
102,60,45,0.5,1,102_45_60_500_1,True,0.351219722,1.719243722,0.35133333333333333,True,True,True
102,60,45,1.0,0,102_45_60_1000_0,True,0.340707,1.7012360000000002,0.3408726203333333,True,True,True
102,60,45,1.0,1,102_45_60_1000_1,True,0.350127,1.700755,0.3501857126666667,True,True,True
102,60,90,0.5,0,102_90_60_500_0,True,0.339041969,1.749837969,0.33916666666666667,True,True,True
102,60,90,0.5,1,102_90_60_500_1,True,0.330344,1.72994,0.3305,True,True,True
102,60,90,1.0,0,102_90_60_1000_0,True,0.330123,1.520348,0.3301839636666667,True,True,True
102,60,90,1.0,1,102_90_60_1000_1,True,0.349442,1.709557,0.349534378,True,True,True
102,60,135,0.5,0,102_135_60_500_0,True,0.340503,1.699154,0.34060374000000004,True,True,True
102,60,135,0.5,1,102_135_60_500_1,True,0.350265505,1.700253505,0.35033333333333333,True,True,True
102,60,135,1.0,0,102_135_60_1000_0,True,0.319915424,1.679629424,0.32,True,True,True
102,60,135,1.0,1,102_135_60_1000_1,True,0.299159,1.020008,0.2991832966666667,True,True,False
102,60,180,0.5,0,102_180_60_500_0,True,0.339986,1.719319,0.340089521,True,True,True
102,60,180,0.5,1,102_180_60_500_1,True,0.340393,1.55093,0.340503533,True,True,True
102,60,180,1.0,0,102_180_60_1000_0,True,0.349917,1.709236,0.34993629033333334,True,True,True
102,60,180,1.0,1,102_180_60_1000_1,True,0.329833795,1.749910795,0.33,True,True,True
102,60,225,0.5,0,102_225_60_500_0,True,0.319729,1.690075,0.319770068,True,True,True
102,60,225,0.5,1,102_225_60_500_1,True,0.309995,1.679188,0.310013318,True,True,True
102,60,225,1.0,0,102_225_60_1000_0,True,0.329886516,1.700932516,0.33,True,True,True
102,60,225,1.0,1,102_225_60_1000_1,True,0.809244,1.660614,0.8093789443333333,True,True,False
102,60,270,0.5,0,102_270_60_500_0,True,0.289752,1.669489,0.2897906513333333,True,True,True
102,60,270,0.5,1,102_270_60_500_1,True,0.309452,1.670745,0.309534542,True,True,True
102,60,270,1.0,0,102_270_60_1000_0,True,0.300187,1.679357,0.300353102,True,True,True
102,60,270,1.0,1,102_270_60_1000_1,True,0.65057,1.6800230000000003,0.650597136,True,True,True
102,60,315,0.5,0,102_315_60_500_0,True,0.310657854,1.669418854,0.31066666666666665,True,True,True
102,60,315,0.5,1,102_315_60_500_1,True,0.309184,1.260565,0.30925304566666667,True,True,False
102,60,315,1.0,0,102_315_60_1000_0,True,0.310824,1.679333,0.31085729833333337,True,True,True
102,60,315,1.0,1,102_315_60_1000_1,True,0.311052,1.679814,0.31121424266666664,True,True,True
103,20,0,0.5,0,103_0_20_500_0,True,0.809136,4.729527,0.8092639806666667,True,True,True
103,20,0,0.5,1,103_0_20_500_1,True,1.179573401,4.690784401,1.1796666666666666,True,True,True
103,20,0,1.0,0,103_0_20_1000_0,True,0.300179,3.429549,0.30033409533333333,True,True,True
103,20,0,1.0,1,103_0_20_1000_1,True,1.559538,4.160241,1.5596192940000002,True,True,True
103,20,45,0.5,0,103_45_20_500_0,True,0.299939,4.68101,0.300015778,True,True,True
103,20,45,0.5,1,103_45_20_500_1,True,0.300165,4.680128,0.3002157376666667,True,True,True
103,20,45,1.0,0,103_45_20_1000_0,True,0.288655109,4.670454109,0.2886666666666667,True,True,True
103,20,45,1.0,1,103_45_20_1000_1,True,2.380723372,4.689055372,2.3808333333333334,True,True,True
103,20,90,0.5,0,103_90_20_500_0,True,0.280878163,4.690789163,0.281,True,True,True
103,20,90,0.5,1,103_90_20_500_1,True,0.279401194,4.690282194,0.2795,True,True,True
103,20,90,1.0,0,103_90_20_1000_0,True,0.279841045,3.150690045,0.28,True,True,True
103,20,90,1.0,1,103_90_20_1000_1,True,0.299250423,4.449649423,0.29933333333333334,True,True,True
103,20,135,0.5,0,103_135_20_500_0,True,0.31104006,4.67898406,0.31116666666666665,True,True,True
103,20,135,0.5,1,103_135_20_500_1,True,0.299146,4.679569,0.2992549586666667,True,True,True
103,20,135,1.0,0,103_135_20_1000_0,True,0.298890673,4.680533673,0.299,True,True,True
103,20,135,1.0,1,103_135_20_1000_1,True,0.299673,4.691088,0.2997129226666667,True,True,True
103,20,180,0.5,0,103_180_20_500_0,True,0.31987,4.728839,0.3199375363333334,True,True,True
103,20,180,0.5,1,103_180_20_500_1,True,1.288985,4.730929,1.28913784,True,True,True
103,20,180,1.0,0,103_180_20_1000_0,True,0.650272016,4.730673016,0.6503333333333333,True,True,True
103,20,180,1.0,1,103_180_20_1000_1,True,0.320652964,4.009668964,0.32066666666666666,True,True,True
103,20,225,0.5,0,103_225_20_500_0,True,2.329174,4.669823,2.3291801866666666,True,True,True
103,20,225,0.5,1,103_225_20_500_1,True,0.269953,4.660013,0.270059474,True,True,True
103,20,225,1.0,0,103_225_20_1000_0,True,0.300803,4.690603,0.3009307033333333,True,True,True
103,20,225,1.0,1,103_225_20_1000_1,True,0.289138,2.569149,0.2892970756666667,True,True,True
103,20,270,0.5,0,103_270_20_500_0,True,0.300219,4.329352,0.30036861433333334,True,True,True
103,20,270,0.5,1,103_270_20_500_1,True,1.360838075,3.101071075,1.361,True,True,True
103,20,270,1.0,0,103_270_20_1000_0,True,0.719889722,2.380223722,0.72,True,True,True
103,20,270,1.0,1,103_270_20_1000_1,True,0.280544,3.330339,0.28068675800000004,True,True,True
103,20,315,0.5,0,103_315_20_500_0,True,1.768743,4.679039,1.7687510866666667,True,True,True
103,20,315,0.5,1,103_315_20_500_1,True,0.290746361,4.680436361,0.29083333333333333,True,True,True
103,20,315,1.0,0,103_315_20_1000_0,True,0.300615171,4.679779171,0.3006666666666667,True,True,True
103,20,315,1.0,1,103_315_20_1000_1,True,1.159766077,4.669684077,1.1598333333333333,True,True,True
103,40,0,0.5,0,103_0_40_500_0,True,0.339914629,2.470543629,0.34,True,True,True
103,40,0,0.5,1,103_0_40_500_1,True,1.010264678,2.459138678,1.0103333333333333,True,True,True
103,40,0,1.0,0,103_0_40_1000_0,True,0.329569,2.4987190000000004,0.329583986,True,True,True
103,40,0,1.0,1,103_0_40_1000_1,True,0.330439389,2.479670389,0.3305,True,True,True
103,40,45,0.5,0,103_45_40_500_0,True,0.290888354,2.419531354,0.291,True,True,True
103,40,45,0.5,1,103_45_40_500_1,True,0.288992,2.420649,0.289129578,True,True,True
103,40,45,1.0,0,103_45_40_1000_0,True,0.31067372,2.42992572,0.31083333333333335,True,True,True
103,40,45,1.0,1,103_45_40_1000_1,True,1.120596562,2.410409562,1.1206666666666667,True,True,True
103,40,90,0.5,0,103_90_40_500_0,True,0.309218,2.170362,0.3093415663333334,True,True,True
103,40,90,0.5,1,103_90_40_500_1,True,0.30033397,2.43049897,0.3005,True,True,True
103,40,90,1.0,0,103_90_40_1000_0,True,0.310554,2.309626,0.31067802766666663,True,True,True
103,40,90,1.0,1,103_90_40_1000_1,True,0.310273321,2.441054321,0.31033333333333335,True,True,True
103,40,135,0.5,0,103_135_40_500_0,True,0.319896876,2.440091876,0.32,True,True,True
103,40,135,0.5,1,103_135_40_500_1,True,0.31879,2.449003,0.31886609433333335,True,True,True
103,40,135,1.0,0,103_135_40_1000_0,True,0.289946,2.400449,0.29008245,True,True,True
103,40,135,1.0,1,103_135_40_1000_1,True,0.309820864,2.419287864,0.30983333333333335,True,True,True
103,40,180,0.5,0,103_180_40_500_0,True,0.330851234,2.459686234,0.331,True,True,True
103,40,180,0.5,1,103_180_40_500_1,True,0.589555,2.179612,0.5897182806666666,True,True,True
103,40,180,1.0,0,103_180_40_1000_0,True,0.340855,2.428827,0.3409269656666667,True,True,True
103,40,180,1.0,1,103_180_40_1000_1,True,0.320795,2.460551,0.32084045633333336,True,True,True
103,40,225,0.5,0,103_225_40_500_0,True,0.31915,2.430958,0.3192882106666666,True,True,True
103,40,225,0.5,1,103_225_40_500_1,True,1.07047647,2.40912447,1.0705,True,True,True
103,40,225,1.0,0,103_225_40_1000_0,True,0.300426346,2.429923346,0.3005,True,True,True
103,40,225,1.0,1,103_225_40_1000_1,True,0.309696,2.430723,0.30971150666666664,True,True,True
103,40,270,0.5,0,103_270_40_500_0,True,0.279759,2.110866,0.27986103933333334,True,True,True
103,40,270,0.5,1,103_270_40_500_1,True,0.299087,2.430195,0.2992394556666667,True,True,True
103,40,270,1.0,0,103_270_40_1000_0,True,0.330175071,2.4511550710000005,0.3303333333333333,True,True,True
103,40,270,1.0,1,103_270_40_1000_1,True,0.330915,2.429892,0.3309343073333333,True,True,True
103,40,315,0.5,0,103_315_40_500_0,True,0.280674,2.409731,0.28080195766666666,True,True,True
103,40,315,0.5,1,103_315_40_500_1,True,0.310095,2.420183,0.31023559566666664,True,True,True
103,40,315,1.0,0,103_315_40_1000_0,True,0.269475722,2.401042722,0.2695,True,True,True
103,40,315,1.0,1,103_315_40_1000_1,True,0.298553855,2.248987855,0.2986666666666667,True,True,True
103,60,0,0.5,0,103_0_60_500_0,True,0.360669068,1.740325068,0.36083333333333334,True,True,True
103,60,0,0.5,1,103_0_60_500_1,True,0.350615,1.76051,0.35066675966666666,True,True,True
103,60,0,1.0,0,103_0_60_1000_0,True,0.349745,1.14952,0.34985867433333334,True,True,False
103,60,0,1.0,1,103_0_60_1000_1,True,0.400232858,1.749077858,0.4003333333333333,True,True,True
103,60,45,0.5,0,103_45_60_500_0,True,0.620097032,1.6797820319999999,0.6201666666666666,True,True,True
103,60,45,0.5,1,103_45_60_500_1,True,0.350711,1.780399,0.3507545706666667,True,True,True
103,60,45,1.0,0,103_45_60_1000_0,True,0.308982827,1.678830827,0.309,True,True,True
103,60,45,1.0,1,103_45_60_1000_1,True,0.301093,1.671167,0.3012081306666667,True,True,True
103,60,90,0.5,0,103_90_60_500_0,True,0.300879,1.6695410000000002,0.30089180833333334,True,True,True
103,60,90,0.5,1,103_90_60_500_1,True,0.299265661,1.669171661,0.29933333333333334,True,True,True
103,60,90,1.0,0,103_90_60_1000_0,True,0.320271389,1.670690389,0.32033333333333336,True,True,True
103,60,90,1.0,1,103_90_60_1000_1,True,0.35020705,1.53935305,0.35033333333333333,True,True,True
103,60,135,0.5,0,103_135_60_500_0,True,0.849738004,1.660543004,0.8498333333333333,True,True,False
103,60,135,0.5,1,103_135_60_500_1,True,0.329732,1.6800479999999998,0.32975453466666665,True,True,True
103,60,135,1.0,0,103_135_60_1000_0,True,0.350222,1.69023,0.350278663,True,True,True
103,60,135,1.0,1,103_135_60_1000_1,True,0.339576,1.6894650000000002,0.339610419,True,True,True
103,60,180,0.5,0,103_180_60_500_0,True,0.349611,1.7202099999999998,0.34967655166666667,True,True,True
103,60,180,0.5,1,103_180_60_500_1,True,0.349765,1.7095570000000002,0.3498373633333333,True,True,True
103,60,180,1.0,0,103_180_60_1000_0,True,0.350434237,1.759076237,0.3505,True,True,True
103,60,180,1.0,1,103_180_60_1000_1,True,0.341249,1.7101739999999999,0.3412498606666667,True,True,True
103,60,225,0.5,0,103_225_60_500_0,True,0.32921,1.701072,0.3293643493333333,True,True,True
103,60,225,0.5,1,103_225_60_500_1,True,0.328887,1.698728,0.3290041093333333,True,True,True
103,60,225,1.0,0,103_225_60_1000_0,True,0.298778,1.670681,0.29883999233333336,True,True,True
103,60,225,1.0,1,103_225_60_1000_1,True,0.328959127,1.690156127,0.329,True,True,True
103,60,270,0.5,0,103_270_60_500_0,True,0.3297,1.6900109999999997,0.32986316666666665,True,True,True
103,60,270,0.5,1,103_270_60_500_1,True,0.350862,1.730466,0.35092153833333334,True,True,True
103,60,270,1.0,0,103_270_60_1000_0,True,0.330896711,1.469442711,0.331,True,True,True
103,60,270,1.0,1,103_270_60_1000_1,True,0.379718255,1.649891255,0.37983333333333336,True,True,True
103,60,315,0.5,0,103_315_60_500_0,True,1.010069,1.708888,1.010096115,True,True,False
103,60,315,0.5,1,103_315_60_500_1,True,0.309732915,1.678762915,0.30983333333333335,True,True,True
103,60,315,1.0,0,103_315_60_1000_0,True,0.310031039,1.679534039,0.31016666666666665,True,True,True
103,60,315,1.0,1,103_315_60_1000_1,True,0.329984,1.700647,0.33012517166666666,True,True,True
