speed_mm_s,direction_deg,nominal_force_N,requested,half_second_available,one_second_available,force_ratio_median,travel_ratio_median,heading_abs_max_deg
20,0,0.5,20,20,20,1.062534007094135,0.9902574422532864,0.00026775791974387175
20,0,1.0,20,20,20,1.0317962211623737,0.9890408193111837,0.00026775791974387175
20,45,0.5,20,20,20,1.0823626738584002,0.9938640979204398,0.03937954727800275
20,45,1.0,20,20,20,1.0390000343322754,0.9924019211529338,0.06600509279110156
20,90,0.5,20,20,20,1.0735786352355206,0.9876126874032038,0.00026775791980071517
20,90,1.0,20,20,20,1.0300464191592356,0.9903006123932424,0.00026775791980071517
20,135,0.5,20,20,20,1.057764558753252,0.993439162624372,0.04329260796885137
20,135,1.0,20,20,20,1.025082962634642,0.9941873574109352,0.045044978586929574
20,180,0.5,20,20,20,1.0048369398671304,0.9877987128681931,0.00026775791980071517
20,180,1.0,20,20,20,1.0004336446876074,0.9858858771672971,0.00026775791980071517
20,225,0.5,20,20,20,0.9705656829484282,0.9958939751074278,0.06260041181428733
20,225,1.0,20,20,20,0.9815418006831276,0.9961136071721014,0.05857016356890199
20,270,0.5,20,20,20,1.001404878660202,0.989322761659182,0.00026775791980071517
20,270,1.0,20,20,20,1.0056170032400344,0.9877111553728888,0.00026775791980071517
20,315,0.5,20,20,20,0.9893385271875825,0.9984031946643959,0.062230879335857026
20,315,1.0,20,20,20,1.0,0.9957408531513301,0.04445123094455994
40,0,0.5,20,20,20,1.0574653213786274,0.9885277849779548,0.00026775791974387175
40,0,1.0,20,20,20,1.0373638511626626,0.9858656955342011,0.00026775791974387175
40,45,0.5,20,20,20,1.0751955142897818,0.9916718930440513,0.04742671618151917
40,45,1.0,20,20,20,1.0438771917410512,0.9936271583194125,0.02810023706570064
40,90,0.5,20,20,20,1.056292624816999,0.9881262960774928,0.00026775791980071517
40,90,1.0,20,20,20,1.0249241372361098,0.989819291901247,0.00026775791980071517
40,135,0.5,20,20,20,1.0679999589920044,0.9919041871142348,0.022001217798106154
40,135,1.0,20,20,20,1.0298255127017892,0.9995826728981858,0.02127740285584423
40,180,0.5,20,20,20,1.0059745154477022,0.9866117005273752,0.00026775791980071517
40,180,1.0,20,20,20,1.0,0.9882099226320824,0.00026775791980071517
40,225,0.5,20,20,20,0.9872751213754014,0.9937482356775774,0.026476395044369383
40,225,1.0,20,20,19,0.9825070716825725,0.9971738243242017,0.02579345482899953
40,270,0.5,20,20,19,1.026148451273833,0.9870513569321826,0.00026775791980071517
40,270,1.0,20,20,20,1.0003539289572623,0.9873235249077639,0.00026775791980071517
40,315,0.5,20,20,20,0.9913833844774527,0.9966965023648806,0.025497853722526997
40,315,1.0,20,20,20,0.9997225086788883,0.992626159994514,0.031709142277577484
60,0,0.5,20,20,20,1.0571920969391946,0.992331919628981,0.00026775791974387175
60,0,1.0,20,20,19,1.038123396244475,0.989698601305423,0.00026775791974387175
60,45,0.5,20,20,19,1.0782085654800704,0.9925171361126062,0.010362070275931501
60,45,1.0,20,20,19,1.0504798934852553,0.9993330857028309,0.01566952071075889
60,90,0.5,20,20,18,1.0639970596494703,0.9867657407068056,0.00026775791980071517
60,90,1.0,20,20,20,1.0311634412935617,0.9907405544154062,0.00026775791980071517
60,135,0.5,20,20,18,1.0663086704049443,0.9968010342207039,0.027973441394124166
60,135,1.0,20,20,19,1.0322106521205003,0.9936465955356811,0.01919959759743506
60,180,0.5,20,20,18,1.0018430336423445,0.9881812446617184,0.00026775791980071517
60,180,1.0,20,20,18,1.002366919270107,0.9921272742318962,0.00026775791980071517
60,225,0.5,20,20,20,0.9806666850419723,0.9954123910262798,0.015377391194988377
60,225,1.0,20,20,17,0.9863655325528538,0.9935815407470387,0.014647494107748571
60,270,0.5,20,20,16,1.0084500045519063,0.9906615449699825,0.00026775791980071517
60,270,1.0,20,20,18,0.9978986735574698,0.9929290135246996,0.00026775791980071517
60,315,0.5,20,20,18,0.9971844284051408,0.9911957928847016,0.020079018674891813
60,315,1.0,20,20,17,1.01028120763059,0.9939016330082628,0.013685880127582095
