surface_id,speed_mm_s,direction_deg,nominal_force_N,all_protocol_supports_one_second,both_query_repeats_half_second,common_candidate,missing_supports,missing_query_repeats
0,20,0,1.0,True,True,True,,
0,20,45,0.5,True,True,True,,
0,20,45,1.0,True,True,True,,
0,20,90,0.5,True,True,True,,
0,20,90,1.0,True,True,True,,
0,20,135,0.5,True,True,True,,
0,20,135,1.0,True,True,True,,
0,20,180,0.5,True,True,True,,
0,20,180,1.0,True,True,True,,
0,20,225,0.5,True,True,True,,
0,20,225,1.0,True,True,True,,
0,20,270,0.5,True,True,True,,
0,20,270,1.0,True,True,True,,
0,20,315,0.5,True,True,True,,
0,20,315,1.0,True,True,True,,
0,40,45,0.5,True,True,True,,
0,40,45,1.0,True,True,True,,
0,40,90,1.0,True,True,True,,
0,40,135,0.5,True,True,True,,
0,40,135,1.0,True,True,True,,
0,40,180,0.5,True,True,True,,
0,40,180,1.0,True,True,True,,
0,40,225,0.5,True,True,True,,
0,40,225,1.0,True,True,True,,
0,40,270,0.5,True,True,True,,
0,40,270,1.0,True,True,True,,
0,40,315,0.5,True,True,True,,
0,40,315,1.0,True,True,True,,
0,60,0,0.5,True,True,True,,
0,60,0,1.0,True,True,True,,
0,60,45,0.5,True,True,True,,
0,60,45,1.0,True,True,True,,
0,60,90,0.5,True,True,True,,
0,60,90,1.0,True,True,True,,
0,60,135,0.5,True,True,True,,
0,60,135,1.0,True,True,True,,
0,60,180,0.5,True,True,True,,
0,60,180,1.0,True,True,True,,
0,60,225,0.5,True,True,True,,
0,60,225,1.0,True,True,True,,
0,60,270,0.5,True,True,True,,
0,60,270,1.0,True,True,True,,
0,60,315,0.5,True,True,True,,
0,60,315,1.0,True,True,True,,
38,20,0,1.0,True,True,True,,
38,20,45,0.5,True,True,True,,
38,20,45,1.0,True,True,True,,
38,20,90,0.5,True,True,True,,
38,20,90,1.0,True,True,True,,
38,20,135,0.5,True,True,True,,
38,20,135,1.0,True,True,True,,
38,20,180,0.5,True,True,True,,
38,20,180,1.0,True,True,True,,
38,20,225,0.5,True,True,True,,
38,20,225,1.0,True,True,True,,
38,20,270,0.5,True,True,True,,
38,20,270,1.0,True,True,True,,
38,20,315,0.5,True,True,True,,
38,20,315,1.0,True,True,True,,
38,40,45,0.5,True,True,True,,
38,40,45,1.0,True,True,True,,
38,40,90,1.0,True,True,True,,
38,40,135,0.5,True,True,True,,
38,40,135,1.0,True,True,True,,
38,40,180,0.5,True,True,True,,
38,40,180,1.0,True,True,True,,
38,40,225,0.5,True,True,True,,
38,40,225,1.0,True,True,True,,
38,40,270,0.5,True,True,True,,
38,40,270,1.0,True,True,True,,
38,40,315,0.5,True,True,True,,
38,40,315,1.0,True,True,True,,
38,60,0,0.5,True,True,True,,
38,60,0,1.0,True,True,True,,
38,60,45,0.5,True,True,True,,
38,60,45,1.0,True,True,True,,
38,60,90,0.5,True,True,True,,
38,60,90,1.0,True,True,True,,
38,60,135,0.5,True,True,True,,
38,60,135,1.0,True,True,True,,
38,60,180,0.5,True,True,True,,
38,60,180,1.0,True,True,True,,
38,60,225,0.5,True,True,True,,
38,60,225,1.0,True,True,True,,
38,60,270,0.5,True,True,True,,
38,60,270,1.0,True,True,True,,
38,60,315,0.5,True,True,True,,
38,60,315,1.0,True,True,True,,
49,20,0,1.0,True,True,True,,
49,20,45,0.5,True,True,True,,
49,20,45,1.0,True,True,True,,
49,20,90,0.5,True,True,True,,
49,20,90,1.0,True,True,True,,
49,20,135,0.5,True,True,True,,
49,20,135,1.0,True,True,True,,
49,20,180,0.5,True,True,True,,
49,20,180,1.0,True,True,True,,
49,20,225,0.5,True,True,True,,
49,20,225,1.0,True,True,True,,
49,20,270,0.5,True,True,True,,
49,20,270,1.0,True,True,True,,
49,20,315,0.5,True,True,True,,
49,20,315,1.0,True,True,True,,
49,40,45,0.5,True,True,True,,
49,40,45,1.0,True,True,True,,
49,40,90,1.0,True,True,True,,
49,40,135,0.5,True,True,True,,
49,40,135,1.0,True,True,True,,
49,40,180,0.5,True,True,True,,
49,40,180,1.0,True,True,True,,
49,40,225,0.5,True,True,True,,
49,40,225,1.0,True,True,True,,
49,40,270,0.5,True,True,True,,
49,40,270,1.0,True,True,True,,
49,40,315,0.5,True,True,True,,
49,40,315,1.0,True,True,True,,
49,60,0,0.5,True,True,True,,
49,60,0,1.0,True,True,True,,
49,60,45,0.5,True,True,True,,
49,60,45,1.0,True,True,True,,
49,60,90,0.5,True,True,True,,
49,60,90,1.0,True,True,True,,
49,60,135,0.5,True,True,True,,
49,60,135,1.0,True,True,True,,
49,60,180,0.5,True,True,True,,
49,60,180,1.0,True,True,True,,
49,60,225,0.5,True,True,True,,
49,60,225,1.0,True,True,True,,
49,60,270,0.5,True,True,True,,
49,60,270,1.0,True,True,True,,
49,60,315,0.5,True,True,True,,
49,60,315,1.0,True,True,True,,
65,20,0,1.0,True,True,True,,
65,20,45,0.5,True,True,True,,
65,20,45,1.0,True,True,True,,
65,20,90,0.5,True,True,True,,
65,20,90,1.0,True,True,True,,
65,20,135,0.5,True,True,True,,
65,20,135,1.0,True,True,True,,
65,20,180,0.5,True,True,True,,
65,20,180,1.0,True,True,True,,
65,20,225,0.5,True,True,True,,
65,20,225,1.0,True,True,True,,
65,20,270,0.5,True,True,True,,
65,20,270,1.0,True,True,True,,
65,20,315,0.5,True,True,True,,
65,20,315,1.0,True,True,True,,
65,40,45,0.5,True,True,True,,
65,40,45,1.0,True,True,True,,
65,40,90,1.0,True,True,True,,
65,40,135,0.5,True,True,True,,
65,40,135,1.0,True,True,True,,
65,40,180,0.5,True,True,True,,
65,40,180,1.0,True,True,True,,
65,40,225,0.5,True,True,True,,
65,40,225,1.0,True,True,True,,
65,40,270,0.5,True,True,True,,
65,40,270,1.0,True,True,True,,
65,40,315,0.5,True,True,True,,
65,40,315,1.0,True,True,True,,
65,60,0,0.5,True,True,True,,
65,60,0,1.0,True,True,True,,
65,60,45,0.5,True,True,True,,
65,60,45,1.0,True,True,True,,
65,60,90,0.5,True,True,True,,
65,60,90,1.0,True,True,True,,
65,60,135,0.5,True,True,True,,
65,60,135,1.0,True,True,True,,
65,60,180,0.5,True,True,True,,
65,60,180,1.0,True,True,True,,
65,60,225,0.5,True,True,True,,
65,60,225,1.0,True,True,True,,
65,60,270,0.5,True,True,True,,
65,60,270,1.0,True,True,True,,
65,60,315,0.5,True,True,True,,
65,60,315,1.0,True,True,True,,
74,20,0,1.0,True,True,True,,
74,20,45,0.5,True,True,True,,
74,20,45,1.0,True,True,True,,
74,20,90,0.5,True,True,True,,
74,20,90,1.0,True,True,True,,
74,20,135,0.5,True,True,True,,
74,20,135,1.0,True,True,True,,
74,20,180,0.5,True,True,True,,
74,20,180,1.0,True,True,True,,
74,20,225,0.5,True,True,True,,
74,20,225,1.0,True,True,True,,
74,20,270,0.5,True,True,True,,
74,20,270,1.0,True,True,True,,
74,20,315,0.5,True,True,True,,
74,20,315,1.0,True,True,True,,
74,40,45,0.5,True,True,True,,
74,40,45,1.0,True,True,True,,
74,40,90,1.0,True,True,True,,
74,40,135,0.5,True,True,True,,
74,40,135,1.0,True,True,True,,
74,40,180,0.5,True,True,True,,
74,40,180,1.0,True,True,True,,
74,40,225,0.5,True,True,True,,
74,40,225,1.0,True,True,True,,
74,40,270,0.5,True,True,True,,
74,40,270,1.0,True,True,True,,
74,40,315,0.5,True,True,True,,
74,40,315,1.0,True,True,True,,
74,60,0,0.5,True,True,True,,
74,60,0,1.0,True,True,True,,
74,60,45,0.5,True,True,True,,
74,60,45,1.0,True,True,True,,
74,60,90,0.5,True,True,True,,
74,60,90,1.0,True,True,True,,
74,60,135,0.5,True,True,True,,
74,60,135,1.0,True,True,True,,
74,60,180,0.5,True,True,True,,
74,60,180,1.0,True,True,True,,
74,60,225,0.5,True,True,True,,
74,60,225,1.0,True,True,True,,
74,60,270,0.5,True,True,True,,
74,60,270,1.0,True,True,True,,
74,60,315,0.5,True,True,True,,
74,60,315,1.0,True,True,True,,
79,20,0,1.0,True,True,True,,
79,20,45,0.5,True,True,True,,
79,20,45,1.0,True,True,True,,
79,20,90,0.5,True,True,True,,
79,20,90,1.0,True,True,True,,
79,20,135,0.5,True,True,True,,
79,20,135,1.0,True,True,True,,
79,20,180,0.5,True,True,True,,
79,20,180,1.0,True,True,True,,
79,20,225,0.5,True,True,True,,
79,20,225,1.0,True,True,True,,
79,20,270,0.5,True,True,True,,
79,20,270,1.0,True,True,True,,
79,20,315,0.5,True,True,True,,
79,20,315,1.0,True,True,True,,
79,40,45,0.5,True,True,True,,
79,40,45,1.0,True,True,True,,
79,40,90,1.0,True,True,True,,
79,40,135,0.5,True,True,True,,
79,40,135,1.0,True,True,True,,
79,40,180,0.5,True,True,True,,
79,40,180,1.0,True,True,True,,
79,40,225,0.5,True,True,True,,
79,40,225,1.0,True,True,True,,
79,40,270,0.5,True,True,True,,
79,40,270,1.0,True,True,True,,
79,40,315,0.5,True,True,True,,
79,40,315,1.0,True,True,True,,
79,60,0,0.5,True,True,True,,
79,60,0,1.0,True,True,True,,
79,60,45,0.5,True,True,True,,
79,60,45,1.0,True,True,True,,
79,60,90,0.5,True,True,True,,
79,60,90,1.0,True,True,True,,
79,60,135,0.5,True,True,True,,
79,60,135,1.0,True,True,True,,
79,60,180,0.5,True,True,True,,
79,60,180,1.0,True,True,True,,
79,60,225,0.5,True,True,True,,
79,60,225,1.0,True,True,True,,
79,60,270,0.5,True,True,True,,
79,60,270,1.0,True,True,True,,
79,60,315,0.5,True,True,True,,
79,60,315,1.0,True,True,True,,
82,20,0,1.0,True,True,True,,
82,20,45,0.5,True,True,True,,
82,20,45,1.0,True,True,True,,
82,20,90,0.5,True,True,True,,
82,20,90,1.0,True,True,True,,
82,20,135,0.5,True,True,True,,
82,20,135,1.0,True,True,True,,
82,20,180,0.5,True,True,True,,
82,20,180,1.0,True,True,True,,
82,20,225,0.5,True,True,True,,
82,20,225,1.0,True,True,True,,
82,20,270,0.5,True,True,True,,
82,20,270,1.0,True,True,True,,
82,20,315,0.5,True,True,True,,
82,20,315,1.0,True,True,True,,
82,40,45,0.5,True,True,True,,
82,40,45,1.0,True,True,True,,
82,40,90,1.0,True,True,True,,
82,40,135,0.5,True,True,True,,
82,40,135,1.0,True,True,True,,
82,40,180,0.5,True,True,True,,
82,40,180,1.0,True,True,True,,
82,40,225,0.5,True,True,True,,
82,40,225,1.0,True,True,True,,
82,40,270,0.5,True,True,True,,
82,40,270,1.0,True,True,True,,
82,40,315,0.5,True,True,True,,
82,40,315,1.0,True,True,True,,
82,60,0,0.5,True,True,True,,
82,60,0,1.0,True,True,True,,
82,60,45,0.5,True,True,True,,
82,60,45,1.0,True,True,True,,
82,60,90,0.5,True,True,True,,
82,60,90,1.0,True,True,True,,
82,60,135,0.5,True,True,True,,
82,60,135,1.0,True,True,True,,
82,60,180,0.5,True,True,True,,
82,60,180,1.0,True,True,True,,
82,60,225,0.5,True,True,True,,
82,60,225,1.0,True,True,True,,
82,60,270,0.5,True,True,True,,
82,60,270,1.0,True,True,True,,
82,60,315,0.5,True,True,True,,
82,60,315,1.0,True,True,True,,
87,20,0,1.0,True,True,True,,
87,20,45,0.5,True,True,True,,
87,20,45,1.0,True,True,True,,
87,20,90,0.5,True,True,True,,
87,20,90,1.0,True,True,True,,
87,20,135,0.5,True,True,True,,
87,20,135,1.0,True,True,True,,
87,20,180,0.5,True,True,True,,
87,20,180,1.0,True,True,True,,
87,20,225,0.5,True,True,True,,
87,20,225,1.0,True,True,True,,
87,20,270,0.5,True,True,True,,
87,20,270,1.0,True,True,True,,
87,20,315,0.5,True,True,True,,
87,20,315,1.0,True,True,True,,
87,40,45,0.5,True,True,True,,
87,40,45,1.0,True,True,True,,
87,40,90,1.0,True,True,True,,
87,40,135,0.5,True,True,True,,
87,40,135,1.0,True,True,True,,
87,40,180,0.5,True,True,True,,
87,40,180,1.0,True,True,True,,
87,40,225,0.5,True,True,True,,
87,40,225,1.0,True,True,True,,
87,40,270,0.5,True,True,True,,
87,40,270,1.0,True,True,True,,
87,40,315,0.5,True,True,True,,
87,40,315,1.0,True,True,True,,
87,60,0,0.5,True,True,True,,
87,60,0,1.0,True,True,True,,
87,60,45,0.5,True,True,True,,
87,60,45,1.0,True,True,True,,
87,60,90,0.5,True,True,True,,
87,60,90,1.0,True,True,True,,
87,60,135,0.5,True,True,True,,
87,60,135,1.0,True,True,True,,
87,60,180,0.5,True,True,True,,
87,60,180,1.0,True,True,True,,
87,60,225,0.5,True,True,True,,
87,60,225,1.0,True,True,True,,
87,60,270,0.5,True,True,True,,
87,60,270,1.0,True,True,True,,
87,60,315,0.5,True,True,True,,
87,60,315,1.0,True,True,True,,
102,20,0,1.0,True,True,True,,
102,20,45,0.5,True,True,True,,
102,20,45,1.0,True,True,True,,
102,20,90,0.5,True,True,True,,
102,20,90,1.0,True,True,True,,
102,20,135,0.5,True,True,True,,
102,20,135,1.0,True,True,True,,
102,20,180,0.5,True,True,True,,
102,20,180,1.0,True,True,True,,
102,20,225,0.5,True,True,True,,
102,20,225,1.0,True,True,True,,
102,20,270,0.5,True,True,True,,
102,20,270,1.0,True,True,True,,
102,20,315,0.5,True,True,True,,
102,20,315,1.0,True,True,True,,
102,40,45,0.5,True,True,True,,
102,40,45,1.0,True,True,True,,
102,40,90,1.0,True,True,True,,
102,40,135,0.5,True,True,True,,
102,40,135,1.0,True,True,True,,
102,40,180,0.5,True,True,True,,
102,40,180,1.0,True,True,True,,
102,40,225,0.5,True,True,True,,
102,40,225,1.0,True,True,True,,
102,40,270,0.5,True,True,True,,
102,40,270,1.0,True,True,True,,
102,40,315,0.5,True,True,True,,
102,40,315,1.0,True,True,True,,
102,60,0,0.5,True,True,True,,
102,60,0,1.0,True,True,True,,
102,60,45,0.5,True,True,True,,
102,60,45,1.0,True,True,True,,
102,60,90,0.5,True,True,True,,
102,60,90,1.0,True,True,True,,
102,60,135,0.5,True,True,True,,
102,60,135,1.0,True,True,True,,
102,60,180,0.5,True,True,True,,
102,60,180,1.0,True,True,True,,
102,60,225,0.5,True,True,True,,
102,60,225,1.0,True,True,True,,
102,60,270,0.5,True,True,True,,
102,60,270,1.0,True,True,True,,
102,60,315,0.5,True,True,True,,
102,60,315,1.0,True,True,True,,
103,20,0,1.0,True,True,True,,
103,20,45,0.5,True,True,True,,
103,20,45,1.0,True,True,True,,
103,20,90,0.5,True,True,True,,
103,20,90,1.0,True,True,True,,
103,20,135,0.5,True,True,True,,
103,20,135,1.0,True,True,True,,
103,20,180,0.5,True,True,True,,
103,20,180,1.0,True,True,True,,
103,20,225,0.5,True,True,True,,
103,20,225,1.0,True,True,True,,
103,20,270,0.5,True,True,True,,
103,20,270,1.0,True,True,True,,
103,20,315,0.5,True,True,True,,
103,20,315,1.0,True,True,True,,
103,40,45,0.5,True,True,True,,
103,40,45,1.0,True,True,True,,
103,40,90,1.0,True,True,True,,
103,40,135,0.5,True,True,True,,
103,40,135,1.0,True,True,True,,
103,40,180,0.5,True,True,True,,
103,40,180,1.0,True,True,True,,
103,40,225,0.5,True,True,True,,
103,40,225,1.0,True,True,True,,
103,40,270,0.5,True,True,True,,
103,40,270,1.0,True,True,True,,
103,40,315,0.5,True,True,True,,
103,40,315,1.0,True,True,True,,
103,60,0,0.5,True,True,True,,
103,60,0,1.0,True,True,True,,
103,60,45,0.5,True,True,True,,
103,60,45,1.0,True,True,True,,
103,60,90,0.5,True,True,True,,
103,60,90,1.0,True,True,True,,
103,60,135,0.5,True,True,True,,
103,60,135,1.0,True,True,True,,
103,60,180,0.5,True,True,True,,
103,60,180,1.0,True,True,True,,
103,60,225,0.5,True,True,True,,
103,60,225,1.0,True,True,True,,
103,60,270,0.5,True,True,True,,
103,60,270,1.0,True,True,True,,
103,60,315,0.5,True,True,True,,
103,60,315,1.0,True,True,True,,
