run,split,role,duration_s,windows,median_mean_log_feature_change,max_mean_log_feature_change,max_single_log_feature_change,max_outside_processed_change
expanded,train,query,0.5,80,0.0035791047787854103,0.007754552918472417,0.04866585911852184,0.0
expanded,train,support,0.25,50,0.005873865436385511,0.01160055353533764,0.1009936483616487,0.0
expanded,train,support,0.5,50,0.003766852755139126,0.0078987474107893,0.04186408433654876,0.0
expanded,train,support,1.0,50,0.0025959098289714743,0.009233560583680248,0.07367869209132527,0.0
expanded,val,query,0.5,8,0.004144781977011083,0.008395084166299726,0.03801642389466586,0.0
expanded,val,support,0.25,10,0.006951165707569736,0.010010924197603749,0.07075102993094351,0.0
expanded,val,support,0.5,10,0.005121101095914035,0.007081532226571906,0.040682129593397676,0.0
expanded,val,support,1.0,10,0.0031520805841848696,0.005236822946234447,0.025847025612938612,0.0
initial,train,query,0.5,80,0.0035791047787854103,0.007754552918472417,0.04866585911852184,0.0
initial,train,support,0.5,10,0.004152906301309617,0.006259720803098949,0.036693279808539536,0.0
initial,val,query,0.5,8,0.004144781977011083,0.008395084166299726,0.03801642389466586,0.0
initial,val,support,0.5,2,0.004558360109259146,0.004969456291880309,0.02490532041490079,0.0
omitted,train,query,0.5,120,0.003814866738503307,0.007780507683763239,0.05755494070358047,0.0
omitted,train,support,0.25,50,0.005873865436385511,0.01160055353533764,0.1009936483616487,0.0
omitted,train,support,0.5,50,0.003766852755139126,0.0078987474107893,0.04186408433654876,0.0
omitted,train,support,1.0,50,0.0025959098289714743,0.009233560583680248,0.07367869209132527,0.0
omitted,val,query,0.5,20,0.00435263645069257,0.0072384973535763895,0.037100633110616066,0.0
omitted,val,support,0.25,10,0.006951165707569736,0.010010924197603749,0.07075102993094351,0.0
omitted,val,support,0.5,10,0.005121101095914035,0.007081532226571906,0.040682129593397676,0.0
omitted,val,support,1.0,10,0.0031520805841848696,0.005236822946234447,0.025847025612938612,0.0
