model,protocol,duration_s,log_power_mae,modeled_band_total_rms_error,surfaces,evaluation_partition,run,preparation
conditions_only,single,0.5,0.3225429058074951,0.3123810551492333,2,selection,initial,historical
copy,single,0.5,0.4606820201049323,0.621735040639859,2,selection,initial,historical
encoder,single,0.5,0.7910249767204125,0.5673043336110206,2,selection,initial,historical
encoder_wrong_support,single,0.5,0.7758280436197916,0.5641857017289527,2,selection,initial,historical
retrieval,single,0.5,0.17237372479866023,0.12028336187742136,2,selection,initial,historical
conditions_only,single,0.5,0.3225057499661472,0.31233531411634824,2,selection,initial,bounded
copy,single,0.5,0.4606558006254449,0.621623409058136,2,selection,initial,bounded
encoder,single,0.5,0.7757745074729125,0.5483245104092941,2,selection,initial,bounded
encoder_wrong_support,single,0.5,0.7676243546108406,0.5507898530545414,2,selection,initial,bounded
fixed_features,single,0.5,0.20701767692749895,0.18908951374187966,2,selection,initial,bounded
retrieval,single,0.5,0.17264785375033764,0.12022631239719117,2,selection,initial,bounded
speed_rescaling,single,0.5,0.4772870806970245,0.5733588627563018,2,selection,initial,bounded
conditions_only,single,0.5,0.3225429211166146,0.3123810556959564,2,selection,expanded,historical
copy,single,0.5,0.4606820201049323,0.621735040639859,2,selection,expanded,historical
encoder,single,0.5,0.2492009395112594,0.281866200514281,2,selection,expanded,historical
encoder_wrong_support,single,0.5,0.5836890265345573,0.3534438870839089,2,selection,expanded,historical
fixed_features,single,0.5,0.2005809620008718,0.21319193177095574,2,selection,expanded,historical
retrieval,single,0.5,0.17237372479866023,0.12028336187742136,2,selection,expanded,historical
speed_rescaling,single,0.5,0.47866056851380107,0.5824596238321398,2,selection,expanded,historical
conditions_only,single,0.5,0.3225057499661472,0.3123353141163484,2,selection,expanded,bounded
copy,single,0.5,0.4606558006254449,0.621623409058136,2,selection,expanded,bounded
encoder,single,0.5,0.25125244321922463,0.2733213514705044,2,selection,expanded,bounded
encoder_wrong_support,single,0.5,0.5935929976403713,0.356451748413163,2,selection,expanded,bounded
fixed_features,single,0.5,0.20160563357256547,0.21369893927808498,2,selection,expanded,bounded
retrieval,single,0.5,0.17264785375033764,0.12022631239719117,2,selection,expanded,bounded
speed_rescaling,single,0.5,0.4785026576507496,0.5823690089168708,2,selection,expanded,bounded
conditions_only,single,0.5,0.3053351627045721,0.4544068421774752,2,selection,omitted,historical
copy,single,0.5,0.6784657393394741,0.8718652421536321,2,selection,omitted,historical
encoder,single,0.5,0.2793629260526763,0.5056411364848239,2,selection,omitted,historical
encoder_wrong_support,single,0.5,0.45171384844515056,0.5472522778223724,2,selection,omitted,historical
fixed_features,single,0.5,0.24230051848679768,0.34699119482880536,2,selection,omitted,historical
retrieval,single,0.5,0.1557754917415259,0.09496146381166462,2,selection,omitted,historical
speed_rescaling,single,0.5,0.6441558872689916,0.8003195083257006,2,selection,omitted,historical
conditions_only,single,0.5,0.35445017528470246,0.8931604146990466,2,transfer,omitted,historical
copy,single,0.5,0.6678174601535818,1.2993035818740575,2,transfer,omitted,historical
encoder,single,0.5,0.3157953955233097,0.9430938503827524,2,transfer,omitted,historical
encoder_wrong_support,single,0.5,0.4974833739300569,0.9644590522222518,2,transfer,omitted,historical
fixed_features,single,0.5,0.3098496695118321,0.8377326954367759,2,transfer,omitted,historical
retrieval,single,0.5,0.3297750557118863,0.7595088261806147,2,transfer,omitted,historical
speed_rescaling,single,0.5,0.6536289238987345,1.2072819816672795,2,transfer,omitted,historical
conditions_only,single,0.5,0.30517300601332875,0.4544320935771835,2,selection,omitted,bounded
copy,single,0.5,0.67858424011695,0.8718547514641154,2,selection,omitted,bounded
encoder,single,0.5,0.27638204644123715,0.47448993805483863,2,selection,omitted,bounded
encoder_wrong_support,single,0.5,0.4526562276813719,0.5202638493545,2,selection,omitted,bounded
fixed_features,single,0.5,0.24282571775991044,0.344377507114983,2,selection,omitted,bounded
retrieval,single,0.5,0.15630075246011038,0.09499688002209955,2,selection,omitted,bounded
speed_rescaling,single,0.5,0.6437063882661392,0.8003471083704163,2,selection,omitted,bounded
conditions_only,single,0.5,0.35392729700923864,0.89340126988469,2,transfer,omitted,bounded
copy,single,0.5,0.6675958744642572,1.2993736702765846,2,transfer,omitted,bounded
encoder,single,0.5,0.3141448746124903,0.9190781849470175,2,transfer,omitted,bounded
encoder_wrong_support,single,0.5,0.49937418724099797,0.9411176746923717,2,transfer,omitted,bounded
fixed_features,single,0.5,0.30958697956275405,0.8355396852887749,2,transfer,omitted,bounded
retrieval,single,0.5,0.32995087693555814,0.7598086911029271,2,transfer,omitted,bounded
speed_rescaling,single,0.5,0.6534373169702488,1.2073858645203277,2,transfer,omitted,bounded
